poche|langue|special|prix
1|FR|1|8.118
1|JP|0|29.40
1|JP|0|12.49
0|EN|0|26.01
1|FR|0|18.05
0|FR|0|27.63
0|FR|0|28.16
0|FR|0|7.606
1|EN|0|10.82
0|EN|0|21.73
1|JP|0|16.26
0|FR|0|8.622
1|EN|0|18.99
0|EN|0|8.241
0|JP|0|22.98
0|JP|0|29.37
1|JP|0|15.72
1|EN|0|24.54
0|FR|0|13.99
0|JP|0|9.954
0|EN|0|23.13
1|FR|0|14.75
1|EN|0|13.19
0|JP|0|6.248
1|JP|0|6.498
0|FR|0|16.52
1|EN|0|14.59
1|FR|0|23.90
0|EN|0|22.84
1|JP|0|17.82
0|FR|0|28.03
0|FR|0|21.25
0|EN|0|22.66
1|JP|0|29.70
0|FR|0|7.675
0|FR|0|24.45
1|JP|0|8.286
1|FR|0|25.19
0|FR|0|20.86
1|JP|0|18.69
1|FR|0|29.19
1|JP|0|12.61
0|EN|0|7.719
0|FR|0|23.07
1|JP|0|20.03
0|JP|0|30.46
1|EN|0|21.43
1|FR|0|27.60
0|FR|0|28.78
0|FR|0|20.71
1|FR|0|13.20
1|EN|0|5.980
0|FR|0|22.57
1|FR|0|8.209
1|JP|0|23.46
1|FR|0|20.36
1|JP|0|17.62
1|FR|0|21.64
1|JP|0|19.90
0|EN|0|9.511
1|FR|0|24.23
0|JP|0|13.79
0|FR|0|29.02
1|JP|0|12.94
1|FR|0|24.27
1|FR|0|21.77
1|JP|0|5.538
1|FR|0|13.52
1|FR|0|17.79
0|EN|0|11.55
0|EN|0|19.26
0|FR|0|19.37
1|FR|0|9.051
0|EN|0|15.67
1|JP|0|10.59
0|FR|0|19.94
1|FR|0|18.00
0|EN|0|16.42
0|FR|0|11.28
1|FR|0|30.18
1|EN|0|23.30
1|FR|0|16.85
1|EN|0|24.76
0|EN|0|29.81
1|FR|0|12.70
0|JP|0|10.33
0|FR|0|17.17
1|FR|0|10.94
1|EN|0|15.13
0|JP|0|9.090
1|JP|0|23.69
0|JP|0|20.41
1|FR|0|29.31
0|JP|0|26.20
1|FR|0|24.90
0|FR|0|14.43
0|FR|0|6.615
0|JP|0|13.43
1|EN|0|25.04
1|FR|0|28.76
1|EN|0|7.589
0|FR|0|22.49
0|FR|0|7.537
0|EN|0|29.87
1|FR|0|23.85
1|EN|0|9.971
1|FR|0|15.81
1|FR|0|14.57
0|FR|0|14.50
0|FR|0|6.861
1|FR|0|26.33
0|FR|0|11.38
1|FR|0|8.082
0|FR|0|7.475
1|FR|0|17.75
0|JP|0|10.25
0|FR|0|14.23
1|JP|0|10.20
1|FR|0|19.57
1|EN|0|25.14
1|EN|0|14.38
0|FR|0|21.13
0|EN|0|24.05
1|JP|0|27.69
0|FR|0|16.40
1|FR|0|5.672
0|FR|0|14.68
0|FR|0|30.41
1|JP|0|17.65
0|EN|0|11.88
0|FR|0|17.16
0|FR|0|29.15
1|FR|0|29.64
1|FR|0|5.687
0|EN|0|7.047
1|FR|0|15.24
1|FR|0|20.39
0|FR|0|23.32
0|FR|0|27.27
1|EN|0|26.83
1|FR|0|6.493
1|FR|0|29.95
0|JP|0|21.48
1|FR|0|11.51
0|EN|0|7.854
1|EN|0|25.17
0|JP|0|27.69
0|JP|0|14.83
1|JP|0|14.94
0|JP|0|16.33
0|JP|0|9.665
0|FR|0|9.387
1|EN|0|11.94
1|FR|0|23.81
1|EN|0|17.96
0|FR|0|29.54
0|FR|0|30.35
1|EN|0|7.057
1|EN|0|25.77
1|EN|0|17.62
0|JP|0|15.78
1|JP|0|21.69
0|JP|0|5.704
0|JP|0|5.838
1|FR|0|19.76
1|JP|0|27.01
1|FR|0|29.08
0|EN|0|19.31
1|EN|0|25.16
0|EN|0|15.31
0|FR|0|17.28
0|FR|0|30.07
0|JP|0|22.12
1|EN|0|15.51
1|FR|0|18.62
1|FR|0|8.923
1|JP|0|29.82
0|EN|0|6.499
0|FR|0|29.54
0|FR|0|13.15
0|JP|0|20.62
1|FR|0|22.31
1|FR|0|20.14
1|EN|0|18.64
0|FR|0|5.611
1|EN|0|18.64
0|FR|0|14.96
0|EN|0|20.76
1|FR|0|14.40
1|EN|0|30.10
1|FR|0|11.61
1|EN|0|14.21
1|EN|0|5.736
0|JP|0|25.40
0|EN|0|15.93
1|JP|0|18.49
0|EN|0|7.398
0|FR|0|12.22
1|JP|0|23.98
0|JP|0|13.24
1|FR|0|22.77
0|JP|0|14.59
1|FR|0|16.31
0|JP|0|17.47
1|EN|0|22.78
1|JP|0|29.79
0|FR|0|21.82
0|EN|0|26.27
1|EN|0|26.30
1|JP|0|10.33
1|FR|0|5.583
1|EN|0|25.88
1|EN|0|22.81
0|JP|0|22.99
0|FR|0|17.57
0|FR|0|7.133
0|FR|0|9.842
0|FR|0|6.168
0|EN|0|22.16
0|EN|0|23.01
0|FR|0|18.49
0|JP|0|17.63
0|JP|0|28.69
0|FR|0|16.58
0|FR|0|11.16
0|FR|0|21.14
0|FR|0|21.26
1|FR|0|8.343
0|JP|0|18.98
1|JP|0|20.62
0|EN|0|28.02
0|EN|0|29.97
0|FR|0|9.590
1|JP|0|14.03
1|FR|0|28.36
0|FR|0|21.32
1|JP|0|23.57
1|FR|0|13.96
1|EN|0|20.94
0|FR|0|25.57
1|JP|0|7.525
1|FR|0|24.77
1|EN|0|15.19
1|EN|0|12.85
1|FR|0|22.58
1|FR|0|12.32
0|FR|0|27.84
0|JP|0|29.76
1|FR|0|7.407
0|FR|0|22.34
0|FR|0|11.47
0|JP|0|23.59
1|FR|0|11.88
0|FR|0|11.82
0|JP|0|18.76
0|JP|0|30.21
0|JP|0|20.91
0|FR|0|7.029
0|FR|0|23.75
1|JP|0|29.27
0|EN|0|8.924
1|JP|0|19.01
1|EN|0|10.16
1|FR|0|30.23
0|FR|0|16.47
0|FR|0|5.867
0|JP|0|27.72
1|JP|0|7.658
0|FR|0|21.17
1|FR|0|19.92
0|EN|0|8.278
0|JP|0|19.23
1|JP|0|11.41
0|FR|0|20.58
0|EN|0|15.78
1|JP|0|15.77
1|FR|0|15.18
1|EN|0|27.16
1|FR|0|19.10
0|FR|0|15.10
0|JP|0|27.77
1|EN|0|28.09
0|EN|0|14.70
0|EN|0|30.12
1|FR|0|12.25
1|FR|0|11.66
1|FR|0|12.08
1|FR|0|23.01
1|FR|0|11.51
1|EN|0|6.940
0|FR|0|24.23
1|JP|0|22.58
1|JP|0|8.654
0|FR|0|25.64
0|FR|0|19.76
0|JP|0|20.01
1|FR|0|30.08
1|JP|0|23.30
1|JP|0|10.49
1|EN|0|7.761
0|FR|0|20.14
1|FR|0|21.49
0|JP|0|28.98
0|FR|0|7.514
1|FR|0|25.39
0|JP|0|10.58
0|JP|0|6.037
0|FR|0|18.19
1|FR|0|8.770
0|FR|0|19.01
0|FR|0|19.41
1|EN|0|25.13
1|FR|0|7.114
0|FR|0|23.50
1|EN|0|20.97
0|FR|0|22.47
1|JP|0|14.78
1|FR|0|25.29
0|EN|0|15.86
1|EN|0|27.66
1|EN|0|9.361
0|JP|0|11.58
1|FR|0|17.18
0|FR|0|22.72
0|EN|0|8.953
0|EN|0|18.89
0|FR|0|21.73
1|JP|0|10.20
0|JP|0|6.576
0|JP|0|10.27
1|FR|0|22.69
0|EN|0|22.46
1|FR|0|23.65
1|JP|0|17.44
0|EN|0|29.48
1|EN|0|13.94
0|JP|0|12.28
1|FR|0|25.75
1|EN|0|17.41
0|JP|0|9.704
1|FR|0|20.16
1|FR|0|23.57
0|FR|0|26.54
0|JP|0|25.06
0|FR|0|14.39
1|EN|0|8.669
0|FR|0|11.60
1|JP|0|28.72
1|EN|0|17.61
1|EN|0|6.282
0|FR|0|14.95
1|JP|0|19.22
0|FR|0|12.85
1|FR|0|19.93
1|FR|0|28.24
1|JP|0|7.247
1|JP|0|29.38
1|FR|0|14.10
0|FR|0|28.13
0|FR|0|8.788
1|FR|0|27.89
0|FR|0|28.07
0|JP|0|12.97
0|JP|0|22.85
0|FR|0|8.593
1|JP|0|8.496
1|FR|0|27.93
0|FR|0|9.816
1|FR|0|13.38
1|FR|0|29.74
1|FR|0|10.84
0|EN|0|19.83
1|JP|0|14.76
1|EN|0|23.54
1|JP|0|27.57
1|EN|0|12.26
1|FR|0|8.348
1|FR|0|12.83
0|FR|0|12.92
0|EN|0|17.44
0|FR|0|14.95
1|EN|0|30.45
1|FR|0|10.19
0|JP|0|29.83
0|EN|0|21.28
1|FR|0|27.68
0|EN|0|12.93
1|EN|0|24.48
0|EN|0|27.78
1|FR|0|24.35
1|EN|0|13.44
1|JP|0|21.34
0|FR|0|29.54
1|FR|0|28.77
1|JP|0|18.68
1|JP|0|9.110
0|EN|0|28.36
1|FR|0|30.48
0|JP|0|27.01
1|JP|0|16.49
1|JP|0|12.57
1|FR|0|10.62
0|JP|0|14.69
1|FR|0|14.37
0|JP|0|12.46
1|EN|0|29.85
1|FR|0|27.96
1|JP|0|20.43
1|FR|0|9.629
0|FR|0|25.51
0|EN|0|10.17
0|FR|0|30.48
0|JP|0|12.37
0|FR|0|14.41
1|JP|0|18.77
1|FR|0|29.60
1|FR|0|20.09
1|FR|0|17.08
0|FR|0|29.00
0|FR|0|27.28
1|FR|0|22.91
1|FR|0|11.27
0|EN|0|11.62
0|FR|0|20.43
1|FR|0|28.44
0|FR|0|26.27
1|EN|0|17.88
0|JP|0|7.888
1|FR|0|9.174
1|FR|0|22.81
0|JP|0|20.58
0|FR|0|14.60
0|FR|0|16.78
0|FR|0|6.284
1|FR|0|10.60
0|FR|0|18.98
0|EN|0|11.29
1|FR|0|29.94
0|JP|0|14.59
0|JP|0|17.92
1|JP|0|23.97
0|JP|0|22.17
1|EN|0|14.25
1|FR|0|17.17
1|FR|0|24.87
0|FR|0|6.273
0|EN|0|10.84
0|JP|0|8.291
0|EN|0|7.221
1|JP|0|26.29
1|JP|0|21.11
1|EN|0|18.96
1|FR|0|11.58
1|EN|0|7.312
0|JP|0|30.32
0|EN|0|12.71
0|EN|0|25.81
1|FR|0|10.48
1|FR|0|29.97
0|JP|0|24.83
0|JP|0|14.26
1|EN|0|20.00
0|EN|0|10.13
0|EN|0|10.16
1|EN|0|11.51
0|EN|0|19.73
1|FR|0|12.39
0|EN|0|9.698
1|FR|0|6.151
0|EN|0|30.11
0|EN|0|11.41
0|JP|0|18.10
1|FR|0|12.06
1|EN|0|20.47
0|FR|0|20.59
0|EN|0|6.877
0|FR|0|6.056
0|JP|0|23.91
0|JP|0|27.85
1|EN|0|21.82
1|FR|0|6.642
0|JP|0|13.56
1|FR|0|12.54
1|EN|0|10.48
0|JP|0|26.89
1|FR|0|24.67
0|JP|0|7.153
1|FR|0|15.43
1|FR|0|20.07
0|JP|0|25.44
1|JP|0|25.76
1|EN|0|24.22
0|FR|0|8.821
0|FR|0|12.96
1|EN|0|24.09
0|EN|0|21.56
0|JP|0|26.57
1|FR|0|21.85
1|EN|0|9.785
1|FR|0|29.09
0|JP|0|22.17
0|FR|0|11.65
1|FR|0|10.76
0|FR|0|7.884
1|JP|0|10.82
1|FR|0|11.54
0|FR|0|29.80
1|JP|0|24.78
1|FR|0|8.355
0|FR|0|23.99
1|JP|0|9.027
1|FR|0|16.63
1|FR|0|13.57
0|EN|0|26.21
0|FR|0|30.49
1|EN|0|23.00
0|JP|0|25.34
0|FR|0|14.40
1|EN|0|20.02
0|FR|0|28.72
1|FR|0|6.089
1|EN|0|18.36
0|FR|0|29.99
0|FR|0|16.10
0|FR|0|10.62
0|JP|0|27.11
0|JP|0|16.25
0|EN|0|21.40
1|EN|0|28.93
1|FR|0|6.916
1|FR|0|6.013
1|EN|0|21.47
0|EN|0|7.868
1|EN|0|14.16
1|FR|0|12.89
1|FR|0|27.11
1|FR|0|17.80
0|JP|0|27.78
1|JP|0|13.23
0|EN|0|27.85
1|JP|0|7.575
0|FR|0|25.37
1|JP|0|26.22
1|FR|0|19.04
1|FR|0|26.69
0|JP|0|19.68
1|JP|0|11.23
1|FR|0|23.20
0|EN|0|26.99
0|FR|0|28.12
1|JP|0|7.526
1|EN|0|19.51
0|EN|0|21.23
1|FR|0|11.34
1|FR|0|18.54
0|EN|0|28.90
0|FR|0|11.24
1|JP|0|7.796
0|JP|0|19.46
1|EN|0|23.30
1|FR|0|21.36
1|EN|0|27.09
0|EN|0|8.584
0|EN|0|5.588
0|FR|0|11.94
1|FR|0|7.883
1|JP|0|8.242
0|FR|0|16.49
1|FR|0|15.88
1|FR|0|20.03
1|JP|0|19.75
1|FR|0|29.24
1|FR|0|12.54
1|EN|0|26.95
1|FR|0|26.06
0|JP|0|24.75
0|JP|0|8.249
1|FR|0|30.03
0|FR|0|28.05
1|FR|0|5.691
0|FR|0|11.76
0|FR|0|19.58
0|FR|0|13.65
1|FR|0|8.430
1|EN|0|13.79
0|FR|0|23.64
1|JP|0|10.78
0|FR|0|20.46
0|FR|0|18.88
0|EN|0|26.76
0|JP|0|27.13
0|JP|0|27.28
0|EN|0|7.738
0|FR|0|19.75
0|EN|0|15.02
0|FR|0|15.82
0|FR|0|6.281
1|FR|0|10.94
0|FR|0|5.932
0|JP|0|28.43
1|EN|0|11.50
0|FR|0|19.17
1|EN|0|10.48
1|FR|0|18.76
0|FR|0|28.08
0|FR|0|22.61
1|FR|0|6.791
0|JP|0|28.51
1|FR|0|11.61
1|FR|0|9.270
0|FR|0|13.25
1|FR|0|19.23
0|FR|0|11.06
1|FR|0|22.93
0|JP|0|13.14
0|JP|0|28.11
1|FR|0|21.59
0|FR|0|26.16
1|FR|0|20.69
1|JP|0|29.99
0|FR|0|25.68
0|FR|0|10.34
1|JP|0|20.14
1|EN|0|27.44
0|JP|0|25.73
1|FR|0|27.59
1|FR|0|6.477
1|JP|0|18.93
1|EN|0|14.22
1|JP|0|18.56
0|FR|0|20.40
1|FR|0|8.638
0|FR|0|25.87
1|FR|0|9.218
0|JP|0|6.006
1|FR|0|26.55
1|JP|0|17.13
1|FR|0|18.47
0|FR|0|21.90
0|EN|0|26.28
1|FR|0|18.74
1|FR|0|15.59
0|JP|0|6.318
1|FR|0|10.39
1|FR|0|24.27
1|FR|0|28.64
1|JP|0|27.44
1|FR|0|28.44
0|FR|0|7.465
1|FR|0|17.96
0|EN|0|23.83
0|FR|0|21.85
0|FR|0|13.84
0|FR|0|13.29
1|FR|0|6.369
1|JP|0|6.358
0|EN|0|7.845
0|JP|0|19.39
0|EN|0|29.45
1|JP|0|12.86
0|FR|0|9.009
0|JP|0|8.483
1|FR|0|14.81
0|FR|0|19.06
0|JP|0|30.32
0|JP|0|11.78
0|EN|0|25.96
1|FR|0|7.948
1|FR|0|9.179
1|FR|0|9.730
1|FR|0|18.63
0|EN|0|19.83
0|FR|0|10.36
0|FR|0|15.54
1|EN|0|20.76
0|FR|0|15.12
1|FR|0|16.68
1|FR|0|7.774
0|FR|0|28.35
0|EN|0|25.05
0|FR|0|7.842
0|FR|0|18.92
0|EN|0|24.63
0|EN|0|11.04
1|JP|0|27.68
1|FR|0|10.96
1|FR|0|15.14
1|FR|0|13.78
1|JP|0|17.34
1|FR|0|11.00
0|FR|0|14.11
1|FR|0|22.10
0|JP|0|11.01
0|FR|0|29.48
0|FR|0|16.27
1|JP|0|11.19
1|FR|0|20.58
0|FR|0|15.84
1|EN|0|7.293
1|EN|0|25.31
0|EN|0|20.36
1|JP|0|24.82
0|FR|0|25.53
0|JP|0|19.98
1|FR|0|18.70
1|FR|0|22.35
0|JP|0|18.91
0|JP|0|6.247
0|FR|0|25.53
0|JP|0|7.359
1|JP|0|17.89
0|FR|0|28.33
1|FR|0|17.19
0|FR|0|20.16
0|FR|0|7.347
0|JP|0|15.70
1|JP|0|25.49
1|EN|0|22.38
1|FR|0|5.897
1|EN|0|5.858
0|FR|0|12.39
1|JP|0|10.42
1|FR|0|25.52
1|EN|0|8.356
0|FR|0|24.72
0|FR|0|13.92
0|JP|0|11.29
1|JP|0|23.17
1|EN|0|13.68
1|FR|0|9.731
1|JP|0|10.31
0|FR|0|19.23
1|FR|0|11.75
1|FR|0|12.97
1|JP|0|10.70
1|EN|0|15.95
1|JP|0|17.98
1|FR|0|28.38
0|JP|0|24.20
0|EN|0|23.07
1|JP|0|27.91
0|FR|0|13.55
0|JP|0|26.52
0|JP|0|18.59
1|EN|0|27.06
1|FR|0|27.20
0|EN|0|7.559
1|JP|0|21.01
1|JP|0|26.05
1|EN|0|24.44
1|FR|0|11.00
0|JP|0|8.526
0|JP|0|6.424
1|FR|0|19.56
0|FR|0|23.90
0|FR|0|8.882
1|FR|0|10.47
1|FR|0|12.46
1|JP|0|26.92
0|FR|0|18.04
0|JP|0|27.89
1|FR|0|19.37
0|EN|0|5.895
1|EN|0|27.24
1|EN|0|19.88
0|FR|0|26.10
1|FR|0|16.40
1|EN|0|11.12
0|JP|0|19.25
1|EN|0|12.99
1|JP|0|8.009
0|FR|0|12.94
1|FR|0|16.72
0|FR|0|20.92
1|FR|0|9.771
1|EN|0|24.88
1|JP|0|26.19
0|FR|0|18.89
0|FR|0|10.85
1|FR|0|17.01
1|FR|0|7.078
1|FR|0|29.31
0|FR|0|22.88
1|FR|0|15.93
1|FR|0|20.47
0|EN|0|19.74
0|FR|0|16.68
1|FR|0|15.83
0|EN|0|25.74
0|JP|0|28.14
1|JP|0|13.57
1|EN|0|7.577
1|FR|0|6.134
0|FR|0|29.17
0|EN|0|7.468
0|FR|0|26.01
1|FR|0|22.75
0|FR|0|16.65
1|EN|0|27.17
0|EN|0|25.03
0|FR|0|11.99
0|FR|0|26.93
0|FR|0|18.12
1|FR|0|18.85
0|EN|0|26.63
0|JP|0|13.25
1|FR|0|22.88
0|FR|0|7.122
0|EN|0|11.30
1|FR|0|19.10
0|FR|0|17.83
1|EN|0|13.05
1|EN|0|29.07
1|FR|0|13.75
0|FR|0|11.31
1|FR|0|28.64
1|FR|0|24.92
1|FR|0|21.67
0|EN|0|6.347
1|JP|0|14.77
1|FR|0|27.37
1|EN|0|28.82
0|FR|0|15.10
1|JP|0|26.82
1|FR|0|21.81
1|FR|0|27.52
0|FR|0|5.799
1|JP|0|12.56
1|FR|0|30.11
0|EN|0|25.35
0|JP|0|9.648
0|FR|0|26.29
1|FR|0|13.97
1|FR|0|30.05
1|JP|0|21.34
1|FR|0|18.98
1|JP|0|11.25
1|EN|0|8.014
1|FR|0|18.23
0|FR|0|16.73
1|FR|0|25.19
1|FR|0|26.08
0|JP|0|18.64
1|FR|0|24.58
1|JP|0|6.664
0|JP|0|14.49
0|FR|0|9.539
1|EN|0|8.709
0|JP|0|25.22
0|EN|0|12.23
0|EN|0|5.824
0|FR|0|22.59
1|JP|0|27.64
1|FR|0|24.89
1|EN|0|8.273
0|EN|0|6.209
0|EN|0|30.19
1|FR|0|15.03
1|JP|0|19.37
0|FR|0|18.09
0|FR|0|17.53
1|JP|0|26.74
1|JP|0|5.641
1|JP|0|10.62
1|JP|0|9.046
1|FR|0|17.29
0|FR|0|23.19
0|EN|0|13.42
0|FR|0|6.273
0|EN|0|13.41
0|JP|0|14.37
1|EN|0|17.04
1|FR|0|17.27
1|EN|0|6.475
1|EN|0|29.77
0|FR|0|21.02
1|FR|0|23.93
0|JP|0|28.56
1|FR|0|19.91
0|EN|0|16.91
1|EN|0|5.795
1|JP|0|18.06
1|EN|0|25.54
1|FR|0|9.502
0|FR|0|30.40
1|FR|0|15.65
0|EN|0|11.66
0|JP|0|11.48
0|FR|0|23.13
0|EN|0|8.856
1|FR|0|28.18
1|FR|0|6.421
1|FR|0|15.16
0|FR|0|29.23
0|FR|0|21.00
1|FR|0|29.88
0|FR|0|20.30
1|FR|0|30.45
1|FR|0|22.16
1|FR|0|24.27
0|EN|0|25.72
1|EN|0|25.09
1|JP|0|9.657
1|FR|0|13.47
1|EN|0|7.264
1|JP|0|23.57
1|EN|0|9.156
1|EN|0|21.15
1|FR|0|13.03
0|FR|0|11.70
1|FR|0|16.62
1|FR|0|14.71
1|JP|0|29.81
0|JP|0|24.51
0|FR|0|7.786
1|FR|0|5.524
0|EN|0|15.38
0|FR|0|10.05
1|FR|0|28.60
0|FR|0|29.22
0|FR|0|20.27
0|FR|0|21.25
0|FR|0|5.876
0|EN|0|21.20
1|JP|0|11.37
1|EN|0|27.80
1|FR|0|28.93
0|EN|0|14.56
1|FR|0|22.59
0|EN|0|25.70
0|EN|0|20.25
0|EN|0|29.82
1|EN|0|22.67
0|JP|0|18.03
1|EN|0|29.74
0|FR|0|22.10
0|FR|0|26.70
0|EN|0|19.11
1|FR|0|24.89
0|EN|0|21.09
1|JP|0|18.29
0|FR|0|12.93
0|EN|0|13.78
0|JP|0|20.24
0|JP|0|16.63
1|EN|0|12.27
0|FR|0|10.19
0|FR|0|22.00
0|FR|0|28.50
1|JP|0|13.49
0|FR|0|8.286
0|JP|0|12.12
0|FR|0|12.56
1|FR|0|13.02
0|EN|0|14.09
0|FR|0|15.22
0|FR|0|23.12
0|EN|0|7.771
0|FR|0|14.66
0|FR|0|24.51
1|JP|0|25.85
0|JP|0|25.44
0|FR|0|6.360
1|FR|0|15.97
0|JP|0|18.25
1|FR|0|5.519
0|FR|0|23.42
0|FR|0|13.39
1|FR|0|29.28
0|FR|0|7.283
1|JP|0|29.72
0|FR|0|21.95
1|FR|0|25.70
0|FR|0|25.16
0|FR|0|17.84
0|FR|0|9.919
0|FR|0|9.305
1|JP|0|23.28
0|FR|0|16.49
0|EN|0|8.976
0|FR|0|16.31
1|EN|0|26.26
1|FR|0|8.937
0|JP|0|24.18
0|EN|0|15.67
1|JP|0|20.22
0|JP|0|26.54
0|EN|0|21.18
1|EN|0|10.85
1|FR|0|5.995
1|JP|0|29.90
1|FR|0|17.61
0|FR|0|15.55
1|EN|0|11.80
0|FR|0|14.37
0|FR|0|25.48
1|FR|0|28.95
1|FR|0|14.50
1|FR|0|6.784
0|JP|0|19.28
1|EN|0|17.58
0|FR|0|14.94
1|JP|0|23.74
1|JP|0|28.16
0|FR|0|8.558
1|EN|0|11.57
0|JP|0|8.052
1|FR|0|9.493
0|FR|0|19.00
0|JP|0|27.65
0|JP|0|8.037
1|JP|0|7.553
0|JP|0|20.82
0|JP|0|26.10
0|JP|0|7.970
1|FR|0|6.984
0|FR|0|16.02
1|JP|0|18.45
1|FR|0|17.52
1|JP|0|15.55
1|EN|0|22.32
0|JP|0|13.84
0|FR|0|23.43
0|EN|0|25.35
0|JP|0|18.83
1|JP|0|18.45
1|FR|0|12.95
1|EN|0|29.68
1|FR|0|19.44
1|JP|0|12.27
0|FR|0|13.98
0|JP|0|7.380
1|FR|0|12.19
1|EN|0|6.213
0|FR|0|22.71
1|JP|0|11.52
1|JP|0|25.12
1|EN|0|26.55
1|FR|0|22.70
1|FR|0|28.15
0|EN|0|24.16
0|FR|0|26.02
1|EN|0|27.81
1|JP|0|8.564
0|FR|0|26.08
0|FR|0|23.23
0|JP|0|23.07
1|FR|0|10.55
1|JP|0|14.64
1|FR|0|20.83
0|FR|0|18.15
0|FR|0|22.02
1|FR|0|11.25
1|FR|0|26.07
1|FR|0|14.50
0|FR|0|6.683
1|FR|0|21.44
0|JP|0|13.21
1|FR|0|8.492
1|FR|0|10.93
1|FR|0|13.68
1|JP|0|25.43
0|JP|0|13.68
0|JP|0|22.81
0|EN|0|23.53
1|JP|0|25.48
1|EN|0|12.87
0|FR|0|19.53
0|JP|0|28.56
1|FR|0|18.93
1|FR|0|24.20
1|JP|0|16.93
1|EN|0|7.303
1|FR|0|15.92
0|JP|0|7.041
0|FR|0|12.35
0|EN|0|18.71
0|JP|0|14.89
0|FR|0|16.33
0|EN|0|11.42
0|FR|0|18.81
1|JP|0|28.11
0|JP|0|6.438
1|JP|0|29.52
1|JP|0|15.86
0|FR|0|22.26
0|FR|0|16.56
0|JP|0|5.955
0|FR|0|5.840
0|EN|0|18.83
1|EN|0|30.48
1|FR|0|16.99
0|JP|0|26.91
0|FR|0|24.92
0|FR|0|18.39
0|EN|0|20.44
1|JP|0|29.20
1|EN|0|24.54
0|JP|0|13.87
0|FR|0|12.17
0|EN|0|17.18
0|JP|0|19.43
1|EN|0|10.85
1|JP|0|27.72
0|EN|0|17.50
0|JP|0|15.82
1|FR|0|12.59
0|JP|0|25.27
1|FR|0|22.52
0|JP|0|11.41
1|EN|0|12.00
1|FR|0|24.58
0|JP|0|22.93
1|FR|0|19.16
1|JP|0|16.65
0|EN|0|14.91
1|FR|0|25.55
1|FR|0|12.59
1|EN|0|14.73
1|EN|0|11.31
1|JP|0|22.70
1|FR|0|14.10
1|FR|0|14.46
0|FR|0|10.69
0|FR|0|7.047
0|JP|0|18.23
1|FR|0|6.992
0|FR|0|27.88
0|FR|0|24.06
1|EN|0|7.340
1|EN|0|29.08
0|FR|0|25.47
1|FR|0|14.45
1|JP|0|18.14
0|FR|0|21.56
1|JP|0|15.48
1|EN|0|22.12
0|FR|0|25.26
0|FR|0|7.535
1|JP|0|29.22
1|JP|0|8.691
1|EN|0|24.90
1|FR|0|30.44
0|JP|0|27.58
0|EN|0|30.05
1|EN|0|21.07
1|FR|0|12.48
1|JP|0|19.90
0|EN|0|8.718
0|FR|0|21.58
0|FR|0|8.357
1|EN|0|19.11
0|FR|0|13.15
1|JP|0|28.05
0|EN|0|7.961
0|FR|0|16.77
0|EN|0|29.90
1|FR|0|23.02
1|JP|0|7.605
0|FR|0|25.93
1|JP|0|20.00
0|FR|0|7.454
1|EN|0|16.00
0|FR|0|6.725
1|FR|0|19.01
0|EN|0|10.92
0|FR|0|21.99
0|JP|0|8.285
0|FR|0|19.22
0|FR|0|13.64
0|FR|0|26.83
1|EN|0|25.94
1|FR|0|23.65
0|FR|0|25.05
1|EN|0|6.806
1|EN|0|27.31
1|FR|0|20.83
0|FR|0|17.89
1|JP|0|15.70
1|EN|0|17.65
1|FR|0|15.08
0|FR|0|24.85
1|FR|0|9.165
0|FR|0|28.01
1|EN|0|8.968
0|FR|0|27.53
0|FR|0|13.95
0|JP|0|10.26
0|FR|0|14.01
0|EN|0|8.891
0|EN|0|20.99
0|FR|0|11.27
0|EN|0|23.35
0|EN|0|6.513
0|EN|0|29.54
1|JP|0|30.49
1|FR|0|6.361
1|JP|0|27.61
1|JP|0|24.02
1|JP|0|25.18
0|EN|0|29.23
1|EN|0|16.35
0|JP|0|29.46
0|FR|0|16.95
0|FR|0|9.627
0|JP|0|28.54
1|FR|0|15.09
1|JP|0|14.69
1|EN|0|26.38
0|FR|0|26.53
1|EN|0|8.387
1|FR|0|23.47
1|FR|0|30.45
1|EN|0|9.417
1|JP|0|22.73
0|FR|0|10.07
1|FR|0|6.045
1|EN|0|23.40
1|JP|0|17.44
0|FR|0|17.01
1|FR|0|22.54
0|FR|0|18.13
0|FR|0|19.89
0|EN|0|10.95
0|FR|0|16.90
0|JP|0|14.99
1|FR|0|26.34
1|FR|0|14.09
0|JP|0|6.467
1|EN|0|24.41
0|EN|0|13.74
1|EN|0|25.73
1|FR|0|26.77
1|FR|0|10.02
0|EN|0|16.13
1|FR|0|26.47
1|EN|0|12.41
0|FR|0|21.34
0|JP|0|25.59
0|FR|0|27.70
0|FR|0|25.20
0|JP|0|6.238
0|JP|0|21.90
1|EN|0|22.96
1|FR|0|27.07
0|EN|0|19.23
0|EN|0|21.44
1|FR|0|26.66
1|FR|0|16.00
1|FR|0|6.436
1|FR|0|15.26
1|EN|0|17.58
0|EN|0|11.97
0|FR|0|11.22
0|FR|0|24.05
1|FR|0|14.60
0|FR|0|14.69
1|EN|0|9.797
0|EN|0|15.14
0|JP|0|19.52
0|FR|0|22.84
1|EN|0|18.76
0|FR|0|25.23
0|EN|0|7.665
1|EN|0|20.74
0|FR|0|18.61
1|JP|0|5.613
1|FR|0|12.92
0|JP|0|12.89
0|EN|0|16.27
1|FR|0|29.12
0|FR|0|16.15
1|EN|0|17.26
0|FR|0|25.29
0|EN|0|22.52
0|FR|0|26.80
1|FR|0|17.31
1|JP|0|30.22
0|FR|0|16.90
0|EN|0|20.70
1|FR|0|17.50
1|FR|0|17.55
1|FR|0|24.29
0|FR|0|19.16
0|FR|0|25.79
0|FR|0|6.372
1|FR|0|13.79
0|FR|0|25.36
0|JP|0|6.953
1|FR|0|28.45
1|FR|0|8.103
0|EN|0|7.009
0|EN|0|11.24
0|FR|0|25.06
1|EN|0|5.565
1|FR|0|19.66
0|EN|0|5.650
1|FR|0|28.91
1|FR|0|28.44
1|FR|0|28.31
0|EN|0|6.557
0|FR|0|17.51
0|JP|0|15.55
0|FR|0|15.45
0|FR|0|21.43
0|EN|0|14.00
0|JP|0|23.44
1|JP|0|25.21
1|JP|0|6.794
0|FR|0|19.18
1|FR|0|27.79
1|JP|0|25.71
1|EN|0|15.70
1|EN|0|23.79
1|EN|0|6.333
0|JP|0|6.706
0|FR|0|13.06
0|FR|0|7.198
1|JP|0|14.68
0|FR|0|14.33
0|EN|0|13.99
1|FR|0|9.179
0|FR|0|19.30
0|EN|0|6.912
1|EN|0|12.85
1|FR|0|17.73
1|EN|0|27.06
0|EN|0|13.96
1|EN|0|29.27
0|JP|0|14.97
1|FR|0|6.582
1|JP|0|22.16
0|JP|0|18.25
0|JP|0|15.25
0|FR|0|24.10
1|FR|0|25.56
0|JP|0|12.29
0|FR|0|18.18
1|FR|0|17.03
0|FR|0|7.302
0|FR|0|25.25
0|FR|0|12.13
0|EN|0|20.29
0|EN|0|28.75
1|FR|0|22.32
0|FR|0|28.40
1|FR|0|9.594
0|EN|0|14.59
0|FR|0|30.41
1|FR|0|24.61
1|FR|0|15.76
0|JP|0|7.819
1|EN|0|8.369
1|EN|0|26.49
1|FR|0|27.08
0|EN|0|18.89
1|EN|0|25.60
1|EN|0|11.39
1|FR|0|6.776
0|JP|0|19.60
1|JP|0|13.15
1|JP|0|15.47
0|EN|0|5.654
0|FR|0|15.56
0|JP|0|8.600
1|EN|0|17.11
1|EN|0|18.63
0|FR|0|16.23
1|EN|0|21.64
0|FR|0|7.825
1|EN|0|14.00
1|EN|0|9.591
0|EN|0|19.78
0|FR|0|13.21
1|EN|0|29.93
1|FR|0|29.32
0|FR|0|24.89
0|FR|0|26.83
1|FR|0|8.390
0|EN|0|9.702
1|EN|0|7.914
0|FR|0|10.58
0|FR|0|28.98
1|FR|0|11.38
1|EN|0|25.54
1|EN|0|29.12
0|JP|0|8.022
1|JP|0|20.20
0|EN|0|16.94
1|FR|0|9.661
0|FR|0|14.56
1|JP|0|30.46
1|JP|0|7.179
0|FR|0|29.43
0|FR|0|14.78
0|EN|0|10.29
0|JP|0|18.30
1|EN|0|28.40
0|FR|0|21.09
1|FR|0|21.92
0|EN|0|10.00
0|FR|0|23.33
0|JP|0|29.17
0|FR|0|29.78
1|EN|0|15.96
1|EN|0|17.42
0|FR|0|10.56
1|EN|0|18.52
0|FR|0|22.99
0|FR|0|28.45
0|EN|0|29.39
1|FR|0|6.972
1|FR|0|24.44
1|FR|0|21.92
1|FR|0|10.15
1|FR|0|20.03
1|EN|0|13.80
1|FR|0|26.57
1|EN|0|22.68
1|JP|0|13.83
1|JP|0|27.91
1|EN|0|12.19
0|FR|0|28.41
1|FR|0|6.827
0|EN|0|29.44
0|FR|0|24.31
0|FR|0|18.69
0|FR|0|11.57
1|EN|0|18.80
1|FR|0|13.80
0|FR|0|27.90
0|FR|0|28.55
0|JP|0|7.285
0|EN|0|23.16
1|FR|0|27.79
1|JP|0|30.03
0|FR|0|16.93
0|FR|0|30.18
0|FR|0|20.59
0|FR|0|19.97
1|FR|0|27.23
1|EN|0|8.879
1|FR|0|11.84
0|EN|0|23.09
0|FR|0|5.686
0|JP|0|25.89
1|JP|0|15.45
1|FR|0|26.93
1|JP|0|19.10
0|JP|0|5.750
0|EN|0|14.03
1|EN|0|6.730
0|FR|0|7.247
0|JP|0|20.64
1|JP|0|11.60
1|FR|0|5.555
0|FR|0|22.28
1|FR|0|23.69
1|JP|0|16.86
1|JP|0|13.99
1|FR|0|19.46
1|EN|0|16.08
1|FR|0|25.78
1|EN|0|19.44
0|FR|0|23.88
1|FR|0|23.57
1|FR|0|24.76
0|EN|0|29.45
1|EN|0|10.73
1|FR|0|20.30
0|FR|0|20.45
0|FR|0|16.06
1|FR|0|12.28
1|FR|0|24.25
0|EN|0|26.32
0|FR|0|8.086
0|JP|0|11.09
0|JP|0|6.331
0|FR|0|24.08
0|FR|0|16.74
1|EN|0|25.74
1|EN|0|21.52
1|EN|0|13.31
1|FR|0|6.649
1|EN|0|7.954
1|FR|0|20.10
0|EN|0|12.80
0|FR|0|14.29
1|JP|0|26.35
1|FR|0|23.40
1|FR|0|28.51
1|FR|0|12.39
1|FR|0|29.00
1|FR|0|19.63
1|EN|0|20.72
0|EN|0|18.60
1|FR|0|12.58
1|JP|0|10.95
0|FR|0|18.78
0|JP|0|27.63
1|JP|0|28.71
1|FR|0|12.26
0|FR|0|15.93
1|EN|1|14.09
1|EN|0|27.60
1|EN|0|6.799
0|FR|0|29.30
1|FR|0|21.09
1|EN|0|10.38
0|FR|0|6.391
0|JP|0|9.426
1|EN|0|25.51
1|FR|0|15.98
0|EN|0|9.155
1|FR|0|28.66
0|FR|0|6.645
1|FR|0|10.37
0|FR|0|26.18
0|EN|0|14.71
0|FR|0|29.70
1|FR|0|27.94
0|FR|0|29.11
0|JP|0|11.48
1|FR|0|14.87
0|FR|0|26.36
1|EN|0|20.21
0|JP|0|27.70
1|JP|0|19.64
0|FR|0|19.88
0|JP|0|19.94
1|JP|0|6.382
0|FR|0|8.702
1|EN|0|20.23
0|FR|0|12.69
1|JP|0|11.92
1|FR|0|12.33
0|FR|0|25.02
0|FR|0|24.47
1|FR|0|29.42
1|EN|0|15.79
1|FR|0|14.78
1|FR|0|29.28
1|FR|0|7.668
1|FR|0|10.70
1|JP|0|26.78
0|JP|0|16.94
0|JP|0|24.45
1|JP|0|25.73
1|EN|0|16.50
1|FR|0|20.71
1|FR|0|28.74
1|JP|0|14.28
0|FR|0|19.39
0|EN|0|19.23
1|JP|0|18.75
1|JP|0|24.25
1|FR|0|26.09
0|EN|0|19.60
0|EN|0|28.69
0|FR|0|16.39
0|EN|0|15.29
0|EN|0|9.934
0|FR|0|9.984
0|FR|0|15.31
1|JP|0|11.54
1|JP|0|29.97
0|EN|0|21.63
1|FR|0|30.15
1|EN|0|21.04
0|EN|0|16.59
1|FR|0|21.37
0|JP|0|28.27
1|FR|0|29.65
0|FR|0|23.10
0|FR|0|28.08
0|FR|0|15.27
0|EN|0|28.47
1|JP|0|6.597
0|FR|0|13.30
1|FR|0|25.69
0|FR|0|14.84
1|EN|0|26.06
1|FR|0|13.24
0|FR|0|15.12
0|JP|0|18.70
0|FR|0|16.35
0|FR|0|6.233
1|FR|0|12.25
0|JP|0|24.13
1|FR|0|5.891
1|FR|0|15.13
0|FR|0|10.87
0|FR|0|6.955
0|JP|0|30.15
0|JP|0|29.38
0|FR|0|30.16
0|FR|0|17.76
1|EN|0|14.43
1|EN|0|10.54
1|JP|0|27.14
1|JP|0|17.10
1|EN|0|18.08
0|FR|0|10.04
0|EN|0|26.89
0|JP|0|9.199
0|FR|0|10.79
0|JP|0|21.24
1|EN|0|7.754
1|FR|0|17.19
0|EN|0|15.68
0|FR|0|17.21
0|FR|0|10.68
0|EN|0|25.84
1|FR|0|15.23
0|EN|0|8.734
0|JP|0|10.58
1|FR|0|17.76
0|EN|0|8.620
0|FR|0|13.07
1|EN|0|13.35
0|JP|0|11.42
0|JP|0|5.604
0|FR|0|19.78
1|FR|0|28.37
1|FR|0|21.57
1|JP|0|19.86
1|JP|0|7.076
0|FR|0|5.997
0|FR|0|20.95
0|FR|0|19.13
1|EN|0|27.21
1|FR|0|20.52
1|FR|0|9.716
1|JP|0|10.69
1|EN|0|9.712
1|FR|0|16.55
0|JP|0|16.28
1|JP|0|13.21
1|JP|0|17.04
0|FR|0|16.22
1|EN|0|21.63
1|FR|0|7.225
1|FR|0|12.37
0|FR|0|28.44
0|FR|0|23.71
1|FR|0|16.42
0|JP|0|29.42
0|JP|0|11.60
0|FR|0|8.903
1|FR|0|8.860
1|JP|0|16.08
0|FR|0|11.88
0|JP|0|14.30
0|FR|0|12.37
1|JP|0|23.26
0|JP|0|25.61
1|JP|0|19.08
0|EN|0|17.97
1|EN|0|21.82
1|FR|0|25.55
1|JP|0|22.97
1|EN|0|7.084
0|EN|0|20.17
0|FR|0|11.63
0|EN|0|25.58
0|EN|0|8.803
1|JP|0|17.00
0|EN|0|9.074
1|EN|0|11.25
1|EN|0|29.77
0|FR|0|7.433
0|JP|0|8.085
1|EN|0|26.10
1|FR|0|9.987
0|JP|0|14.49
1|FR|0|9.925
0|JP|0|25.73
0|JP|0|23.38
0|FR|0|20.32
0|FR|0|25.65
1|FR|0|23.47
1|EN|0|29.02
1|JP|0|24.72
1|FR|0|27.62
0|FR|0|23.26
1|FR|0|16.18
1|EN|0|25.88
1|FR|0|17.40
1|JP|0|14.00
1|FR|0|19.94
0|FR|0|27.52
1|FR|0|8.742
1|JP|0|26.05
0|JP|0|17.67
1|FR|0|5.933
1|JP|0|26.08
0|EN|0|12.18
0|FR|0|27.42
0|FR|0|13.52
0|JP|0|21.86
1|JP|0|26.24
1|FR|0|10.07
1|FR|0|6.519
0|FR|0|24.42
0|JP|0|28.03
1|JP|0|17.30
0|FR|0|6.608
0|EN|0|7.921
0|JP|0|25.97
1|JP|0|28.50
0|JP|0|23.20
0|FR|0|6.836
1|FR|0|8.416
1|JP|0|10.27
1|FR|0|21.05
1|EN|0|27.28
1|EN|0|21.18
1|FR|0|14.59
0|JP|0|25.60
0|EN|0|15.12
1|EN|0|23.35
0|FR|0|11.34
1|FR|0|21.45
1|FR|0|26.65
0|FR|0|18.90
0|JP|0|30.47
0|EN|0|5.774
1|FR|0|9.205
1|FR|0|12.87
0|FR|0|27.52
1|FR|0|22.65
1|EN|0|11.56
0|FR|0|16.47
0|FR|0|10.83
0|EN|0|29.20
0|FR|0|24.36
0|EN|0|19.28
1|FR|0|10.04
1|FR|0|19.78
0|EN|0|18.09
0|FR|0|17.22
0|FR|0|21.54
0|FR|0|25.80
0|EN|0|15.11
0|EN|0|20.11
1|FR|0|27.10
1|EN|0|25.86
1|EN|0|6.955
0|FR|0|8.005
1|FR|0|20.76
1|FR|0|20.71
0|JP|0|26.89
0|FR|0|12.70
1|EN|0|20.61
0|FR|0|7.493
0|FR|0|25.98
0|FR|0|14.17
0|EN|0|20.82
0|EN|0|7.571
1|FR|0|22.87
1|JP|0|26.09
0|EN|0|21.07
0|FR|0|27.74
0|EN|0|19.64
1|FR|0|25.46
0|EN|0|18.24
0|EN|0|26.45
0|FR|0|23.60
0|JP|0|15.85
0|FR|0|22.63
1|FR|0|28.23
1|FR|0|7.233
1|JP|0|24.36
0|JP|0|20.65
1|JP|0|23.36
0|FR|0|15.21
0|JP|0|5.883
0|JP|0|15.48
0|EN|0|15.50
1|FR|0|12.79
1|JP|0|13.58
0|FR|0|25.69
1|FR|0|15.14
1|FR|0|29.16
0|FR|0|19.64
1|FR|0|29.93
1|EN|0|29.90
1|FR|0|24.69
1|FR|0|29.90
1|FR|0|10.51
0|JP|0|28.55
1|FR|0|17.03
0|JP|0|10.65
0|EN|0|26.13
0|JP|0|12.70
0|JP|0|9.918
1|FR|0|9.883
0|EN|0|19.42
1|EN|0|10.49
0|FR|0|23.60
0|FR|0|13.69
1|EN|0|11.69
0|EN|0|20.87
0|EN|0|14.79
1|JP|0|22.56
1|JP|0|22.32
0|JP|0|14.04
1|FR|0|24.91
0|JP|0|8.301
1|FR|0|22.19
1|EN|0|11.24
0|FR|0|27.89
1|FR|0|14.58
1|EN|0|16.93
1|EN|0|26.30
1|EN|0|20.98
0|FR|0|15.25
0|FR|0|19.88
0|FR|0|15.02
1|JP|0|12.93
0|FR|0|13.96
1|FR|0|11.08
0|FR|0|25.83
1|JP|0|24.03
0|FR|0|17.94
1|EN|0|12.75
1|EN|0|16.73
1|JP|0|9.263
1|FR|0|19.57
1|EN|0|15.11
1|FR|0|16.27
0|JP|0|11.48
1|FR|0|26.75
1|FR|0|5.760
0|FR|0|9.346
1|FR|0|9.509
0|FR|0|22.13
0|JP|0|11.27
1|JP|0|25.10
0|FR|0|26.92
1|JP|0|24.89
0|FR|0|9.734
0|FR|0|27.50
1|EN|0|22.71
1|FR|0|16.81
1|FR|0|12.39
1|EN|0|9.317
1|JP|0|9.987
1|JP|0|6.779
0|FR|0|11.76
1|EN|0|19.65
1|FR|0|17.01
0|JP|0|23.96
0|FR|0|8.980
1|EN|0|30.34
1|FR|0|17.76
0|EN|0|8.334
1|EN|0|26.15
1|FR|0|5.833
0|JP|0|25.71
1|JP|0|22.37
0|EN|0|16.07
0|JP|0|25.96
0|JP|0|24.80
1|JP|0|8.186
1|JP|0|23.64
0|FR|0|30.19
0|FR|0|27.87
1|JP|0|29.77
0|FR|0|22.90
0|JP|0|14.19
0|JP|0|21.83
0|EN|0|9.330
1|FR|0|26.91
0|JP|0|19.46
0|EN|0|26.85
1|EN|0|24.15
1|EN|0|9.489
1|EN|0|6.666
1|FR|0|22.31
0|FR|0|10.87
0|EN|0|13.13
0|FR|0|17.24
1|EN|0|6.055
1|EN|0|13.54
1|EN|0|16.32
1|JP|0|20.41
1|FR|0|25.15
0|JP|0|24.09
0|EN|0|30.11
1|FR|0|27.34
0|JP|0|12.24
0|FR|0|7.384
1|JP|0|6.189
0|EN|0|23.69
1|JP|0|25.14
0|JP|0|12.71
0|EN|0|26.50
0|JP|0|21.50
1|FR|0|10.34
0|FR|0|19.10
1|JP|0|10.19
0|JP|0|26.58
1|FR|0|10.81
0|JP|0|26.20
0|FR|0|6.436
1|EN|0|11.51
1|JP|0|17.76
1|FR|0|18.05
0|FR|0|12.98
1|EN|0|12.78
1|JP|0|7.683
0|EN|0|28.55
1|JP|0|19.20
1|EN|0|28.57
1|FR|0|20.19
0|FR|0|21.59
1|JP|0|14.75
0|FR|0|9.896
1|FR|0|15.65
0|JP|0|15.79
1|JP|0|24.14
0|JP|0|29.26
0|JP|0|28.33
0|JP|0|6.399
1|FR|0|14.05
1|JP|0|26.92
0|FR|0|17.56
1|EN|0|27.35
0|EN|0|25.78
1|FR|0|30.12
0|JP|0|13.11
0|FR|0|17.12
0|FR|0|23.88
1|JP|0|20.45
0|JP|0|29.29
1|JP|0|22.80
1|JP|0|7.500
1|FR|0|24.63
1|FR|0|8.218
0|FR|0|28.55
0|FR|0|28.17
0|FR|0|10.58
1|FR|0|16.25
0|EN|0|28.17
0|FR|0|14.24
0|FR|0|24.34
1|EN|0|26.51
1|FR|0|7.660
1|JP|0|17.22
0|FR|0|15.93
0|JP|0|30.44
1|FR|0|27.98
0|FR|0|7.095
1|JP|0|26.56
1|EN|0|9.699
0|JP|0|25.53
0|JP|0|16.38
0|FR|0|21.13
1|FR|0|9.515
1|FR|0|24.08
1|FR|0|12.15
1|EN|0|27.12
0|FR|0|19.06
0|JP|0|9.256
1|FR|0|23.82
1|FR|0|20.04
1|FR|0|16.23
1|FR|0|6.517
0|FR|0|17.52
0|EN|0|18.85
1|FR|0|11.36
1|JP|0|12.32
1|FR|0|8.704
1|FR|0|12.40
0|FR|0|5.641
0|EN|0|24.30
0|JP|0|25.00
0|JP|0|15.05
1|FR|0|10.89
1|JP|0|29.62
1|EN|0|20.05
1|FR|0|20.22
1|EN|0|5.684
1|FR|0|5.617
0|JP|0|9.234
0|JP|0|14.37
0|FR|0|29.99
0|FR|0|5.632
1|JP|0|15.33
1|FR|0|8.758
0|FR|0|26.53
1|FR|0|18.35
1|JP|0|11.65
1|FR|0|23.55
0|JP|0|15.76
0|JP|0|24.66
0|FR|0|22.34
0|FR|0|18.87
1|FR|0|26.47
0|JP|0|24.78
0|JP|0|9.623
1|EN|0|22.36
1|EN|0|17.60
0|EN|0|17.67
0|JP|0|16.19
1|FR|0|22.66
0|EN|0|15.94
0|EN|0|29.39
0|FR|0|9.219
1|JP|0|6.457
1|FR|0|12.05
0|FR|0|13.29
0|FR|0|13.90
1|FR|0|26.01
0|FR|0|23.76
0|EN|0|19.10
0|FR|0|6.801
0|EN|0|21.41
0|JP|0|10.03
1|EN|0|18.09
0|FR|0|16.07
0|FR|0|10.24
0|FR|0|29.34
0|JP|0|25.80
1|FR|0|14.01
0|FR|0|23.85
1|FR|0|25.04
1|JP|0|29.05
1|JP|0|9.185
0|FR|0|10.59
1|FR|0|19.28
0|FR|0|8.139
1|EN|0|19.25
1|EN|0|26.42
0|FR|0|30.23
1|EN|0|29.48
0|FR|0|24.72
0|EN|0|26.98
1|EN|0|6.310
1|JP|0|17.33
0|EN|0|9.619
0|FR|0|27.66
0|JP|0|17.89
0|FR|0|8.108
0|JP|0|9.167
0|FR|0|10.17
0|JP|0|9.342
1|FR|0|7.332
1|FR|0|25.78
0|FR|0|25.56
1|EN|0|13.66
0|EN|0|19.79
0|EN|0|6.544
0|JP|0|18.01
1|JP|0|29.72
1|FR|0|25.20
0|FR|0|18.07
1|FR|0|27.28
1|JP|0|9.584
1|FR|0|21.51
0|FR|0|18.39
0|JP|0|21.93
1|FR|0|23.34
1|JP|0|8.215
1|FR|0|25.24
0|EN|0|7.535
0|EN|0|28.53
1|EN|0|17.60
0|FR|0|27.95
0|EN|0|21.97
1|FR|0|14.61
0|EN|0|23.34
1|EN|0|27.54
0|EN|0|13.92
1|JP|0|9.288
0|JP|0|19.86
0|JP|0|12.95
1|EN|0|23.73
0|FR|0|10.93
0|FR|0|10.77
0|JP|0|12.44
0|FR|0|6.389
1|EN|0|18.97
0|EN|0|28.37
0|FR|0|21.59
0|JP|0|27.43
0|FR|0|15.03
1|FR|0|20.81
0|FR|0|24.85
1|FR|0|29.80
1|JP|0|15.04
0|FR|0|25.67
1|JP|0|24.21
1|JP|0|20.52
0|FR|0|23.22
1|EN|0|17.67
1|EN|0|6.811
1|FR|0|26.83
0|FR|0|25.73
1|FR|0|22.21
1|FR|0|8.302
0|FR|0|16.53
1|JP|0|28.27
0|JP|0|26.79
1|EN|0|12.03
1|FR|0|21.29
0|JP|0|8.439
0|FR|0|24.27
1|FR|0|24.21
1|JP|0|27.36
0|FR|0|16.14
0|EN|0|24.19
0|JP|0|14.39
1|FR|0|25.62
0|EN|0|28.76
0|EN|0|20.19
0|JP|0|25.62
0|JP|0|12.51
1|EN|0|28.32
0|FR|0|22.47
1|EN|0|11.67
0|EN|0|24.68
1|JP|0|7.625
0|FR|0|24.27
1|JP|0|12.75
0|EN|0|16.82
0|EN|0|22.66
1|JP|0|22.47
0|FR|0|17.96
1|JP|0|9.647
1|FR|0|6.033
1|JP|0|28.58
1|EN|0|5.771
0|FR|0|21.20
0|JP|0|14.33
1|FR|0|9.617
0|FR|0|23.53
0|FR|0|11.19
1|EN|0|27.35
0|FR|0|10.45
0|FR|0|17.19
1|FR|0|29.56
1|FR|0|17.16
1|EN|0|8.049
0|EN|0|12.56
1|FR|0|12.58
1|FR|0|11.51
1|EN|0|16.14
0|JP|0|27.58
0|JP|0|17.90
0|EN|0|6.223
0|FR|0|21.66
1|FR|0|22.94
0|EN|0|6.119
0|EN|0|15.51
0|FR|0|24.61
1|FR|0|14.17
0|JP|0|17.58
1|JP|0|19.96
1|JP|0|12.29
0|EN|0|29.72
1|FR|0|26.93
0|EN|0|27.47
0|EN|0|25.72
1|JP|0|15.68
0|EN|0|13.86
0|FR|0|30.11
0|EN|0|15.11
1|FR|0|26.63
0|FR|0|15.26
0|EN|0|20.93
1|EN|0|16.51
0|EN|0|10.94
1|EN|0|28.18
1|JP|0|22.94
0|EN|0|7.872
1|FR|0|14.50
0|EN|0|10.32
1|FR|0|21.74
0|FR|0|17.16
0|JP|0|9.025
0|FR|0|23.04
1|FR|0|8.427
1|JP|0|13.49
0|FR|0|22.56
1|JP|0|6.253
1|EN|0|22.22
0|JP|0|16.97
1|FR|0|19.91
1|JP|0|18.57
1|FR|0|18.14
1|FR|0|29.57
1|FR|0|23.00
0|FR|0|18.57
1|JP|0|15.93
0|FR|0|15.02
0|FR|0|23.80
1|EN|0|19.85
1|FR|0|19.16
0|FR|0|24.87
0|FR|0|22.91
0|FR|0|22.46
1|FR|0|6.834
0|EN|0|30.13
1|FR|0|8.249
1|EN|0|6.339
0|JP|0|6.315
0|JP|0|15.75
0|FR|0|25.26
0|EN|0|25.59
1|EN|0|5.820
1|FR|0|15.11
1|FR|0|15.47
0|FR|0|5.527
1|FR|0|25.93
1|FR|0|23.68
1|FR|0|8.678
0|FR|0|26.45
1|JP|0|6.181
0|JP|0|9.519
0|EN|0|18.33
1|FR|0|30.39
1|FR|0|13.90
1|JP|0|30.40
1|EN|0|11.67
0|FR|0|29.90
0|FR|0|7.519
0|EN|0|23.59
1|EN|0|9.144
1|EN|0|18.47
1|FR|0|23.15
0|JP|0|18.72
0|FR|0|25.68
1|FR|0|15.85
0|FR|0|5.608
1|EN|0|23.90
0|FR|0|25.92
1|FR|0|14.44
1|FR|0|29.15
1|FR|0|28.59
0|FR|0|15.67
0|FR|0|13.99
1|JP|0|11.83
1|JP|0|8.640
1|JP|0|12.72
0|FR|0|26.49
0|JP|0|14.25
1|FR|0|20.76
1|FR|0|11.87
0|FR|0|7.355
1|FR|0|26.14
0|FR|0|10.29
0|JP|0|8.293
0|FR|0|15.61
1|EN|0|16.99
0|EN|0|27.75
0|EN|0|11.52
1|JP|0|10.60
0|FR|0|22.68
0|EN|0|29.00
0|EN|0|20.27
0|EN|0|17.12
0|FR|0|10.91
1|FR|0|12.72
1|FR|0|25.39
1|FR|0|29.67
1|EN|0|10.11
1|FR|0|9.199
1|EN|0|29.22
1|FR|0|14.33
0|JP|0|20.94
1|EN|0|29.65
1|EN|0|5.772
1|EN|0|27.23
0|FR|0|29.57
0|JP|0|28.21
0|EN|0|16.04
1|EN|0|16.68
0|EN|0|12.50
0|FR|0|29.80
1|JP|0|10.83
1|JP|0|15.86
1|FR|0|22.03
0|EN|0|25.78
1|FR|0|15.91
0|FR|0|18.66
1|FR|0|10.24
0|FR|0|19.70
1|FR|0|25.13
0|FR|0|19.71
0|FR|0|24.43
1|EN|0|8.603
0|FR|0|29.85
0|JP|0|24.66
0|EN|0|13.63
0|JP|0|23.93
0|FR|0|21.79
0|FR|0|13.83
0|FR|0|14.36
0|EN|0|15.85
1|EN|0|9.247
0|EN|0|24.44
1|FR|0|24.51
0|FR|0|27.32
0|EN|0|20.13
0|EN|0|27.33
1|JP|0|20.50
1|FR|0|25.90
1|JP|0|15.42
0|JP|0|25.51
0|FR|0|9.045
1|JP|0|28.60
1|EN|0|8.982
0|JP|0|11.32
0|EN|0|8.364
0|JP|0|10.58
1|FR|0|30.03
0|FR|0|15.18
1|EN|0|13.68
1|FR|0|26.75
0|FR|0|26.66
0|FR|0|13.22
1|FR|0|11.78
1|JP|0|19.32
1|JP|0|22.60
0|FR|0|28.71
1|EN|0|19.56
1|JP|0|18.69
1|FR|0|20.76
0|FR|0|28.14
0|JP|0|25.25
0|FR|0|26.98
0|JP|0|13.86
0|FR|0|20.90
1|JP|0|23.20
0|EN|0|11.84
0|FR|0|19.15
0|JP|0|30.31
1|EN|0|5.572
0|JP|0|18.04
1|FR|0|20.71
1|FR|0|18.32
1|EN|0|12.10
0|JP|0|27.79
1|JP|0|8.380
1|FR|0|15.20
1|FR|0|7.399
1|FR|0|22.49
0|FR|0|29.19
0|FR|0|13.93
1|FR|0|25.49
1|EN|0|14.64
0|FR|0|29.12
1|EN|0|10.46
0|FR|0|22.15
0|FR|0|16.24
0|EN|0|14.58
0|FR|0|7.053
0|FR|0|8.956
0|FR|0|16.77
0|EN|0|22.52
0|JP|0|25.02
1|FR|0|28.65
1|EN|0|26.69
0|FR|0|15.10
0|FR|0|14.47
1|EN|0|8.121
0|FR|0|30.14
0|FR|0|21.88
1|JP|0|20.26
0|EN|0|7.469
1|FR|0|14.31
0|FR|0|20.72
1|FR|0|10.92
1|JP|0|9.463
1|FR|0|25.86
0|FR|0|23.68
0|JP|0|10.69
1|FR|0|22.35
1|FR|0|16.82
1|FR|0|10.80
0|EN|0|21.73
0|JP|0|8.702
1|JP|0|25.57
1|JP|0|24.33
1|EN|0|14.97
0|FR|0|29.95
0|JP|0|9.214
0|FR|0|28.64
0|FR|0|13.47
0|FR|0|7.582
1|EN|0|20.18
0|EN|0|7.555
1|JP|0|5.986
0|FR|0|18.36
0|FR|0|26.99
0|EN|0|8.047
1|EN|0|21.95
1|EN|0|27.16
0|FR|0|19.46
0|FR|0|10.70
1|JP|0|11.60
0|JP|0|27.25
0|FR|0|5.587
0|EN|0|8.434
0|FR|0|26.32
1|FR|0|25.26
0|FR|0|30.15
0|FR|0|29.21
1|FR|0|14.97
0|EN|0|8.858
1|EN|0|13.46
0|FR|0|21.58
1|FR|0|23.48
1|FR|0|21.96
0|FR|0|6.688
1|FR|0|22.01
1|FR|0|5.610
0|EN|0|26.40
0|EN|0|14.56
0|FR|0|10.93
0|EN|0|13.30
1|FR|0|22.81
1|EN|0|6.068
0|FR|0|7.098
0|FR|0|28.55
0|FR|0|23.74
0|EN|0|15.41
0|FR|0|14.50
0|FR|0|6.551
0|JP|0|8.287
0|FR|0|13.26
1|EN|0|6.202
1|JP|0|10.88
0|FR|0|28.57
0|FR|0|22.88
1|EN|0|27.27
1|JP|0|11.89
1|FR|0|5.541
0|EN|0|19.25
0|EN|0|5.679
1|FR|0|10.90
0|EN|0|28.18
1|EN|0|28.13
0|JP|0|14.88
1|FR|0|15.60
0|EN|0|23.57
1|JP|0|16.84
1|JP|0|17.20
1|FR|0|14.04
0|EN|0|21.25
0|JP|0|30.01
1|FR|0|27.73
0|FR|0|25.59
0|JP|0|8.079
0|FR|0|17.01
1|JP|0|25.05
1|FR|0|18.88
0|FR|0|23.27
0|JP|0|29.51
0|EN|0|16.06
1|EN|0|6.857
0|EN|0|13.02
0|EN|0|10.10
0|JP|0|29.25
0|FR|0|11.30
1|JP|0|22.77
0|FR|0|12.70
0|EN|0|24.78
1|FR|0|13.32
1|JP|0|14.94
1|FR|0|10.01
1|FR|0|11.03
1|FR|0|19.86
1|FR|0|7.361
0|EN|0|28.89
0|FR|0|6.011
0|FR|0|8.476
1|FR|0|9.417
0|FR|0|7.024
1|FR|0|17.92
1|JP|0|8.766
1|FR|0|30.02
1|JP|0|10.97
1|FR|0|13.21
1|FR|0|7.429
1|EN|0|18.20
0|EN|0|8.126
0|EN|0|18.65
0|FR|0|25.33
0|JP|0|22.53
0|FR|0|22.12
1|JP|0|10.87
1|EN|0|29.03
1|FR|0|24.63
0|JP|0|23.94
1|EN|0|27.29
0|JP|0|20.90
1|FR|0|20.03
0|FR|0|25.36
1|EN|0|16.45
0|EN|0|7.082
1|JP|0|8.927
1|EN|0|17.32
0|EN|0|5.982
1|FR|0|7.870
1|EN|0|15.91
1|JP|0|10.25
0|FR|0|24.44
0|FR|0|24.90
1|JP|0|28.22
0|FR|0|20.99
0|JP|0|15.24
0|FR|0|28.16
0|EN|0|26.35
1|FR|0|21.62
1|EN|0|26.82
1|EN|0|21.30
0|EN|0|7.081
0|JP|0|16.66
1|EN|0|12.73
0|FR|0|12.58
1|FR|0|10.47
1|FR|0|12.56
0|FR|0|29.36
0|EN|0|19.74
1|FR|0|27.04
0|EN|0|5.649
1|FR|0|15.37
0|JP|0|25.77
1|EN|0|13.77
1|JP|0|13.61
1|FR|0|7.484
0|FR|0|25.45
0|FR|0|27.16
1|JP|0|27.64
0|EN|0|23.38
0|JP|0|21.72
1|EN|0|13.73
1|FR|0|29.77
1|EN|0|9.429
1|EN|0|6.055
0|FR|0|25.22
1|FR|0|26.38
0|FR|0|28.54
1|EN|0|24.37
1|JP|0|27.53
1|JP|0|7.344
0|FR|0|9.870
1|FR|0|17.48
1|JP|0|14.05
0|EN|0|9.572
0|FR|0|20.85
1|FR|0|19.44
1|EN|0|23.02
1|FR|0|5.973
1|FR|0|24.01
0|FR|0|9.358
0|JP|0|13.86
1|FR|0|12.81
0|FR|0|5.500
1|FR|0|15.30
0|FR|0|24.86
0|JP|0|10.66
0|FR|0|26.98
1|FR|0|19.01
0|JP|0|16.56
0|FR|0|29.56
1|EN|0|13.24
1|FR|0|24.32
0|JP|0|13.16
1|EN|0|18.63
0|FR|0|23.73
1|JP|0|8.439
1|FR|0|20.81
0|FR|0|22.87
0|JP|0|17.29
1|FR|0|15.11
1|FR|0|10.09
1|FR|0|5.809
0|FR|0|18.18
0|JP|0|8.296
0|EN|0|11.96
0|EN|0|14.58
0|FR|0|21.96
1|EN|0|6.200
1|FR|0|17.41
0|JP|0|26.13
1|FR|0|16.89
1|FR|0|6.048
1|EN|0|8.332
1|EN|0|14.92
1|FR|0|9.167
0|EN|0|7.801
0|FR|0|26.53
0|EN|0|9.851
0|JP|0|20.24
1|EN|0|20.57
1|EN|0|10.72
0|EN|0|24.46
1|JP|0|12.48
1|FR|0|15.93
0|JP|0|9.463
1|EN|0|26.50
0|JP|0|29.35
0|JP|0|18.86
0|FR|0|29.55
1|EN|0|20.25
0|JP|0|18.25
1|FR|0|24.58
0|FR|0|14.02
0|JP|0|20.54
1|EN|0|25.07
1|FR|0|14.61
1|FR|0|15.04
0|JP|0|25.27
0|FR|0|28.93
1|JP|0|9.524
1|FR|0|8.330
1|FR|0|13.05
0|JP|0|21.83
0|FR|0|17.74
0|EN|0|18.30
1|FR|0|23.02
0|FR|0|28.77
0|EN|0|24.96
0|EN|0|26.37
0|FR|0|8.195
0|FR|0|22.63
1|FR|0|18.23
1|JP|0|23.57
0|FR|0|9.608
1|FR|0|9.977
0|FR|0|8.447
0|FR|0|14.63
0|JP|0|25.15
0|FR|0|11.81
0|EN|0|7.266
0|EN|0|10.77
0|JP|0|26.84
0|FR|0|27.48
0|FR|0|15.23
0|FR|0|17.44
0|FR|0|25.83
1|FR|0|13.45
0|JP|0|21.45
1|EN|0|15.59
0|FR|0|29.11
0|JP|0|17.40
1|FR|0|9.750
0|EN|0|8.377
1|FR|0|9.240
0|JP|0|23.66
0|FR|0|23.96
1|FR|0|28.93
0|JP|0|24.18
1|JP|0|25.00
1|FR|0|14.22
0|JP|0|17.91
0|JP|0|7.570
0|EN|0|17.03
0|FR|0|28.06
0|FR|0|9.443
1|FR|0|26.17
0|FR|0|23.77
1|EN|0|24.28
0|JP|0|25.81
0|FR|0|19.25
1|EN|0|27.95
1|FR|0|6.154
1|FR|0|23.42
0|FR|0|26.51
1|FR|0|6.461
1|JP|0|18.50
1|JP|0|21.65
0|JP|0|19.91
0|JP|0|8.249
1|EN|0|10.33
1|JP|0|27.18
0|JP|0|25.16
0|FR|0|19.82
1|JP|0|22.47
1|FR|0|10.85
1|JP|0|14.86
0|FR|0|24.68
1|FR|0|16.79
1|FR|0|10.54
1|FR|0|22.42
0|FR|0|24.10
1|JP|0|11.33
0|FR|0|18.28
1|JP|0|13.76
0|FR|0|9.357
1|JP|0|12.48
0|JP|0|17.32
0|JP|0|5.672
0|JP|0|29.04
1|JP|0|21.56
0|FR|0|14.66
1|JP|0|15.19
1|FR|0|14.85
0|FR|0|13.03
1|FR|0|30.03
1|JP|0|9.014
1|EN|0|6.016
0|FR|0|19.66
0|FR|0|22.13
0|FR|0|18.63
0|JP|0|30.42
1|FR|0|7.102
0|EN|0|14.29
1|EN|0|24.65
1|JP|0|26.22
1|EN|0|21.99
0|EN|0|19.31
1|EN|0|7.170
1|FR|0|28.24
1|EN|0|21.86
0|FR|0|6.738
0|FR|0|10.33
1|JP|0|23.40
1|JP|0|30.13
1|EN|0|12.77
0|FR|0|13.92
0|FR|0|9.386
1|JP|0|18.39
0|EN|0|27.28
0|EN|0|14.89
0|JP|0|8.047
1|FR|0|6.381
0|FR|0|29.09
0|JP|0|21.83
0|EN|0|14.88
1|EN|0|26.56
0|FR|0|14.21
0|FR|0|13.54
1|JP|0|11.52
1|FR|0|21.71
0|FR|0|9.113
1|FR|0|6.158
1|JP|0|26.01
1|FR|0|24.68
0|FR|0|29.41
0|EN|0|7.910
1|JP|0|11.58
1|FR|0|24.18
1|FR|0|15.62
1|EN|0|14.17
0|EN|0|26.44
0|EN|0|7.667
1|JP|0|21.36
0|FR|0|11.50
1|EN|0|20.68
0|FR|0|7.115
0|FR|0|8.646
0|JP|0|20.86
1|EN|0|11.78
1|FR|0|13.61
0|JP|0|15.19
1|JP|0|6.568
0|FR|0|8.508
0|FR|0|29.25
1|FR|0|5.642
1|FR|0|23.71
1|JP|0|12.07
1|JP|0|20.06
1|JP|0|14.96
0|EN|0|14.17
0|EN|0|7.870
1|EN|0|12.46
1|FR|0|16.07
0|FR|0|6.777
1|FR|0|19.30
1|FR|0|26.51
1|FR|0|14.70
1|EN|0|7.564
0|FR|0|8.499
0|FR|0|19.46
1|FR|0|26.74
1|EN|0|18.31
1|JP|0|22.00
1|EN|0|21.30
0|JP|0|28.51
1|FR|0|30.37
1|FR|0|12.06
1|JP|0|13.12
0|FR|0|27.67
0|FR|0|29.73
0|FR|0|7.177
0|JP|0|20.91
0|FR|0|16.78
1|FR|0|20.05
0|FR|0|5.823
0|FR|0|14.88
0|EN|0|5.545
0|JP|0|29.44
0|EN|0|22.28
1|EN|0|19.84
1|JP|0|27.16
0|FR|0|29.52
1|FR|0|22.47
0|JP|0|29.45
0|FR|0|12.05
1|FR|0|6.260
1|JP|0|27.53
0|EN|0|16.90
0|JP|0|20.64
1|FR|0|29.46
1|FR|0|12.57
1|FR|0|27.07
1|FR|0|6.232
1|FR|0|12.44
1|JP|0|5.527
0|FR|0|12.93
0|JP|0|6.572
0|EN|0|29.67
1|FR|0|7.623
1|FR|0|26.41
1|FR|0|7.132
0|JP|0|29.14
0|JP|0|22.08
0|FR|0|13.37
0|JP|0|28.96
0|JP|0|29.74
0|FR|0|27.81
1|EN|0|26.39
1|FR|0|30.03
0|FR|0|24.45
0|FR|0|13.19
0|FR|0|13.37
0|FR|0|22.85
1|EN|0|25.79
0|FR|0|27.45
1|FR|0|26.06
0|JP|0|16.74
1|JP|0|5.991
0|FR|0|17.66
0|EN|0|22.86
1|FR|0|11.11
1|JP|0|6.901
1|FR|0|11.74
1|JP|0|13.88
1|FR|0|7.215
0|FR|0|22.15
1|EN|0|11.14
0|JP|0|26.38
0|FR|0|14.94
1|FR|0|25.16
1|FR|0|18.83
1|EN|0|9.767
1|FR|0|29.83
1|FR|0|23.65
0|EN|0|28.58
0|EN|0|8.056
0|FR|0|9.453
1|EN|0|10.80
0|EN|0|19.21
0|JP|0|23.20
0|EN|0|17.95
0|JP|0|17.71
1|FR|0|14.02
1|FR|0|13.19
0|FR|0|19.47
0|EN|0|7.512
1|FR|0|10.06
1|JP|0|13.32
0|FR|0|12.25
1|JP|0|19.65
1|EN|0|27.75
1|JP|0|7.831
0|EN|0|30.06
1|FR|0|19.31
0|FR|0|10.37
1|FR|0|16.71
0|JP|0|13.42
1|JP|0|29.19
1|FR|0|28.98
1|JP|0|16.90
1|FR|0|10.67
1|FR|0|14.14
0|FR|0|14.78
0|FR|0|6.011
0|FR|0|7.101
0|EN|0|14.04
0|FR|0|14.74
0|EN|0|7.588
1|JP|0|15.73
1|FR|0|22.25
0|EN|0|25.17
1|JP|0|29.62
1|FR|0|28.56
0|EN|0|25.44
1|FR|0|25.60
0|JP|0|30.09
0|FR|0|18.32
0|FR|0|25.18
0|FR|0|29.59
1|FR|0|14.48
1|FR|0|19.39
0|FR|0|25.25
0|EN|0|24.11
0|FR|0|24.00
0|EN|0|15.03
0|FR|0|10.63
1|FR|0|16.36
1|EN|0|20.96
0|JP|0|26.65
0|EN|0|25.17
0|JP|0|19.03
1|FR|0|9.341
1|FR|0|8.185
0|EN|0|13.99
1|JP|0|7.615
1|FR|0|11.87
1|JP|0|21.04
1|EN|0|21.24
1|FR|0|16.24
1|FR|0|19.60
0|FR|0|24.24
1|FR|0|30.11
0|JP|0|14.05
1|EN|0|13.45
1|FR|0|8.754
1|FR|0|26.94
0|FR|0|16.27
1|FR|0|26.61
0|EN|0|16.15
0|EN|0|9.169
1|FR|0|12.06
0|EN|0|7.679
0|FR|0|24.63
1|JP|0|28.60
0|FR|0|15.86
0|FR|0|26.73
1|EN|0|23.12
1|EN|0|22.00
1|FR|0|8.936
0|EN|0|14.00
1|FR|0|23.40
1|EN|0|8.473
0|FR|0|21.34
0|FR|0|25.40
1|EN|0|7.805
1|FR|0|19.05
0|FR|0|7.818
0|FR|0|19.31
0|FR|0|5.610
1|JP|0|30.04
1|JP|0|19.44
1|FR|0|7.531
1|JP|0|27.43
0|JP|0|10.25
1|FR|0|30.18
0|FR|0|21.29
1|JP|0|17.04
1|EN|0|9.527
0|FR|0|19.33
0|JP|0|24.49
1|FR|0|16.12
1|FR|0|8.681
0|FR|0|5.742
0|JP|0|30.42
1|JP|0|24.41
1|FR|0|8.646
0|FR|0|13.14
1|JP|0|6.974
1|EN|0|14.10
1|JP|0|22.40
0|EN|0|27.95
0|FR|0|18.36
1|EN|0|27.32
1|FR|0|20.78
1|EN|0|11.87
0|EN|0|13.29
0|EN|0|27.76
1|EN|0|23.67
0|FR|0|29.21
0|JP|0|18.57
1|FR|0|10.17
1|FR|0|21.39
1|JP|0|12.55
1|FR|0|8.623
1|JP|0|15.21
0|FR|0|10.60
0|JP|0|20.82
1|JP|0|6.038
0|EN|0|5.769
0|EN|0|22.46
1|FR|0|8.464
1|JP|0|16.59
1|FR|0|14.01
0|FR|0|16.00
1|FR|0|12.72
1|FR|0|15.94
1|FR|0|13.07
1|FR|0|6.893
0|EN|0|17.93
1|JP|0|9.594
0|JP|0|19.25
1|FR|0|11.62
0|FR|0|25.44
1|FR|0|23.55
1|EN|0|19.69
1|FR|0|7.954
1|EN|0|9.165
1|FR|1|6.994
1|FR|0|7.942
1|FR|0|30.22
0|JP|0|9.479
1|FR|0|8.376
1|EN|0|28.98
1|FR|0|13.08
0|EN|0|8.940
1|FR|0|23.53
0|JP|0|13.83
1|FR|0|14.66
1|JP|0|12.35
0|JP|0|10.68
1|JP|0|14.56
1|EN|0|28.75
0|FR|0|15.92
1|EN|0|30.24
0|FR|0|26.16
1|FR|0|26.26
1|EN|0|29.34
1|JP|0|17.61
0|JP|0|23.93
0|FR|0|20.20
1|JP|0|6.275
0|EN|0|5.861
0|FR|0|27.15
1|JP|0|20.14
0|JP|0|13.70
1|EN|0|16.97
1|FR|0|8.758
1|FR|0|11.36
1|EN|0|23.46
0|EN|0|15.50
0|FR|0|10.96
1|FR|0|13.01
0|EN|0|15.89
1|FR|0|16.20
0|FR|0|24.64
0|EN|0|12.25
1|EN|0|14.80
0|FR|0|22.67
0|JP|0|25.95
1|JP|0|14.24
1|EN|0|10.72
1|FR|0|12.51
0|FR|0|9.788
0|JP|0|28.78
0|FR|0|21.03
0|EN|0|17.60
1|JP|0|12.40
1|FR|0|10.80
1|EN|0|26.33
0|FR|0|13.95
1|FR|0|18.70
1|EN|0|15.71
0|JP|0|12.91
1|FR|0|16.55
0|FR|0|16.91
0|EN|0|12.73
0|JP|0|28.68
1|JP|0|14.03
1|FR|0|23.66
1|FR|0|7.076
0|EN|0|24.46
1|FR|0|9.200
0|FR|0|24.06
0|FR|0|11.15
1|FR|0|20.37
0|FR|0|25.45
0|JP|0|14.37
0|FR|0|15.74
0|JP|0|20.12
0|FR|0|21.20
1|JP|0|17.32
0|EN|0|13.24
0|JP|0|29.33
0|FR|0|30.02
1|JP|0|25.72
0|FR|0|18.70
0|JP|0|26.00
1|FR|0|24.18
1|EN|0|29.81
1|JP|0|26.57
0|FR|0|11.51
0|EN|0|18.01
0|JP|0|26.67
0|EN|0|30.42
0|JP|0|5.865
1|FR|0|13.43
0|JP|0|26.55
1|JP|0|25.26
0|FR|0|28.86
1|EN|0|22.93
1|JP|0|18.86
1|FR|0|6.488
1|JP|0|25.67
1|FR|0|18.76
1|FR|0|8.640
0|EN|0|24.00
1|FR|0|24.39
1|EN|0|18.28
1|FR|0|10.86
1|EN|0|7.999
0|EN|0|6.254
0|EN|0|29.46
0|FR|0|21.60
1|FR|0|14.88
0|EN|0|22.50
1|EN|0|30.24
0|FR|0|20.36
0|JP|0|24.51
0|FR|0|26.56
1|JP|0|11.16
1|FR|0|14.19
1|FR|0|29.71
1|JP|0|28.16
1|FR|0|20.96
1|EN|0|29.82
1|FR|0|17.38
0|FR|0|16.37
1|FR|0|14.40
1|EN|0|16.45
0|JP|0|26.85
1|FR|0|21.27
1|EN|0|19.74
1|FR|0|15.45
0|FR|0|6.408
0|JP|0|8.737
0|FR|0|23.99
0|FR|0|19.85
0|FR|0|29.81
1|FR|0|25.13
0|EN|0|7.816
0|JP|0|28.09
1|EN|0|29.37
1|FR|0|15.43
0|FR|0|19.30
1|JP|0|14.94
0|FR|0|10.21
1|FR|0|17.88
1|FR|0|21.79
1|FR|0|19.41
1|FR|0|22.19
0|EN|0|16.56
1|FR|0|10.73
1|FR|0|9.065
0|FR|0|25.54
0|JP|0|14.83
0|JP|0|8.846
0|FR|0|30.24
1|FR|0|17.36
0|EN|0|7.942
1|JP|0|12.49
0|JP|0|13.53
1|JP|0|27.49
1|EN|0|27.61
0|FR|0|17.23
1|FR|0|11.08
1|FR|0|10.62
0|FR|0|6.171
1|FR|0|5.815
0|JP|0|26.10
1|EN|0|10.45
0|JP|0|15.55
0|FR|0|21.79
0|FR|0|6.914
1|JP|0|16.39
1|FR|0|21.30
0|FR|0|21.33
0|FR|0|21.41
1|JP|0|26.97
0|JP|0|22.11
0|FR|0|11.08
1|FR|0|26.57
1|JP|0|20.79
0|EN|0|28.12
1|FR|0|28.48
1|JP|0|27.32
0|FR|0|7.681
0|JP|0|29.44
0|EN|0|26.32
1|FR|0|11.50
0|FR|0|21.23
0|FR|0|25.55
1|JP|0|6.900
1|EN|0|13.39
1|EN|0|6.351
1|JP|0|25.57
0|JP|0|16.48
1|EN|0|23.65
1|FR|0|29.04
1|JP|0|6.382
0|FR|0|28.43
1|FR|0|14.38
1|JP|0|10.74
1|JP|0|25.74
1|EN|0|16.07
0|FR|0|18.09
0|JP|0|29.05
1|JP|0|23.96
0|JP|0|26.63
1|EN|0|21.91
0|EN|0|25.12
0|FR|0|10.22
1|JP|0|29.16
0|EN|0|19.98
0|FR|0|15.07
0|EN|0|16.32
0|FR|0|14.52
0|FR|0|24.75
0|JP|0|17.61
1|FR|0|17.56
0|FR|0|16.40
1|FR|0|7.816
0|JP|0|15.71
1|FR|0|26.72
0|EN|0|19.35
1|EN|0|18.39
1|FR|0|27.07
1|JP|0|9.601
0|JP|0|22.03
0|JP|0|23.13
1|EN|0|20.74
1|EN|0|12.78
0|FR|0|28.86
0|FR|0|13.52
1|FR|0|19.06
1|EN|0|29.91
0|FR|0|25.59
0|JP|0|28.82
0|FR|0|25.96
1|FR|0|13.27
1|JP|0|22.87
1|EN|0|26.18
1|FR|0|18.04
0|EN|0|12.54
0|JP|0|27.58
0|FR|0|24.86
0|FR|0|22.11
0|JP|0|8.686
0|FR|0|12.35
1|FR|0|17.00
1|FR|0|19.67
1|FR|0|10.42
1|JP|0|11.88
0|EN|0|9.795
1|FR|0|25.29
1|FR|0|6.043
1|JP|0|6.519
0|FR|0|6.558
0|FR|0|25.23
1|FR|0|14.95
0|JP|0|7.720
0|FR|0|24.76
0|JP|0|10.63
0|EN|0|8.434
0|JP|0|14.97
1|EN|0|24.01
0|FR|0|14.28
0|FR|0|21.37
0|EN|0|6.289
0|FR|0|25.43
1|EN|0|10.75
1|FR|0|10.28
1|FR|0|27.11
0|FR|0|15.13
1|JP|0|27.69
0|FR|0|29.84
1|FR|0|8.520
0|FR|0|7.495
0|JP|0|8.021
0|FR|0|16.73
0|FR|0|19.51
1|JP|0|10.89
1|FR|0|29.20
0|FR|0|13.48
1|FR|0|20.08
0|JP|0|9.934
1|EN|0|27.85
1|JP|0|17.36
0|FR|0|19.97
1|FR|0|8.704
1|EN|0|10.59
0|JP|0|10.65
1|FR|0|7.556
0|JP|0|9.443
0|FR|0|15.82
1|EN|0|10.12
1|JP|0|18.88
1|FR|0|19.57
0|FR|0|14.65
0|FR|0|23.24
0|JP|0|14.07
0|FR|0|28.82
1|JP|0|15.34
1|JP|0|10.70
0|JP|0|7.132
0|FR|0|24.59
1|FR|0|24.31
1|JP|0|13.12
1|FR|0|24.91
0|EN|0|9.365
0|JP|0|29.68
0|FR|0|28.65
1|EN|0|28.43
0|FR|0|9.688
0|FR|0|12.66
1|JP|0|29.08
0|EN|0|29.53
0|FR|0|14.92
0|FR|0|11.38
1|FR|0|7.475
1|FR|0|9.326
0|JP|0|17.20
0|JP|0|29.67
0|EN|0|11.39
0|EN|0|15.99
1|EN|0|10.87
0|FR|0|19.35
0|FR|0|14.89
0|JP|0|12.41
0|EN|0|14.93
0|JP|0|29.93
0|FR|0|14.90
0|JP|0|12.86
1|FR|0|8.191
1|FR|0|21.48
1|FR|0|10.91
1|EN|0|5.791
0|JP|0|13.18
0|JP|0|17.47
1|FR|0|25.45
0|FR|0|26.84
0|FR|0|28.91
0|JP|0|11.65
1|FR|0|28.46
0|JP|0|17.59
1|JP|0|5.712
0|EN|0|7.673
0|FR|0|8.239
1|FR|0|19.50
0|FR|0|23.29
0|JP|0|14.35
0|EN|0|26.92
1|FR|0|14.45
0|FR|0|20.48
1|JP|0|8.293
0|JP|0|19.54
0|FR|0|17.82
0|EN|0|14.74
0|FR|0|8.615
1|EN|0|27.36
1|JP|0|19.12
0|EN|0|20.16
1|FR|0|8.102
1|EN|0|20.88
1|EN|0|8.903
1|EN|0|19.91
1|FR|0|8.838
1|JP|0|21.53
0|FR|0|19.35
1|JP|0|9.415
1|FR|0|11.44
1|FR|0|19.97
0|FR|0|19.30
0|FR|0|17.05
0|EN|0|20.47
0|EN|0|17.21
0|FR|0|11.34
0|FR|0|17.37
1|FR|0|8.327
0|JP|0|9.850
0|JP|0|22.37
0|EN|0|25.08
1|EN|0|10.88
0|FR|0|6.209
0|FR|0|24.00
1|JP|0|29.32
1|JP|0|21.32
0|EN|0|21.72
0|JP|0|23.71
0|EN|0|15.44
0|EN|0|29.38
1|EN|0|14.89
0|EN|0|26.45
0|JP|0|11.68
0|EN|0|28.30
1|EN|0|27.14
1|FR|0|21.68
0|JP|0|8.602
0|EN|0|12.27
1|FR|0|14.92
1|FR|0|5.688
1|EN|0|5.745
0|FR|0|25.81
0|JP|0|6.050
1|JP|0|27.85
0|JP|0|10.64
0|EN|0|16.34
1|EN|0|26.00
0|EN|0|6.808
1|FR|0|24.31
1|JP|0|18.25
1|EN|0|15.61
1|FR|0|7.882
1|EN|0|6.817
0|FR|0|16.06
1|EN|0|29.34
0|FR|0|17.46
1|EN|0|23.81
1|EN|0|9.069
1|EN|0|11.10
0|FR|0|18.52
0|FR|0|19.45
0|FR|0|27.17
0|FR|0|19.83
1|FR|0|14.98
1|EN|0|14.09
0|FR|0|13.75
1|EN|0|8.722
1|JP|0|12.04
0|JP|0|23.77
1|EN|0|5.706
1|EN|0|18.33
1|EN|0|10.11
0|EN|0|20.91
1|FR|0|8.550
1|FR|0|30.34
0|FR|0|30.04
1|JP|0|26.90
0|FR|0|20.92
0|FR|0|18.16
1|FR|0|11.63
1|EN|0|17.53
1|JP|0|24.24
1|FR|0|6.533
0|FR|0|14.52
0|JP|0|8.123
1|EN|0|12.87
0|FR|0|7.071
1|JP|0|9.881
1|JP|0|12.39
1|EN|0|18.10
1|JP|0|27.33
1|JP|0|10.27
0|EN|0|22.48
0|EN|0|9.535
0|EN|0|7.085
1|FR|0|25.67
0|FR|0|29.33
1|JP|0|9.663
0|FR|0|13.83
0|JP|0|27.54
1|FR|0|15.09
1|FR|0|9.177
1|JP|0|8.196
0|FR|0|14.20
1|EN|0|14.53
1|FR|0|7.242
0|JP|0|23.36
0|FR|0|9.555
0|FR|0|26.21
0|JP|0|14.66
0|EN|0|6.120
1|FR|0|6.204
1|JP|0|23.25
0|FR|0|28.29
0|JP|0|12.48
0|FR|0|30.25
1|EN|0|23.83
0|FR|0|11.78
0|FR|0|22.29
0|FR|0|9.378
1|EN|0|26.66
1|FR|0|14.36
0|JP|0|28.18
0|FR|0|15.36
1|JP|0|27.27
0|EN|0|26.18
1|JP|0|5.579
1|FR|0|13.13
0|FR|0|12.64
1|JP|0|16.95
0|FR|0|30.04
1|FR|0|22.43
1|JP|0|10.49
0|EN|0|26.43
1|EN|0|25.98
0|FR|0|21.46
1|EN|0|14.59
1|JP|0|9.192
0|FR|0|16.23
0|FR|0|11.69
0|FR|0|13.26
1|EN|0|12.84
0|FR|0|9.005
1|FR|0|12.06
1|FR|0|21.39
0|FR|0|13.04
1|FR|0|15.73
1|EN|0|21.51
0|FR|0|22.52
1|JP|0|21.34
0|EN|0|19.09
0|FR|0|10.32
1|JP|0|7.731
1|EN|0|19.03
0|EN|0|21.25
0|JP|0|30.37
0|EN|0|27.76
0|FR|0|8.347
1|JP|0|18.21
0|FR|0|11.99
1|FR|0|21.62
0|FR|0|20.54
1|FR|0|28.12
0|FR|0|16.56
0|FR|0|13.81
1|JP|0|25.45
0|FR|0|15.64
0|EN|0|16.17
1|EN|0|28.58
1|FR|0|15.75
0|FR|0|10.03
0|FR|0|10.17
1|JP|0|15.79
0|FR|0|7.251
0|JP|0|22.63
0|FR|0|23.88
1|FR|0|20.96
0|EN|0|17.80
1|EN|0|19.50
0|EN|0|19.47
1|FR|0|11.20
1|FR|0|21.94
0|EN|0|11.83
0|JP|0|26.12
1|FR|0|18.74
0|JP|0|9.354
1|JP|0|26.40
1|EN|0|17.10
1|EN|0|6.325
1|FR|0|8.639
0|EN|0|19.05
0|EN|0|27.05
1|FR|0|14.28
0|FR|0|30.11
1|EN|0|23.09
1|JP|0|9.714
1|FR|0|26.41
0|FR|0|18.53
0|JP|0|15.61
0|EN|0|28.89
1|EN|0|20.42
1|FR|0|6.771
1|FR|0|20.66
1|EN|0|26.76
0|FR|0|15.95
1|JP|0|16.04
0|JP|0|26.32
0|EN|0|18.34
0|FR|0|25.38
1|FR|0|11.34
0|JP|0|16.58
0|FR|0|9.779
1|EN|0|25.47
0|FR|0|16.74
1|EN|0|11.27
1|EN|0|11.54
0|FR|0|9.016
1|FR|0|24.55
0|FR|0|30.37
1|JP|0|7.833
0|FR|0|20.83
0|EN|0|25.62
1|JP|0|28.69
1|FR|0|20.57
1|EN|0|18.35
1|EN|0|14.21
0|JP|0|14.22
1|FR|0|28.53
1|FR|0|15.41
1|EN|0|26.30
0|JP|0|21.47
1|FR|0|21.29
0|FR|0|16.87
0|JP|0|11.47
1|JP|0|24.29
0|FR|0|25.97
1|FR|0|8.875
0|FR|0|17.97
0|FR|0|13.67
1|JP|0|16.29
0|JP|0|20.15
0|EN|0|15.07
1|FR|0|22.11
0|EN|0|10.67
0|EN|0|26.44
1|EN|0|29.80
0|FR|0|24.42
1|FR|0|16.28
1|EN|0|27.78
0|FR|0|24.04
0|FR|0|16.76
0|JP|0|23.23
1|FR|0|10.72
0|FR|0|7.101
1|FR|0|18.07
1|EN|0|27.96
0|EN|0|12.15
0|FR|0|19.26
1|FR|0|26.67
1|FR|0|15.97
1|JP|0|21.10
1|JP|0|28.06
1|JP|0|7.865
0|FR|0|16.92
0|EN|0|5.708
0|FR|0|22.03
1|FR|0|18.15
1|FR|0|18.67
0|FR|0|14.83
1|FR|0|7.919
0|JP|0|29.25
0|EN|0|7.507
0|FR|0|10.91
1|JP|0|26.68
1|EN|0|19.36
0|FR|0|11.06
1|FR|0|28.23
0|EN|0|13.34
0|FR|0|20.97
1|EN|0|8.571
0|FR|0|18.76
0|FR|0|30.00
1|EN|0|19.12
1|JP|0|13.13
0|FR|0|18.75
1|FR|0|29.45
0|EN|0|6.579
0|FR|0|29.08
1|FR|0|26.73
1|FR|0|13.59
0|JP|0|18.91
1|EN|0|11.17
1|FR|0|13.16
0|EN|0|25.48
1|EN|0|17.90
0|EN|0|20.11
0|JP|0|17.20
0|EN|0|25.62
1|FR|0|16.81
0|JP|0|26.74
0|FR|0|27.01
1|EN|0|28.62
1|EN|0|15.23
0|JP|0|16.28
1|EN|0|15.82
1|EN|0|28.62
0|FR|0|17.58
1|EN|0|9.606
0|FR|0|11.73
0|FR|0|7.526
0|FR|0|18.11
0|EN|0|14.45
0|FR|0|7.076
0|FR|0|11.67
1|FR|0|29.65
0|EN|0|10.15
1|FR|0|15.76
1|FR|0|10.63
0|EN|0|8.805
1|JP|0|11.50
0|EN|0|5.633
0|EN|0|16.74
0|FR|0|6.640
1|FR|0|9.676
1|JP|0|14.20
0|FR|0|5.891
0|FR|0|6.965
1|FR|0|28.48
1|EN|0|9.781
0|EN|0|25.24
0|FR|0|17.04
1|FR|0|24.89
1|JP|0|24.20
0|JP|0|17.52
1|JP|0|12.08
0|JP|0|10.64
0|JP|0|13.93
0|EN|0|12.28
1|FR|0|27.89
0|FR|0|30.39
0|FR|0|20.09
1|FR|0|12.62
0|JP|0|7.319
0|EN|0|8.546
1|JP|0|11.86
0|JP|0|29.54
1|FR|0|25.08
1|FR|0|12.73
1|JP|0|20.63
1|JP|0|12.51
0|JP|0|17.77
1|EN|0|14.35
0|JP|0|10.94
1|EN|0|14.29
1|FR|0|18.56
0|FR|0|6.058
0|FR|0|12.16
0|EN|0|20.43
1|FR|0|7.466
0|FR|0|19.43
0|FR|0|27.86
0|JP|0|11.53
0|FR|0|18.48
0|JP|0|30.36
0|FR|0|20.54
1|FR|0|11.48
0|JP|0|18.26
1|FR|0|14.15
0|FR|0|9.087
0|FR|0|11.52
0|FR|0|7.218
1|JP|0|27.10
1|EN|0|10.54
1|FR|0|15.34
1|JP|0|8.250
1|EN|0|19.13
0|JP|0|28.41
0|EN|0|8.917
0|JP|0|27.91
1|JP|0|11.87
1|FR|0|19.01
1|JP|0|7.745
1|EN|0|28.76
0|JP|0|23.63
0|FR|0|14.62
1|JP|0|11.68
1|JP|0|9.712
1|EN|0|21.92
1|FR|0|25.14
1|FR|0|26.26
0|EN|0|8.376
0|EN|0|23.03
1|FR|0|13.64
0|JP|0|12.16
0|FR|0|23.50
0|FR|0|22.92
0|FR|0|18.73
0|FR|0|24.95
0|FR|0|16.78
1|FR|0|9.454
1|FR|0|19.47
0|FR|0|29.39
1|EN|0|30.17
1|EN|0|18.05
0|FR|0|26.69
0|JP|0|23.08
0|FR|0|22.33
0|FR|0|17.21
1|FR|0|10.98
1|FR|0|13.31
0|EN|0|27.82
1|FR|0|20.37
1|FR|0|14.21
1|FR|0|6.084
0|EN|0|7.207
0|JP|0|8.356
1|EN|0|28.34
1|JP|0|22.64
0|EN|0|18.83
1|FR|0|25.69
1|EN|0|12.18
0|FR|0|9.544
1|JP|0|25.69
0|EN|0|26.02
1|FR|0|24.01
1|FR|0|14.22
1|FR|0|6.206
0|EN|0|29.07
1|FR|0|25.70
0|JP|0|6.404
1|EN|0|30.43
0|JP|0|17.55
0|EN|0|21.63
1|FR|0|30.28
0|JP|0|9.551
1|FR|0|14.17
0|FR|0|12.61
0|JP|0|5.995
0|FR|0|11.98
1|FR|0|12.43
1|FR|0|25.13
0|FR|0|12.43
0|FR|0|10.79
1|EN|0|20.01
1|FR|0|6.159
1|FR|0|29.60
1|EN|0|12.76
1|FR|0|28.86
0|FR|0|17.06
1|FR|0|5.515
0|EN|0|17.00
0|FR|0|12.89
0|JP|0|8.921
1|FR|0|29.97
0|FR|0|21.10
0|JP|0|20.55
1|FR|0|17.59
1|EN|0|29.63
1|FR|0|12.28
0|FR|0|11.51
0|FR|0|14.23
1|EN|0|21.93
0|FR|0|5.791
0|FR|0|14.37
0|EN|0|25.85
1|EN|0|20.63
1|JP|0|30.11
0|FR|0|6.366
1|JP|0|27.07
1|JP|0|18.27
1|JP|0|22.95
1|EN|0|19.41
1|EN|0|15.89
0|EN|0|17.66
0|EN|0|23.32
0|FR|0|26.22
1|FR|0|13.08
1|FR|0|14.92
1|JP|0|7.957
1|EN|0|23.49
1|FR|0|27.65
0|JP|0|6.014
0|JP|0|6.832
0|JP|0|21.86
1|FR|0|18.26
1|FR|0|15.26
1|FR|0|15.11
1|EN|0|17.19
1|FR|0|19.11
1|FR|0|28.57
1|FR|0|7.454
0|FR|0|25.32
0|FR|0|18.03
0|FR|0|29.08
1|JP|0|21.40
0|EN|0|5.663
0|FR|0|15.79
0|FR|0|15.55
1|EN|0|21.59
0|FR|0|24.95
0|FR|0|17.33
1|FR|0|22.08
1|FR|0|17.07
0|EN|0|18.18
0|JP|0|14.39
1|JP|0|11.95
0|FR|0|19.75
0|FR|0|8.209
1|JP|0|5.544
1|EN|0|17.47
1|FR|0|30.47
0|FR|0|21.09
0|FR|0|24.64
0|EN|0|10.88
1|FR|0|27.14
0|EN|0|13.01
1|FR|0|17.80
1|EN|0|11.88
1|FR|0|13.09
0|EN|0|22.40
0|EN|0|29.76
1|JP|0|7.054
0|EN|0|24.23
1|FR|0|5.913
0|JP|0|23.29
1|FR|0|23.08
1|FR|0|22.74
0|EN|0|20.98
1|FR|0|6.140
0|EN|0|24.64
0|FR|0|8.736
0|FR|0|19.43
1|FR|0|9.595
1|EN|0|19.67
0|EN|0|19.67
1|EN|0|22.89
0|FR|0|23.64
1|EN|0|28.95
1|JP|0|16.22
0|EN|0|17.61
1|EN|0|15.96
1|EN|0|11.61
0|FR|0|22.79
1|EN|0|22.50
0|EN|0|25.42
1|FR|0|13.61
0|FR|0|20.67
1|EN|0|12.62
0|EN|0|18.21
0|JP|0|16.92
0|EN|0|30.42
1|EN|0|17.17
1|JP|0|29.01
0|JP|0|9.571
0|EN|0|29.15
0|EN|0|22.86
0|JP|0|6.063
1|FR|0|29.26
0|JP|0|12.18
0|FR|0|11.60
1|FR|0|9.498
1|EN|0|10.63
0|FR|0|18.68
1|FR|0|28.02
1|FR|0|25.75
1|FR|0|24.16
0|JP|0|24.56
0|JP|0|13.00
1|FR|0|11.47
0|FR|0|17.88
0|EN|0|14.87
0|FR|0|29.63
1|FR|0|12.33
0|JP|0|6.810
0|EN|0|26.66
0|JP|0|21.16
0|JP|0|21.96
1|JP|0|8.064
1|FR|0|6.479
1|EN|0|19.96
0|EN|0|19.46
0|FR|0|20.42
1|FR|0|29.65
1|JP|0|16.31
0|FR|0|14.93
0|EN|0|23.27
0|EN|0|26.14
1|FR|0|10.11
1|EN|0|6.122
1|FR|0|24.35
0|FR|0|11.59
0|FR|0|8.137
0|FR|0|25.88
0|EN|0|10.50
1|EN|0|7.003
1|JP|0|7.027
1|JP|0|16.21
1|JP|0|6.523
0|FR|0|21.46
1|EN|0|14.15
0|FR|0|7.870
0|FR|0|5.812
0|EN|0|7.598
1|FR|0|21.88
0|JP|0|12.72
1|EN|0|21.70
0|FR|0|23.41
0|FR|0|30.15
0|FR|0|24.25
0|FR|0|8.253
0|FR|0|6.096
0|FR|0|18.37
1|FR|0|16.82
0|EN|0|6.871
0|EN|0|7.401
1|EN|0|26.49
0|FR|0|27.15
1|EN|0|22.48
0|EN|0|12.45
0|JP|0|5.803
0|JP|0|27.86
0|FR|0|19.19
0|FR|0|22.89
1|FR|0|23.01
1|FR|0|14.54
0|FR|0|13.55
1|JP|0|21.46
1|EN|0|17.67
1|EN|0|23.42
0|JP|0|7.382
1|FR|0|29.12
0|FR|0|29.97
1|JP|0|18.42
1|JP|0|9.886
1|FR|0|12.02
0|FR|0|20.95
0|JP|0|30.28
0|JP|0|7.146
0|FR|0|22.53
1|JP|0|10.21
1|FR|0|12.81
0|EN|0|24.23
0|JP|0|11.86
0|FR|0|7.091
1|EN|0|21.69
1|EN|0|29.53
0|FR|0|9.262
0|EN|0|7.647
1|EN|0|21.33
1|FR|0|19.56
0|JP|0|13.63
1|EN|0|13.08
1|FR|0|25.88
1|FR|0|14.03
1|EN|0|28.23
0|EN|0|19.77
0|EN|0|23.68
0|EN|0|23.84
0|JP|0|10.33
0|FR|0|16.18
1|FR|0|24.83
0|JP|0|21.66
0|FR|0|12.45
1|FR|0|28.58
0|FR|0|15.18
0|EN|0|9.801
0|FR|0|5.877
0|EN|0|8.277
1|EN|0|9.631
0|JP|0|26.00
1|FR|0|20.48
1|FR|0|27.27
0|FR|0|10.86
0|FR|0|15.86
0|JP|0|22.96
1|JP|0|13.76
1|FR|0|10.27
1|FR|0|24.36
0|FR|0|14.51
1|JP|0|22.14
0|FR|0|16.55
0|FR|0|20.63
0|JP|0|13.43
1|JP|0|21.74
0|JP|0|14.66
1|FR|0|21.82
1|FR|0|13.87
0|JP|0|29.97
0|FR|0|20.69
0|EN|0|19.64
1|FR|0|29.54
1|EN|0|10.77
1|FR|0|11.93
0|EN|0|14.32
0|EN|0|29.24
1|FR|0|17.12
0|EN|0|20.96
0|FR|0|22.11
0|EN|0|17.69
0|JP|0|25.43
1|FR|0|17.57
1|FR|0|19.66
0|FR|0|20.74
1|FR|0|26.60
0|FR|0|11.65
0|FR|0|11.43
1|EN|0|21.76
1|FR|0|12.60
1|FR|0|16.81
0|FR|0|16.47
0|EN|0|10.33
0|FR|0|19.24
0|JP|0|24.09
0|FR|0|14.02
1|EN|0|19.35
0|FR|0|12.80
1|FR|0|12.25
0|FR|0|23.01
1|EN|0|22.33
0|EN|0|18.56
0|EN|0|20.05
0|FR|0|25.13
1|JP|0|23.06
1|EN|0|7.061
1|JP|0|20.65
1|FR|0|8.388
0|EN|0|24.51
0|FR|0|22.67
0|FR|0|18.75
0|JP|0|18.71
0|EN|0|8.579
0|FR|0|11.46
0|FR|0|16.47
0|EN|0|20.89
1|FR|0|24.20
1|FR|0|6.756
0|FR|0|17.94
1|FR|0|25.18
0|FR|0|26.11
0|FR|0|5.534
0|FR|0|30.21
0|FR|0|28.51
1|FR|0|25.04
0|EN|0|8.130
0|FR|0|6.024
1|FR|0|13.73
1|JP|0|20.11
1|JP|0|22.90
0|EN|0|10.58
0|FR|0|24.68
1|FR|0|12.82
1|FR|0|15.20
0|FR|0|23.80
1|FR|0|26.86
1|FR|0|27.28
1|EN|0|12.33
0|FR|0|21.32
0|JP|0|26.77
1|FR|0|17.21
1|FR|0|9.519
0|FR|0|10.45
0|FR|0|13.13
1|FR|0|21.76
0|EN|0|15.74
0|FR|0|16.71
1|FR|0|17.55
1|FR|0|9.539
0|FR|0|12.08
0|FR|0|12.58
0|FR|0|8.904
1|JP|0|12.47
0|FR|0|28.78
0|EN|0|10.37
0|FR|0|25.94
1|EN|0|20.06
0|FR|0|6.449
0|FR|0|6.486
1|EN|0|29.76
1|FR|0|22.16
1|FR|0|16.10
0|FR|0|6.841
0|FR|0|10.05
0|FR|0|26.97
1|JP|0|14.31
0|JP|0|5.848
1|EN|0|10.60
1|FR|0|12.54
1|EN|0|9.939
1|FR|0|27.69
1|FR|0|22.25
1|EN|0|19.79
0|FR|0|21.98
1|FR|0|11.70
0|FR|0|9.329
1|EN|0|26.30
1|JP|0|6.616
0|EN|0|23.20
0|JP|0|24.60
1|FR|0|6.025
0|FR|0|8.607
0|EN|0|16.53
0|EN|0|15.50
0|EN|0|14.17
0|EN|0|12.94
0|EN|0|8.241
1|JP|0|29.49
0|FR|0|6.580
1|FR|0|30.18
0|FR|0|16.13
0|JP|0|5.917
1|FR|0|17.67
0|EN|0|8.875
1|JP|0|28.90
0|EN|0|6.468
1|JP|0|10.23
1|EN|0|9.306
0|FR|0|12.73
1|FR|0|17.72
0|FR|0|25.26
1|JP|0|11.40
1|EN|0|18.83
1|EN|0|18.52
1|EN|0|27.88
0|FR|0|21.62
0|JP|0|17.99
0|FR|0|24.50
0|JP|0|28.84
1|FR|0|26.34
1|FR|0|14.03
1|FR|0|15.20
1|FR|0|20.03
1|EN|0|22.86
1|FR|0|12.58
1|FR|0|25.76
0|JP|0|21.79
0|JP|0|26.90
1|EN|0|17.39
0|EN|0|8.002
0|FR|0|25.13
1|JP|0|6.989
0|EN|0|17.47
0|JP|0|11.34
1|JP|0|28.04
1|JP|0|19.23
1|FR|0|25.39
0|JP|0|6.571
1|JP|0|18.85
0|JP|0|7.494
1|FR|0|19.23
0|FR|0|26.24
1|JP|0|26.73
0|JP|0|7.414
1|JP|0|19.75
1|EN|0|15.53
0|FR|0|29.08
1|EN|0|11.57
1|JP|0|22.16
0|EN|0|25.65
0|JP|0|29.23
1|FR|0|9.455
1|FR|0|6.865
1|JP|0|8.726
1|FR|0|7.541
1|FR|0|11.28
0|FR|0|28.61
0|EN|0|26.61
1|FR|0|28.99
1|FR|0|20.01
1|JP|0|11.37
1|FR|0|16.72
0|EN|0|12.61
1|FR|0|22.37
1|FR|0|17.51
1|FR|0|25.15
1|JP|0|23.13
1|EN|0|8.670
0|EN|0|11.17
1|FR|0|29.98
1|JP|0|13.61
1|FR|0|7.120
0|EN|0|13.91
1|FR|0|30.33
1|FR|0|14.85
1|JP|0|18.38
0|FR|0|15.53
1|FR|0|26.18
1|FR|0|14.32
0|FR|0|27.97
1|JP|0|24.15
0|JP|0|11.30
0|JP|0|6.164
0|EN|0|23.77
1|FR|0|23.64
1|JP|0|12.83
1|JP|0|24.07
1|JP|0|11.63
0|FR|0|21.30
0|FR|0|26.49
1|FR|0|22.28
1|EN|0|26.20
0|FR|0|14.39
1|FR|0|21.98
1|JP|0|26.71
0|FR|0|16.71
0|EN|0|15.81
1|EN|0|8.098
1|JP|0|12.11
0|FR|0|21.09
1|FR|0|21.00
1|JP|0|12.51
0|FR|0|19.46
1|FR|0|18.93
1|JP|0|12.20
1|FR|0|11.96
0|FR|0|27.73
1|FR|0|27.39
1|FR|0|25.24
1|EN|0|12.77
1|FR|0|29.94
0|FR|0|30.34
1|FR|0|16.81
0|FR|0|14.40
1|EN|0|9.931
1|EN|0|13.01
0|FR|0|8.130
1|FR|0|28.73
0|EN|0|13.94
0|JP|0|23.66
0|EN|0|7.742
0|EN|0|17.93
0|FR|0|28.29
1|JP|0|17.91
1|JP|0|18.07
1|FR|0|16.89
0|EN|0|30.46
1|FR|0|16.07
1|EN|0|20.53
1|FR|0|27.19
0|FR|0|29.00
1|EN|0|26.07
1|EN|0|19.59
1|JP|0|8.620
1|JP|0|6.237
0|FR|0|6.691
1|FR|0|17.52
1|JP|0|23.38
0|EN|0|22.84
1|FR|0|13.85
1|FR|0|13.24
1|EN|0|18.66
0|FR|0|7.981
1|EN|0|22.57
0|FR|0|23.69
0|EN|0|7.324
0|EN|0|23.21
1|FR|0|14.65
0|JP|0|16.07
0|JP|0|21.16
0|FR|0|20.51
0|EN|0|18.99
0|FR|0|22.24
1|EN|0|10.76
0|FR|0|8.080
1|FR|0|26.71
1|FR|0|26.14
1|FR|0|13.23
1|EN|0|24.07
1|FR|0|22.09
0|EN|0|20.45
1|FR|0|19.41
0|FR|0|16.20
0|FR|0|23.65
0|FR|0|24.89
1|JP|0|11.20
0|FR|0|10.39
1|JP|0|20.56
1|FR|0|12.32
1|FR|0|26.17
1|FR|0|17.71
1|JP|0|30.07
0|FR|0|11.02
0|FR|0|28.61
1|EN|0|15.91
0|FR|0|28.13
0|JP|0|13.39
0|JP|0|27.93
0|EN|0|26.50
0|JP|0|22.24
1|JP|0|24.91
1|EN|0|9.069
1|JP|0|12.82
0|FR|0|24.70
1|FR|0|18.56
0|FR|0|17.15
0|EN|0|17.46
1|JP|0|24.29
1|FR|0|20.11
0|FR|0|12.97
0|FR|0|28.48
0|JP|0|11.72
1|EN|0|19.44
0|FR|0|16.11
0|JP|0|22.45
0|EN|0|24.36
0|JP|0|22.24
1|FR|0|14.59
0|EN|0|14.85
0|FR|0|10.21
1|JP|0|18.34
1|FR|0|29.88
1|FR|0|19.61
1|FR|0|19.16
1|FR|0|25.77
1|EN|0|9.225
0|FR|0|27.84
1|FR|0|26.07
0|FR|0|26.14
0|FR|0|27.06
1|JP|0|21.05
1|EN|0|11.76
1|EN|0|14.20
0|JP|0|28.79
1|FR|0|22.68
1|JP|0|24.06
1|FR|0|19.48
1|FR|0|18.86
1|EN|0|13.76
1|FR|0|26.37
0|EN|0|19.66
1|JP|0|7.818
0|FR|0|19.78
1|JP|0|6.542
0|EN|0|22.44
1|FR|0|11.97
1|JP|0|10.10
1|FR|0|27.84
0|FR|0|5.659
1|JP|0|18.19
1|JP|0|10.67
0|EN|0|8.951
0|EN|0|9.989
0|FR|0|12.26
0|EN|0|27.15
0|FR|0|24.99
1|JP|0|26.22
0|EN|0|12.38
0|JP|0|24.13
1|FR|0|6.482
1|JP|0|18.90
1|EN|0|19.10
1|JP|0|8.570
1|JP|0|9.311
1|FR|0|22.73
0|JP|0|16.50
0|JP|0|17.52
1|EN|0|25.72
0|JP|0|28.66
1|JP|0|11.98
1|JP|0|16.79
1|EN|0|14.28
1|EN|0|12.71
0|JP|0|9.668
1|EN|0|26.69
0|FR|0|24.32
0|JP|0|9.646
1|FR|0|21.85
1|FR|0|9.778
0|FR|0|27.83
1|JP|0|10.59
0|EN|0|15.89
0|EN|0|19.15
0|JP|0|23.97
0|EN|0|9.413
1|JP|0|22.57
0|EN|0|14.93
0|EN|0|19.62
0|FR|0|13.96
0|EN|0|10.65
0|FR|0|13.40
1|EN|0|27.95
1|FR|0|12.50
1|EN|0|28.69
0|JP|0|16.81
0|EN|0|12.67
0|EN|0|13.05
1|JP|0|5.539
1|JP|0|12.35
0|FR|0|21.66
0|EN|0|8.082
1|JP|0|12.50
0|FR|0|28.14
0|JP|0|21.65
1|JP|0|9.105
0|EN|0|23.43
1|FR|0|17.01
1|JP|0|11.04
1|FR|0|9.100
0|EN|0|15.16
1|FR|0|8.632
1|FR|0|14.02
1|EN|0|24.74
0|JP|0|17.28
1|FR|0|8.546
0|JP|0|28.79
1|FR|0|13.98
1|FR|0|12.23
1|JP|0|25.45
1|FR|0|15.94
1|EN|0|8.400
0|FR|0|29.79
1|JP|0|29.80
1|FR|0|12.69
0|FR|0|21.92
1|FR|0|14.77
0|JP|0|30.05
0|FR|0|6.471
0|FR|0|28.70
1|FR|0|23.49
1|FR|0|13.36
0|EN|0|16.68
1|FR|0|16.74
0|FR|0|15.36
0|EN|0|10.16
0|FR|0|12.26
0|JP|0|9.615
1|EN|0|11.79
0|EN|0|15.88
1|JP|0|24.27
0|JP|0|22.17
0|FR|0|30.03
0|FR|0|20.19
0|FR|0|19.73
0|EN|0|7.692
1|JP|0|24.72
0|FR|0|25.83
0|EN|0|12.11
1|EN|0|27.12
0|FR|0|30.45
0|FR|0|16.05
1|JP|0|24.25
0|FR|0|6.907
0|JP|0|21.73
0|JP|0|12.17
1|FR|0|29.26
0|FR|0|15.40
1|EN|0|22.38
0|EN|0|28.08
0|FR|0|5.503
1|FR|0|14.12
0|JP|0|6.150
0|FR|1|23.70
1|EN|0|19.32
0|FR|0|12.72
0|JP|0|9.099
1|FR|0|21.99
1|JP|0|25.98
0|FR|0|12.54
0|FR|0|5.841
0|EN|0|24.69
1|EN|0|26.96
1|FR|0|15.87
0|FR|0|10.07
1|JP|0|12.01
0|FR|0|27.30
0|FR|0|15.02
0|FR|0|19.80
1|FR|0|26.08
0|FR|0|15.84
1|FR|0|26.36
1|FR|0|20.93
0|EN|0|21.96
1|FR|0|26.16
1|FR|0|13.99
1|EN|0|13.16
1|FR|0|26.13
1|FR|0|8.825
1|EN|0|14.61
1|EN|0|18.06
1|FR|0|16.80
1|JP|0|22.28
1|JP|0|9.516
1|EN|0|22.36
0|FR|0|10.97
1|FR|0|12.87
1|FR|0|22.09
1|FR|0|27.94
0|FR|0|21.95
0|EN|0|23.87
0|FR|0|22.40
1|JP|0|27.14
1|JP|0|19.24
0|EN|0|29.73
1|EN|0|14.65
1|EN|0|27.82
0|FR|0|29.97
0|FR|0|13.15
0|JP|0|11.40
1|FR|0|10.62
0|FR|0|6.179
1|EN|0|6.999
0|FR|0|9.397
1|JP|0|11.95
0|FR|0|11.79
0|JP|0|22.39
1|JP|0|13.44
0|FR|0|19.22
0|JP|0|28.25
1|FR|0|27.59
1|EN|0|23.28
1|FR|0|16.33
0|FR|0|12.01
1|FR|0|18.19
1|EN|0|29.81
0|FR|0|20.66
1|JP|0|25.39
1|JP|0|25.89
0|FR|0|30.26
0|JP|0|19.36
1|FR|0|6.162
0|FR|0|20.93
0|EN|0|28.68
1|EN|0|23.33
1|EN|0|24.50
1|EN|0|20.14
1|FR|0|26.68
1|JP|0|18.32
0|FR|0|23.42
1|FR|0|18.64
0|EN|0|9.157
0|FR|0|23.14
0|FR|0|20.07
1|EN|0|27.44
0|FR|0|24.49
0|FR|0|23.35
0|FR|0|18.79
1|FR|0|13.06
1|JP|0|29.24
0|JP|0|14.37
1|FR|0|22.79
0|FR|0|28.56
0|EN|0|8.755
0|JP|0|21.82
1|FR|0|13.04
1|JP|0|11.54
0|FR|0|15.95
1|FR|0|18.31
0|FR|0|11.38
0|FR|0|16.34
1|EN|0|13.59
0|FR|0|25.68
0|FR|0|7.572
1|EN|0|9.097
0|FR|0|28.83
0|JP|0|22.22
1|FR|0|19.14
1|FR|0|24.88
0|FR|0|20.67
1|FR|0|17.30
0|EN|0|12.27
1|FR|0|24.65
1|FR|0|19.90
1|JP|0|15.87
1|JP|0|15.01
0|FR|0|5.712
0|FR|0|25.73
0|FR|0|6.334
1|FR|0|20.09
0|EN|0|13.88
0|JP|0|26.50
1|JP|0|30.45
1|EN|0|8.396
1|EN|0|16.34
1|FR|0|18.02
0|JP|0|9.118
1|FR|0|28.84
1|JP|0|19.88
1|EN|0|13.81
0|FR|0|10.29
1|FR|0|12.53
0|FR|0|5.894
1|FR|0|9.214
0|FR|0|24.21
0|JP|0|27.98
1|FR|0|23.79
1|EN|0|16.31
1|FR|0|11.82
0|EN|0|20.75
0|FR|0|7.726
0|EN|0|12.27
1|FR|0|28.89
1|FR|0|11.90
0|FR|0|24.24
0|JP|0|30.37
1|JP|0|9.714
0|JP|0|6.624
0|JP|0|26.13
0|FR|0|22.41
0|JP|0|29.78
0|EN|0|13.29
1|FR|0|12.71
1|FR|0|29.89
1|FR|0|27.32
1|JP|0|19.07
1|EN|0|5.744
0|FR|0|6.164
0|EN|0|21.10
0|FR|0|19.58
0|FR|0|10.30
1|EN|0|16.09
1|FR|0|25.89
1|EN|0|18.97
1|FR|0|28.47
0|EN|0|7.250
0|FR|0|12.90
1|EN|0|6.194
1|FR|0|9.853
0|JP|0|11.89
0|FR|0|26.49
0|FR|0|27.92
0|JP|0|21.69
0|FR|0|7.139
1|EN|0|11.16
1|EN|0|20.45
0|EN|0|8.562
1|FR|0|10.72
0|FR|0|5.569
1|JP|0|12.60
1|JP|0|27.50
1|JP|0|12.63
1|FR|0|6.431
1|EN|0|17.77
0|EN|0|7.464
1|FR|0|7.059
0|FR|0|20.86
1|JP|0|26.93
1|EN|0|27.65
0|FR|0|12.58
0|FR|0|25.62
0|JP|0|28.77
0|FR|0|8.215
1|FR|0|25.58
0|JP|0|28.23
1|EN|0|10.44
0|EN|0|13.03
1|EN|0|9.639
0|EN|0|23.69
0|JP|0|9.527
1|JP|0|15.49
0|JP|0|26.63
1|JP|0|26.98
0|FR|0|28.75
0|JP|0|25.77
1|FR|0|17.47
0|JP|0|16.03
1|EN|0|9.947
0|EN|0|8.157
1|EN|0|20.12
0|EN|0|17.48
0|EN|0|29.85
0|FR|0|26.84
0|FR|0|6.201
0|FR|0|23.45
0|JP|0|25.76
0|JP|0|5.782
1|FR|0|13.69
1|EN|0|8.553
1|JP|0|28.35
0|FR|0|27.19
1|FR|0|19.94
1|FR|0|9.594
1|FR|0|12.31
0|EN|0|13.98
1|JP|0|5.922
0|EN|0|8.068
1|FR|0|15.05
0|FR|0|7.885
1|FR|0|12.47
0|EN|0|28.71
0|FR|0|27.79
1|FR|0|28.62
0|FR|0|19.93
0|EN|0|16.09
0|JP|0|22.99
1|JP|0|7.751
0|FR|0|17.61
0|FR|0|12.24
1|FR|0|13.46
0|JP|0|29.13
0|EN|0|17.28
1|JP|0|21.41
0|EN|0|20.33
1|FR|0|25.22
1|JP|0|15.10
1|FR|0|24.77
0|EN|0|12.00
1|JP|0|20.88
1|FR|0|27.85
0|FR|0|27.13
0|JP|0|21.62
1|EN|0|23.50
1|FR|0|15.97
1|EN|0|14.55
0|FR|0|15.43
0|FR|0|29.97
1|FR|0|8.731
1|FR|0|8.094
1|FR|0|11.71
1|JP|0|27.57
1|FR|0|28.06
0|FR|0|29.57
1|FR|0|9.746
1|FR|0|30.47
1|FR|0|14.42
1|FR|0|7.791
1|JP|0|6.289
0|EN|0|15.89
0|FR|0|24.71
0|FR|0|14.48
1|EN|0|26.76
0|FR|0|7.645
0|EN|0|26.80
0|FR|0|15.97
1|FR|0|22.64
1|JP|0|25.28
1|FR|0|29.00
1|EN|0|7.118
1|FR|0|29.33
0|JP|0|18.86
0|JP|0|21.54
0|FR|0|26.53
1|JP|0|6.761
1|JP|0|21.58
0|JP|0|26.75
1|FR|0|10.56
0|FR|0|21.64
0|JP|0|11.19
0|JP|0|29.33
1|JP|0|10.37
0|FR|0|19.48
0|FR|0|26.81
0|JP|0|27.39
0|FR|0|16.19
0|JP|0|11.43
1|FR|0|20.50
1|JP|0|16.20
0|FR|0|19.34
1|JP|0|8.887
1|EN|0|20.71
1|FR|0|19.11
0|EN|0|26.48
1|JP|0|9.191
0|JP|0|11.25
1|EN|0|8.751
0|EN|0|29.15
0|FR|0|9.440
1|EN|0|7.145
0|FR|0|18.94
1|JP|0|18.88
0|FR|0|5.993
1|FR|0|6.414
0|EN|0|19.14
0|FR|0|6.618
1|JP|0|30.29
0|JP|0|13.99
0|EN|0|28.08
0|EN|0|22.17
0|FR|0|30.08
1|JP|0|13.01
0|FR|0|30.27
0|EN|0|7.327
1|FR|0|10.67
1|FR|0|18.83
0|JP|0|15.89
1|FR|0|15.30
1|FR|0|11.40
1|JP|0|14.65
0|FR|0|28.74
0|FR|0|28.79
1|JP|0|12.30
1|FR|0|17.29
1|EN|0|12.11
0|FR|0|7.808
1|EN|0|19.79
0|FR|0|25.18
0|EN|0|22.77
0|FR|0|24.32
1|FR|0|30.01
1|FR|0|16.88
1|FR|0|5.590
0|FR|0|24.40
1|JP|0|21.11
0|JP|0|14.29
0|FR|0|27.09
0|FR|0|27.48
1|EN|0|25.35
1|FR|0|10.01
1|EN|0|21.16
1|EN|0|17.33
1|FR|0|11.97
0|FR|0|7.314
1|JP|0|6.022
1|FR|0|29.17
1|FR|0|14.04
0|JP|0|28.83
1|FR|0|23.83
0|FR|0|17.57
1|JP|0|24.13
0|EN|0|5.507
0|EN|0|17.06
0|FR|0|30.43
1|FR|0|6.405
0|JP|0|29.10
0|EN|0|18.29
1|FR|0|24.15
0|JP|0|15.77
1|EN|0|6.250
0|FR|0|28.30
0|FR|0|29.48
1|FR|0|11.50
0|JP|0|28.29
0|FR|0|15.90
0|FR|0|28.58
1|EN|0|20.42
1|JP|0|9.064
0|EN|0|26.78
1|EN|0|13.29
0|FR|0|24.22
0|EN|0|8.079
1|FR|0|26.48
0|EN|0|26.87
1|JP|0|25.17
1|FR|0|12.93
0|FR|0|25.84
1|FR|0|26.02
0|JP|0|6.905
0|JP|0|23.25
1|JP|0|26.33
1|FR|0|24.92
1|FR|0|18.36
0|FR|0|9.576
1|JP|0|29.83
1|EN|0|19.52
0|FR|0|23.90
0|EN|0|8.920
0|FR|0|8.791
1|FR|0|13.57
0|EN|0|15.63
0|EN|0|26.21
0|EN|0|24.84
1|EN|0|15.22
0|EN|0|17.19
1|EN|0|11.55
1|EN|0|14.37
0|EN|0|23.27
1|FR|0|29.46
1|JP|0|15.74
1|FR|0|17.76
0|FR|0|14.31
0|JP|0|6.899
1|EN|0|24.23
1|FR|0|28.07
0|JP|0|16.73
0|JP|0|23.05
0|EN|0|6.551
1|JP|0|11.38
0|FR|0|14.14
0|EN|0|25.25
1|FR|0|16.33
1|JP|0|25.07
1|FR|0|23.97
1|JP|0|11.87
0|JP|0|7.473
0|JP|0|6.435
1|JP|0|24.36
0|JP|0|25.85
1|FR|0|25.60
0|FR|0|21.41
1|EN|0|17.56
0|FR|0|29.88
0|FR|0|20.48
1|EN|0|22.47
0|JP|0|6.834
0|EN|0|13.54
1|EN|0|13.39
1|FR|0|26.51
1|FR|0|11.98
0|EN|0|18.43
0|FR|0|8.012
1|FR|0|5.933
1|FR|0|18.71
0|EN|0|22.73
0|EN|0|28.32
0|EN|0|14.35
1|JP|0|29.60
1|FR|0|15.18
0|JP|0|7.210
1|FR|0|13.71
1|JP|0|24.72
0|JP|0|12.25
1|FR|0|21.60
1|JP|0|22.45
0|FR|0|9.940
0|JP|0|6.274
1|FR|0|21.21
1|EN|0|28.87
0|FR|0|15.54
1|FR|0|29.00
1|JP|0|18.50
1|JP|0|15.23
0|JP|0|20.23
1|FR|0|26.09
0|FR|0|17.83
1|FR|0|27.40
0|FR|0|15.22
0|FR|0|22.18
1|FR|0|8.051
1|EN|0|20.38
1|JP|0|16.41
1|FR|0|27.69
1|FR|0|15.44
0|EN|0|21.67
1|FR|0|9.290
0|JP|0|24.50
0|FR|0|30.04
1|FR|0|18.11
1|EN|0|7.750
1|FR|0|21.21
0|FR|0|24.73
0|JP|0|21.47
0|EN|0|23.22
0|FR|0|5.740
1|FR|0|28.33
0|FR|0|16.71
1|FR|0|13.22
0|FR|0|21.80
1|FR|0|13.63
0|EN|0|26.10
1|JP|0|20.22
1|JP|0|22.65
0|FR|0|24.40
0|EN|0|29.24
1|EN|0|26.72
0|EN|0|29.27
1|JP|0|14.05
0|JP|0|11.36
0|JP|0|7.167
1|FR|0|27.83
0|FR|0|23.11
1|FR|0|6.469
0|FR|0|15.40
0|FR|0|25.34
0|FR|0|26.29
0|FR|0|23.02
1|JP|0|7.913
1|FR|0|24.34
1|JP|0|7.874
1|JP|0|12.53
1|FR|0|14.21
1|EN|0|11.24
1|EN|0|16.72
0|FR|0|16.56
1|FR|0|21.23
0|FR|0|23.09
1|EN|0|7.080
0|EN|0|6.609
0|FR|0|15.29
1|FR|0|19.29
0|EN|0|21.49
1|JP|0|19.36
1|FR|0|10.72
0|FR|0|14.42
1|FR|0|14.86
0|FR|0|11.00
0|FR|0|13.29
0|EN|0|10.33
1|FR|0|26.86
0|FR|0|9.600
1|FR|0|30.20
0|JP|0|8.278
0|FR|0|13.88
0|FR|0|14.43
0|JP|0|9.894
0|EN|0|16.31
0|EN|0|28.75
0|FR|0|9.492
1|EN|0|8.375
1|JP|0|14.84
1|FR|0|12.84
1|JP|0|11.02
1|JP|0|28.41
0|EN|0|18.08
1|FR|0|21.41
1|FR|0|29.73
0|FR|0|10.60
0|EN|0|8.146
0|JP|0|8.886
1|EN|0|12.78
0|EN|0|18.64
1|FR|0|10.93
1|FR|0|23.34
1|EN|0|14.68
0|FR|0|15.18
1|EN|0|24.59
0|EN|0|28.44
0|JP|0|9.504
0|EN|0|14.96
0|EN|0|8.687
1|FR|0|25.54
1|FR|0|13.42
0|EN|0|20.35
1|FR|0|11.20
1|JP|0|16.94
0|FR|0|24.78
1|JP|0|18.72
0|EN|0|15.00
0|FR|0|10.41
1|FR|0|7.079
0|FR|0|18.60
0|JP|0|20.11
1|JP|0|6.538
1|FR|0|15.81
0|JP|0|28.69
1|EN|0|25.40
0|EN|0|25.50
0|FR|0|23.02
1|JP|0|12.42
0|JP|0|11.03
1|FR|0|25.39
0|FR|0|18.48
0|FR|0|18.26
1|EN|0|7.744
1|JP|0|24.88
1|FR|0|22.74
1|FR|0|26.11
0|JP|0|26.22
1|FR|0|17.79
1|EN|0|19.59
0|JP|0|25.90
0|FR|0|10.24
0|JP|0|30.32
0|FR|0|6.810
0|JP|0|10.01
1|FR|0|26.01
0|FR|0|18.76
1|FR|0|11.27
1|JP|0|27.55
0|JP|0|12.49
0|EN|0|30.06
0|JP|0|12.85
1|FR|0|27.21
1|FR|0|15.49
1|EN|0|29.11
0|FR|0|30.21
0|JP|0|17.68
0|FR|0|13.00
1|FR|0|14.63
0|EN|0|28.29
0|JP|0|21.64
1|JP|0|10.76
1|EN|0|25.60
0|EN|0|7.754
1|JP|0|15.30
0|JP|0|11.40
0|FR|0|19.37
0|JP|0|21.09
1|FR|0|12.97
0|JP|0|9.366
0|FR|0|24.55
1|FR|0|29.05
1|FR|0|9.705
0|FR|0|15.46
0|FR|0|20.50
1|FR|0|6.299
1|FR|0|9.888
0|FR|0|26.77
0|FR|0|14.75
1|FR|0|19.22
1|JP|0|7.173
1|FR|0|28.61
1|FR|0|5.811
0|EN|0|28.07
1|JP|0|12.77
1|EN|0|12.05
1|FR|0|25.97
1|EN|0|8.744
0|FR|0|9.721
0|FR|0|19.74
0|FR|0|19.62
0|FR|0|17.17
0|FR|0|22.50
0|FR|0|21.49
0|FR|0|7.594
1|JP|0|11.61
1|FR|0|20.51
1|EN|0|12.12
1|EN|0|20.18
1|JP|0|19.74
1|JP|0|12.96
1|FR|0|23.77
0|EN|0|7.385
1|FR|0|30.24
0|FR|0|18.15
1|FR|0|12.44
1|JP|0|29.88
0|FR|0|22.12
0|FR|0|23.64
0|EN|0|17.44
1|JP|0|26.27
0|FR|0|9.999
0|FR|0|19.96
1|FR|0|29.97
1|JP|0|20.90
0|JP|0|23.49
1|FR|0|26.72
1|EN|0|8.344
1|EN|0|23.23
0|EN|0|28.57
0|FR|0|25.91
0|JP|0|16.15
0|FR|0|18.80
0|FR|0|12.33
0|FR|0|8.412
0|FR|0|14.00
1|JP|0|18.76
1|JP|0|24.49
1|EN|0|19.19
1|EN|0|28.58
0|JP|0|25.85
1|FR|0|29.58
0|EN|0|20.00
0|EN|0|11.73
0|JP|0|29.50
0|JP|0|11.77
0|JP|0|16.49
1|JP|0|6.285
1|EN|0|11.38
1|FR|0|19.95
0|JP|0|17.79
1|FR|0|11.09
0|JP|0|7.278
1|FR|0|11.83
0|FR|0|24.64
1|FR|0|21.98
0|FR|0|11.84
0|FR|0|26.93
0|EN|0|13.48
1|FR|0|14.58
0|JP|0|18.24
0|FR|0|27.01
1|FR|0|14.85
1|FR|0|13.97
0|EN|0|13.16
1|JP|0|26.88
1|EN|0|19.43
1|FR|0|23.75
0|FR|0|8.474
1|FR|0|16.47
1|EN|0|10.25
1|EN|0|23.99
1|FR|0|23.95
1|FR|0|21.95
0|EN|0|13.32
0|EN|0|6.358
1|EN|0|24.65
1|FR|0|7.456
0|FR|0|10.45
1|FR|0|7.587
1|JP|0|30.19
1|FR|0|28.99
0|JP|0|14.65
0|FR|0|22.75
1|FR|0|21.19
0|FR|0|26.89
0|FR|0|12.01
0|EN|0|11.00
1|FR|0|8.197
0|FR|0|26.19
1|FR|0|12.88
0|JP|0|28.06
1|FR|0|6.216
0|EN|0|12.19
1|EN|0|27.38
0|FR|0|6.031
0|FR|0|23.21
0|FR|0|9.180
1|JP|0|11.75
0|EN|0|11.35
1|JP|0|21.21
1|FR|0|10.56
0|JP|0|27.91
1|FR|0|29.62
1|FR|0|19.58
0|EN|0|24.01
0|JP|0|12.69
1|EN|0|18.23
1|FR|0|25.34
0|JP|0|18.51
1|JP|0|15.10
1|FR|0|11.51
1|JP|0|14.91
0|FR|0|23.47
1|FR|0|12.70
1|EN|0|14.39
0|FR|0|23.46
0|JP|0|22.25
0|FR|0|21.56
0|EN|0|29.15
1|JP|0|15.15
0|EN|0|9.419
0|FR|0|13.43
0|FR|0|12.08
1|FR|0|5.860
1|JP|0|25.36
0|FR|0|30.19
0|FR|0|29.26
1|JP|0|6.779
1|FR|0|10.38
0|FR|0|23.09
1|FR|0|28.40
0|FR|0|9.489
1|EN|0|10.33
1|JP|0|20.57
1|FR|0|17.64
0|EN|0|6.982
0|FR|0|12.08
1|EN|0|21.29
1|FR|0|22.28
0|EN|0|5.754
0|FR|0|23.51
1|JP|0|9.082
1|FR|0|30.47
1|JP|0|18.15
0|FR|0|10.13
0|JP|0|28.50
1|FR|0|7.128
1|FR|0|12.67
1|FR|0|23.48
1|FR|0|12.62
1|FR|0|15.20
0|FR|0|8.161
0|FR|0|15.01
1|EN|0|14.32
1|FR|0|6.549
0|FR|0|12.10
1|FR|0|18.26
0|FR|0|11.80
0|JP|0|17.42
0|FR|0|28.31
1|FR|0|18.17
1|JP|0|23.07
0|FR|0|25.03
1|JP|0|22.80
0|FR|0|15.00
1|EN|0|14.43
0|JP|0|23.85
1|EN|0|6.671
0|JP|0|12.24
0|JP|0|6.346
0|JP|0|9.692
1|EN|0|13.96
1|EN|0|22.42
1|FR|0|11.69
1|FR|0|23.49
1|FR|0|23.98
0|FR|0|26.61
0|EN|0|28.54
1|FR|0|27.17
0|JP|0|23.73
0|EN|0|10.17
0|EN|0|8.541
0|EN|0|26.27
1|FR|0|21.72
0|FR|0|14.23
0|FR|0|17.35
0|EN|0|27.58
1|JP|0|26.56
0|FR|0|16.86
0|FR|0|24.87
0|FR|0|6.506
1|JP|0|21.43
0|FR|0|22.76
0|FR|0|20.22
1|FR|0|10.65
1|FR|0|10.78
0|JP|0|25.30
1|FR|0|14.14
0|EN|0|17.23
1|FR|0|9.713
1|EN|0|22.85
1|FR|0|30.45
0|EN|0|19.02
0|EN|0|18.98
0|EN|0|16.18
0|FR|0|13.79
1|FR|0|12.53
0|EN|0|19.44
1|EN|0|15.90
1|FR|0|21.33
1|JP|0|12.51
0|FR|0|20.79
0|EN|0|22.31
0|JP|0|12.77
1|EN|0|12.18
0|JP|0|23.97
0|EN|0|8.338
0|JP|0|21.88
1|JP|0|16.06
1|EN|0|25.72
1|EN|0|21.47
0|FR|0|18.74
0|FR|0|24.19
0|EN|0|27.25
0|JP|0|8.953
0|EN|0|13.75
0|FR|0|8.954
1|FR|0|11.31
1|JP|0|6.215
1|FR|0|27.64
1|JP|0|9.156
1|FR|0|11.67
0|FR|0|29.36
0|FR|0|28.03
1|JP|0|19.24
0|JP|0|25.12
0|EN|0|6.971
1|EN|0|23.27
1|FR|0|12.89
0|FR|0|6.231
1|FR|0|29.16
1|FR|0|29.89
0|FR|0|24.42
1|EN|0|30.30
0|JP|0|25.54
0|FR|0|15.44
1|FR|0|20.59
0|FR|0|24.30
1|FR|0|7.597
0|FR|0|28.89
0|EN|0|10.65
1|FR|0|12.55
1|FR|0|10.27
1|FR|0|7.806
0|FR|0|19.75
0|FR|0|13.48
1|JP|0|15.56
1|FR|0|25.95
0|FR|0|29.03
0|FR|0|5.906
0|EN|0|21.32
0|FR|0|7.251
0|FR|0|27.96
0|EN|0|28.73
1|JP|0|7.205
1|FR|0|25.50
1|FR|0|8.267
1|FR|0|10.11
0|FR|0|20.96
0|FR|0|23.59
1|JP|0|11.66
0|JP|0|16.41
0|FR|0|17.48
1|FR|0|25.97
0|FR|0|11.51
0|FR|0|5.514
1|EN|0|16.12
0|EN|0|9.386
0|FR|0|19.43
1|JP|0|23.74
0|FR|0|28.74
1|FR|0|20.23
0|JP|0|23.49
1|EN|0|22.15
0|FR|0|18.34
0|JP|0|23.31
1|FR|0|8.671
1|FR|0|8.487
0|FR|0|28.40
0|EN|0|24.29
1|FR|0|24.37
1|FR|0|15.04
0|FR|0|7.551
1|FR|0|11.09
0|JP|0|29.22
1|FR|0|17.12
0|EN|0|9.546
0|FR|0|18.40
0|JP|0|23.25
0|FR|0|16.65
1|FR|0|14.30
1|JP|0|30.25
1|FR|0|28.60
1|FR|0|17.88
1|FR|0|28.71
0|JP|0|11.86
0|FR|0|22.34
0|FR|0|23.95
1|FR|0|24.78
1|FR|0|27.05
1|FR|0|12.12
1|FR|0|6.853
0|EN|0|11.35
0|FR|0|8.404
1|JP|0|24.99
1|FR|0|12.17
0|FR|0|28.30
1|FR|0|22.46
1|EN|0|29.71
0|EN|0|20.26
0|EN|0|18.62
1|FR|0|6.459
1|FR|0|24.17
0|FR|0|12.13
0|JP|0|16.07
1|EN|0|16.20
0|FR|0|18.59
0|JP|0|7.378
0|EN|0|7.205
0|JP|0|25.65
0|EN|0|28.29
0|JP|0|24.85
1|EN|0|26.61
0|EN|0|29.91
0|EN|0|22.06
1|FR|0|17.37
1|JP|0|10.75
1|EN|0|13.93
0|FR|0|26.78
1|EN|0|8.686
1|JP|0|14.32
0|FR|0|26.62
0|FR|0|26.45
0|JP|0|21.68
1|JP|0|26.97
0|EN|0|28.85
0|JP|0|10.96
1|FR|0|8.553
0|EN|0|29.01
0|JP|0|6.692
0|FR|0|14.16
1|EN|0|16.46
0|FR|0|23.67
1|JP|0|14.59
1|JP|0|6.774
1|EN|0|17.16
1|FR|0|24.27
1|FR|0|16.98
0|FR|0|18.79
0|FR|0|5.661
0|JP|0|26.04
1|EN|0|25.54
0|EN|0|13.56
0|FR|0|15.68
0|EN|0|18.81
0|FR|0|6.769
0|EN|0|21.03
0|EN|0|11.27
0|FR|0|6.596
0|FR|0|19.19
1|FR|0|13.15
1|JP|0|7.183
1|JP|0|14.99
1|EN|0|26.58
1|FR|0|18.83
1|JP|0|17.43
0|FR|0|12.50
0|FR|0|23.71
1|FR|0|15.25
0|JP|0|10.40
1|EN|0|18.64
0|JP|0|29.60
1|FR|0|10.29
1|FR|0|25.28
1|EN|0|29.11
1|FR|0|28.53
0|EN|0|5.943
1|JP|0|12.91
0|FR|0|19.88
1|FR|0|21.43
0|FR|0|27.37
0|FR|0|23.84
0|JP|0|26.29
1|EN|0|19.40
1|FR|0|7.725
0|FR|0|22.79
1|EN|0|28.85
1|FR|0|27.42
0|FR|0|22.15
1|JP|0|26.14
1|FR|0|29.47
1|FR|0|25.38
1|JP|0|30.05
0|EN|0|21.54
0|FR|0|22.00
1|FR|0|28.53
1|JP|0|30.26
1|FR|0|12.77
1|EN|0|12.45
0|FR|0|28.59
1|JP|0|17.94
1|JP|0|10.43
0|EN|0|12.20
0|FR|0|26.32
1|FR|0|12.78
0|FR|0|19.32
0|EN|0|10.33
0|EN|0|19.09
0|EN|0|23.67
0|JP|0|20.31
1|JP|0|24.92
0|FR|0|15.05
0|FR|0|13.89
1|EN|0|10.38
1|EN|0|16.83
1|FR|0|11.61
0|FR|0|9.213
1|JP|0|22.43
1|FR|0|8.351
0|FR|0|24.89
0|FR|0|23.78
1|EN|0|9.980
0|FR|0|9.833
1|FR|0|6.637
0|FR|0|11.12
0|EN|0|15.12
1|EN|0|15.82
1|FR|0|20.51
0|FR|0|19.22
0|JP|0|10.83
1|FR|0|23.30
1|FR|0|25.10
1|FR|0|6.431
1|FR|0|26.47
1|FR|0|22.99
0|FR|0|29.35
0|EN|0|13.95
1|FR|0|23.07
0|EN|0|21.01
0|FR|0|25.16
0|EN|0|20.59
1|EN|0|19.15
1|FR|0|29.29
1|FR|0|16.31
1|FR|0|25.13
0|FR|0|9.832
1|FR|0|20.75
1|FR|0|28.88
1|JP|0|10.83
1|JP|0|11.97
1|JP|0|24.67
0|FR|0|8.072
1|FR|0|9.046
0|EN|0|23.40
1|FR|0|29.27
1|FR|0|15.10
1|JP|0|8.465
1|EN|0|10.36
1|FR|0|25.58
1|FR|0|15.11
0|EN|0|6.741
1|JP|0|18.89
1|FR|0|11.05
1|JP|0|22.67
1|JP|0|26.81
0|FR|0|13.21
0|FR|0|18.59
0|FR|0|24.97
0|EN|0|16.73
0|EN|0|12.74
0|EN|0|21.93
1|FR|0|28.45
1|FR|0|21.72
0|EN|0|9.266
0|FR|0|8.823
1|FR|0|21.50
0|FR|0|9.710
0|JP|0|22.02
1|EN|0|28.32
0|JP|0|29.54
1|EN|0|25.81
0|FR|0|24.58
1|JP|0|23.53
1|FR|0|18.59
1|FR|0|14.86
1|EN|0|30.02
0|JP|0|19.02
0|FR|0|11.96
0|FR|0|21.64
1|EN|0|23.45
0|EN|0|28.32
0|FR|0|7.773
1|FR|0|10.26
0|FR|0|8.957
1|EN|0|10.41
0|FR|0|20.96
1|FR|0|13.01
1|FR|0|16.45
1|EN|0|18.12
1|FR|0|28.12
1|FR|0|9.171
1|FR|0|6.693
1|EN|0|24.45
0|JP|0|7.450
1|EN|0|25.44
0|EN|0|25.03
1|FR|0|7.936
0|FR|0|11.14
1|FR|0|21.68
0|EN|0|30.01
1|FR|0|21.66
1|EN|0|12.05
0|FR|0|15.55
0|EN|0|8.464
0|FR|0|8.261
1|JP|0|12.64
1|FR|0|27.52
1|JP|0|28.39
1|EN|0|29.91
0|JP|0|20.71
0|FR|0|25.00
1|EN|0|11.27
0|JP|0|6.250
1|EN|0|15.98
0|JP|0|29.56
0|EN|0|10.51
1|EN|0|8.643
0|FR|0|22.63
1|EN|0|21.18
0|FR|0|7.235
1|JP|0|12.81
0|FR|0|13.85
1|JP|0|28.22
0|FR|0|25.57
1|JP|0|18.81
0|FR|0|17.11
1|FR|0|14.47
1|JP|0|12.68
0|FR|0|13.79
1|EN|0|16.26
0|FR|0|13.48
0|FR|0|9.564
0|FR|0|18.72
0|JP|0|8.003
1|FR|0|19.40
0|JP|0|10.95
0|JP|0|28.89
0|FR|0|25.65
1|EN|0|26.30
0|FR|0|11.02
1|FR|0|25.36
1|EN|0|11.28
0|JP|0|21.76
1|FR|0|12.47
1|JP|0|24.05
1|FR|0|20.10
1|JP|0|9.454
0|FR|0|15.05
0|FR|0|26.33
0|EN|0|13.06
1|EN|0|6.999
0|FR|0|23.79
0|EN|0|12.46
0|EN|0|21.88
0|EN|0|14.53
1|FR|0|7.408
1|FR|0|22.39
1|FR|0|28.05
1|FR|0|23.91
1|FR|0|19.57
0|FR|0|11.42
0|JP|0|10.07
1|FR|0|19.26
0|EN|0|29.06
0|FR|0|18.66
1|FR|0|27.04
0|JP|0|23.45
0|EN|0|8.213
0|EN|0|16.32
0|EN|0|15.98
0|FR|0|12.87
0|EN|0|24.47
0|EN|0|21.43
0|FR|0|27.15
0|FR|0|25.98
0|EN|0|20.05
1|FR|0|18.21
0|JP|0|22.91
0|JP|0|20.99
0|FR|0|19.07
0|JP|0|26.61
1|JP|0|15.01
1|FR|0|16.39
1|FR|0|23.62
0|FR|0|20.57
0|FR|0|21.50
0|JP|0|20.71
1|JP|0|30.34
0|FR|0|13.40
1|FR|0|25.48
0|EN|0|23.02
1|FR|0|13.31
1|FR|0|29.97
0|FR|0|27.76
0|FR|0|25.93
1|JP|0|29.57
0|JP|0|20.47
1|JP|0|28.88
0|FR|0|6.697
0|FR|0|10.77
1|JP|0|15.15
0|EN|0|21.32
1|JP|0|8.880
1|JP|0|17.09
1|EN|0|7.548
1|EN|0|11.03
0|JP|0|21.00
0|JP|0|12.49
1|FR|0|19.16
0|JP|0|15.23
0|JP|0|11.19
0|JP|0|10.98
0|JP|0|23.73
1|FR|0|22.58
1|EN|0|23.42
1|FR|0|20.57
0|JP|0|18.13
1|JP|0|9.123
0|FR|0|15.41
0|FR|0|27.11
1|FR|0|11.08
0|FR|0|7.199
0|EN|0|13.90
0|EN|0|30.36
0|FR|0|22.25
0|JP|0|15.38
1|JP|0|15.39
0|EN|0|16.71
0|JP|0|22.39
1|FR|0|20.18
0|JP|0|14.38
1|EN|0|29.11
0|FR|0|18.32
1|JP|0|29.50
0|FR|0|14.45
0|FR|0|25.12
1|EN|0|10.42
0|FR|0|6.510
0|FR|0|15.88
1|EN|0|22.48
1|FR|0|11.72
0|JP|0|6.922
1|JP|0|10.29
0|FR|0|27.14
0|FR|0|8.409
0|FR|0|6.423
1|FR|0|7.262
1|JP|0|28.47
1|EN|0|12.18
0|JP|0|25.79
0|JP|0|11.08
1|JP|0|10.01
0|FR|0|16.83
0|FR|0|30.08
1|FR|0|24.17
0|JP|0|10.81
0|FR|0|13.45
0|EN|0|27.00
1|JP|0|26.70
0|JP|0|17.40
1|EN|0|21.84
1|FR|0|6.835
0|FR|0|23.60
0|EN|0|17.73
1|FR|0|25.35
1|JP|0|8.788
1|FR|0|21.44
0|JP|0|10.69
1|EN|0|27.46
1|EN|0|13.34
1|FR|0|6.624
0|FR|0|9.049
0|JP|0|15.08
1|JP|0|14.49
1|JP|0|15.18
0|FR|0|25.00
0|EN|0|6.158
1|FR|0|20.11
0|FR|0|14.13
1|EN|0|20.70
0|EN|0|15.49
1|FR|0|29.52
1|EN|0|20.09
1|EN|0|19.73
0|JP|0|17.86
1|JP|0|13.48
1|FR|0|8.501
1|FR|0|18.52
1|EN|0|10.84
0|FR|0|24.26
1|FR|0|14.19
0|JP|0|17.12
0|FR|0|25.74
1|FR|0|10.37
0|EN|0|29.38
1|EN|0|20.43
1|EN|0|9.707
1|FR|0|29.27
0|FR|0|12.91
0|EN|0|21.24
1|FR|0|25.53
1|JP|0|10.02
1|FR|0|15.28
1|JP|0|29.13
1|JP|0|21.44
1|JP|0|8.764
1|JP|0|6.637
0|FR|0|30.22
0|JP|0|29.56
1|EN|0|28.52
1|FR|0|28.57
1|JP|0|19.42
0|EN|0|18.01
0|FR|0|18.03
1|FR|0|13.09
0|FR|0|24.28
0|JP|0|20.45
1|JP|0|26.46
0|JP|0|17.29
1|FR|0|19.46
1|FR|0|18.29
1|FR|0|6.760
0|JP|0|22.18
0|FR|0|13.45
1|FR|0|23.47
0|FR|0|27.42
1|FR|0|22.15
1|JP|0|20.27
1|FR|0|8.576
0|EN|0|22.22
1|FR|0|13.39
0|JP|0|15.45
0|EN|0|13.13
1|FR|0|13.81
0|FR|0|5.520
1|JP|0|13.27
0|EN|0|24.22
1|JP|0|24.43
1|EN|0|24.55
0|EN|0|20.00
1|EN|0|15.84
0|FR|0|11.20
0|EN|0|23.96
1|JP|0|8.838
0|EN|0|9.624
0|FR|0|11.29
1|FR|0|21.32
0|FR|0|15.03
1|FR|0|19.54
0|JP|0|8.364
0|JP|0|13.53
1|FR|0|25.53
1|EN|0|27.76
1|EN|0|8.835
0|EN|0|25.97
0|FR|0|11.88
1|JP|0|30.38
1|EN|0|5.735
1|EN|0|26.61
0|JP|0|29.58
0|FR|0|7.501
1|EN|0|24.05
0|JP|0|23.94
1|EN|0|28.09
1|JP|0|5.539
1|JP|0|21.96
1|FR|0|15.16
1|FR|0|23.29
1|JP|0|21.75
1|FR|0|30.35
1|JP|0|7.425
0|EN|0|16.34
0|JP|0|27.71
0|FR|0|20.43
1|FR|0|26.80
1|JP|0|28.75
0|FR|0|12.06
0|FR|0|27.42
1|FR|0|10.44
1|JP|0|25.96
1|FR|0|6.839
0|FR|0|18.10
0|FR|0|13.49
1|EN|0|16.68
0|JP|0|11.88
0|FR|0|7.751
0|FR|0|25.84
1|EN|0|19.06
1|EN|0|26.66
1|JP|0|6.074
1|JP|0|18.10
1|FR|0|10.92
0|FR|0|23.60
1|JP|0|19.17
1|FR|0|30.26
1|EN|0|28.38
1|FR|0|14.30
1|EN|0|23.76
1|FR|0|18.56
0|FR|0|8.229
1|JP|0|29.46
0|EN|0|8.971
0|FR|0|23.99
0|JP|0|27.25
0|EN|0|13.13
0|EN|0|18.38
1|JP|0|29.43
1|EN|0|24.28
0|FR|0|17.03
0|FR|0|10.30
1|FR|0|20.06
1|FR|0|21.00
0|FR|0|25.55
1|EN|0|11.05
1|FR|0|11.24
0|EN|0|19.48
1|EN|0|24.35
0|EN|0|30.10
1|JP|0|16.60
1|EN|0|13.17
0|FR|0|10.46
1|EN|0|10.72
0|FR|0|15.06
0|FR|0|30.18
1|FR|0|18.85
1|FR|0|26.07
0|FR|0|21.03
1|EN|0|25.60
0|JP|0|7.319
1|EN|0|11.11
1|FR|0|22.67
0|FR|0|17.63
0|JP|0|16.73
1|JP|0|12.56
1|JP|0|22.27
0|EN|0|20.26
0|JP|0|24.17
1|EN|0|27.56
1|EN|0|20.50
1|FR|0|11.52
1|FR|0|26.28
1|EN|0|16.19
1|EN|0|17.98
0|FR|0|17.62
0|JP|0|9.612
0|EN|1|26.76
1|EN|0|21.21
0|FR|0|25.42
0|EN|0|14.43
0|FR|0|7.918
1|FR|0|21.93
0|EN|0|19.39
1|FR|0|14.24
0|FR|0|6.643
1|JP|0|18.73
1|FR|0|26.87
0|JP|0|6.275
1|FR|0|17.37
0|EN|0|27.95
0|EN|0|9.482
0|FR|0|22.18
0|FR|0|30.24
0|FR|0|13.33
0|FR|0|14.73
1|FR|0|29.82
0|JP|0|8.281
1|FR|0|7.258
1|JP|0|26.58
0|FR|0|17.09
1|EN|0|26.97
1|JP|0|20.26
1|JP|0|24.62
1|FR|0|26.91
0|FR|0|14.61
0|EN|0|27.03
1|EN|0|23.31
1|JP|0|14.73
1|JP|0|7.771
0|FR|0|8.053
0|JP|0|14.50
1|JP|0|21.16
0|JP|0|9.997
0|JP|0|15.50
1|EN|0|7.936
1|FR|0|9.491
1|FR|0|24.11
1|FR|0|17.76
1|FR|0|22.16
0|JP|0|30.24
0|FR|0|14.46
1|FR|0|7.826
0|FR|0|23.92
1|FR|0|29.08
1|JP|0|10.15
1|EN|0|6.573
0|FR|0|16.47
0|JP|0|6.754
1|EN|0|27.28
1|FR|0|20.58
0|FR|0|27.22
1|FR|0|18.31
0|FR|0|14.21
1|FR|0|10.48
1|FR|0|9.182
0|JP|0|5.799
1|FR|0|12.66
0|JP|0|15.95
1|FR|0|22.00
0|EN|0|13.17
0|FR|0|17.00
1|FR|0|26.12
1|EN|0|10.53
1|EN|0|15.95
1|JP|0|24.64
1|JP|0|29.28
1|JP|0|27.06
1|EN|0|19.15
0|JP|0|22.60
0|FR|0|16.56
1|FR|0|7.994
1|FR|0|28.80
1|FR|0|6.425
0|FR|0|29.50
1|FR|0|27.39
1|EN|0|24.33
0|JP|0|11.24
1|JP|0|11.21
0|FR|0|21.45
1|FR|0|27.78
1|EN|0|30.04
0|EN|0|24.14
0|FR|0|14.57
0|JP|0|30.43
0|EN|0|28.49
0|EN|0|28.57
1|EN|0|16.72
0|EN|0|10.78
0|EN|0|19.38
0|JP|0|6.937
1|JP|0|23.57
0|EN|0|10.48
1|FR|0|13.20
1|FR|0|12.48
1|JP|0|7.816
0|EN|0|10.67
1|FR|0|11.51
1|FR|0|22.90
0|EN|0|14.30
0|JP|0|14.61
1|JP|0|9.203
0|FR|0|18.10
1|FR|0|26.50
1|JP|0|29.98
1|FR|0|6.357
1|FR|0|24.50
1|FR|0|29.88
1|FR|0|19.87
0|FR|0|17.47
0|JP|0|30.33
1|EN|0|18.80
0|EN|0|20.67
0|JP|0|15.38
1|JP|0|7.274
0|FR|0|5.628
1|JP|0|14.17
0|FR|0|14.31
1|FR|0|11.04
1|FR|0|28.94
0|FR|0|19.08
1|FR|0|20.94
1|EN|0|9.741
1|EN|0|14.54
0|FR|0|16.63
1|FR|0|29.77
1|EN|0|19.83
0|FR|0|17.52
1|JP|0|5.588
1|FR|0|22.09
1|FR|0|8.624
0|EN|0|17.91
0|EN|0|27.16
1|FR|0|18.20
1|FR|0|19.54
1|JP|0|18.97
0|FR|0|17.81
1|EN|0|18.01
0|FR|0|7.569
1|EN|0|15.69
1|FR|0|28.45
0|FR|0|14.92
1|FR|0|14.48
1|JP|0|17.01
0|FR|0|9.120
0|FR|0|28.23
1|FR|0|6.367
1|FR|0|6.620
1|FR|0|16.45
1|FR|0|29.37
1|FR|0|22.16
0|FR|0|15.28
1|EN|0|10.97
0|JP|0|18.60
1|FR|0|5.766
1|EN|0|7.679
0|FR|0|18.12
1|FR|0|26.36
0|FR|0|11.71
0|FR|0|15.54
1|JP|0|19.40
0|EN|0|27.37
1|JP|0|23.57
1|FR|0|29.45
1|FR|0|23.23
1|FR|0|21.10
1|FR|0|25.51
0|JP|0|14.28
0|FR|0|25.09
0|FR|0|26.91
0|FR|0|18.90
1|FR|0|13.83
0|FR|0|12.64
0|EN|0|6.334
0|FR|0|8.345
1|EN|0|22.11
1|JP|0|22.65
1|FR|0|22.47
1|JP|0|26.13
0|FR|0|19.64
0|EN|0|30.19
1|FR|0|5.737
0|FR|0|21.98
0|EN|0|11.79
0|FR|0|17.00
0|FR|0|12.58
0|EN|0|15.84
0|JP|0|7.840
1|FR|0|21.26
0|FR|0|16.03
1|FR|0|26.64
1|FR|0|23.81
1|FR|0|29.47
1|JP|0|24.89
1|EN|0|18.86
1|FR|0|13.44
1|FR|0|29.92
0|FR|0|13.49
0|FR|0|22.80
1|FR|0|8.634
0|JP|0|5.680
1|FR|0|17.45
0|EN|0|8.039
0|EN|0|30.49
0|JP|0|24.48
1|EN|0|19.15
0|FR|0|18.02
0|FR|0|14.53
1|FR|0|18.75
0|EN|0|8.597
0|FR|0|13.72
1|EN|0|11.31
0|FR|0|14.51
1|JP|0|8.734
1|EN|0|26.08
0|FR|0|11.35
0|FR|0|14.49
1|FR|0|21.56
0|FR|0|13.80
1|FR|0|18.63
1|FR|0|20.35
1|FR|0|25.92
0|FR|0|16.47
1|JP|0|30.27
1|EN|0|15.33
0|JP|0|11.00
0|FR|0|23.58
1|JP|0|21.23
1|FR|0|7.723
1|FR|0|19.24
1|EN|0|25.69
0|EN|0|10.49
0|FR|0|6.963
0|EN|0|13.14
1|JP|0|12.73
1|FR|0|29.68
1|FR|0|23.71
1|FR|0|9.890
1|JP|0|15.72
0|FR|0|19.87
1|EN|0|12.77
1|EN|0|27.31
1|EN|0|13.81
1|EN|0|27.03
1|JP|0|7.839
1|FR|0|30.33
0|JP|0|5.909
1|JP|0|18.55
1|JP|0|25.97
1|FR|0|19.09
1|EN|0|28.03
0|EN|0|9.935
1|FR|0|8.516
0|JP|0|29.09
0|FR|0|7.046
0|EN|0|18.05
1|FR|0|10.83
0|FR|0|17.49
0|EN|0|11.30
1|FR|0|7.919
1|FR|0|15.09
1|JP|0|29.68
1|JP|0|5.530
0|FR|0|27.26
0|EN|0|26.91
1|FR|0|28.95
0|EN|0|29.37
0|FR|0|8.883
0|FR|0|20.54
1|JP|0|10.60
0|FR|0|12.77
0|JP|0|13.02
0|EN|0|6.132
0|JP|0|17.11
0|JP|0|23.44
0|FR|0|21.51
0|FR|0|13.36
0|FR|0|13.12
0|JP|0|16.54
0|FR|0|5.947
1|FR|0|27.42
0|FR|0|16.45
0|FR|0|20.50
0|FR|0|7.140
1|JP|0|24.09
0|JP|0|6.420
1|EN|0|22.11
1|FR|0|29.68
1|JP|0|14.62
0|FR|0|7.316
1|FR|0|9.184
0|JP|0|6.554
1|JP|0|7.241
1|FR|0|18.69
0|EN|0|8.851
1|EN|0|24.92
0|JP|0|15.50
0|FR|0|12.16
0|FR|0|18.32
0|FR|0|17.16
1|JP|0|18.07
0|EN|0|18.62
1|JP|0|12.69
0|JP|0|10.93
0|JP|0|8.338
1|FR|0|19.82
1|FR|0|8.295
0|EN|0|18.17
1|FR|0|20.03
0|FR|0|17.50
0|EN|0|6.324
0|FR|0|8.728
0|JP|0|22.07
0|FR|0|28.62
0|EN|0|27.30
0|FR|0|16.67
1|JP|0|6.325
1|FR|0|13.46
1|FR|0|11.95
1|FR|0|19.43
0|FR|0|21.47
1|FR|0|9.186
1|FR|0|16.09
1|FR|0|19.22
0|FR|0|26.36
1|EN|0|27.72
1|FR|0|13.11
1|JP|0|26.67
1|FR|0|8.044
0|FR|0|14.35
1|EN|0|12.09
1|FR|0|23.93
0|FR|0|11.01
1|FR|0|29.31
1|JP|0|12.21
0|FR|0|19.66
0|EN|0|11.29
0|FR|0|10.42
0|FR|0|5.505
1|EN|0|23.53
0|FR|0|21.47
0|FR|0|29.43
0|FR|0|29.76
1|FR|0|25.62
0|FR|0|25.67
0|FR|0|20.00
0|FR|0|28.51
1|FR|0|29.98
1|FR|0|25.86
0|EN|0|26.45
0|FR|0|22.17
0|EN|0|8.367
0|FR|0|13.62
1|EN|0|5.773
1|FR|0|30.08
1|EN|0|7.663
0|JP|0|16.40
0|JP|0|26.49
1|JP|0|28.08
1|FR|0|27.03
1|EN|0|26.24
1|JP|0|28.01
1|FR|0|28.14
0|JP|0|6.516
1|JP|0|18.26
1|FR|0|14.16
0|EN|0|14.53
0|FR|0|9.868
1|EN|0|9.891
0|EN|0|22.56
0|FR|0|19.90
0|EN|0|15.07
0|EN|0|23.14
0|EN|0|14.30
1|FR|0|15.44
0|FR|0|20.27
0|FR|0|6.988
0|JP|0|8.288
1|EN|0|12.26
0|EN|0|10.55
0|EN|0|20.65
1|JP|0|19.30
1|EN|0|8.602
1|EN|0|23.45
0|FR|0|21.70
0|FR|0|15.50
0|JP|0|16.93
0|JP|0|9.080
1|EN|0|15.76
0|EN|0|8.891
0|JP|0|22.51
0|FR|0|13.33
1|FR|0|28.55
1|FR|0|22.72
0|FR|0|23.16
0|JP|0|29.91
1|JP|0|24.51
1|FR|0|13.39
0|EN|0|11.23
0|JP|0|8.512
0|EN|0|10.17
0|FR|0|29.12
1|FR|0|18.20
0|EN|0|18.81
1|JP|0|25.96
0|EN|0|27.98
1|EN|0|23.61
0|FR|0|28.03
1|JP|0|18.73
1|FR|0|9.213
0|EN|0|9.544
1|EN|0|25.91
0|FR|0|25.76
0|FR|0|16.42
1|JP|0|18.66
1|FR|0|29.36
1|EN|0|18.75
1|FR|0|12.90
1|FR|0|9.496
0|FR|0|7.465
1|JP|0|14.84
0|JP|0|13.19
1|FR|0|20.29
1|FR|0|28.52
1|FR|0|22.03
1|FR|0|11.12
0|JP|0|8.109
1|FR|0|5.956
1|FR|0|20.79
1|EN|0|21.19
0|FR|0|6.564
0|EN|0|11.48
0|FR|0|5.649
1|FR|0|26.87
1|JP|0|26.37
0|JP|0|11.21
1|EN|0|22.39
1|EN|0|17.35
1|EN|0|16.99
0|EN|0|21.83
1|EN|0|21.89
0|EN|0|24.63
0|EN|0|6.761
0|FR|0|28.77
0|EN|0|19.17
0|FR|0|14.20
0|FR|0|19.23
1|FR|0|25.90
1|FR|0|14.21
1|FR|0|16.68
1|FR|0|11.28
1|JP|0|23.16
1|EN|0|21.95
0|FR|0|10.82
0|JP|0|17.94
0|FR|0|28.38
0|FR|0|22.39
0|FR|0|21.63
1|FR|0|9.733
1|FR|0|7.919
1|FR|0|27.79
0|JP|0|22.25
1|EN|0|24.11
1|FR|0|14.51
1|FR|0|29.07
1|FR|0|27.68
0|JP|0|6.502
0|FR|0|11.56
1|JP|0|12.65
0|FR|0|12.36
0|JP|0|7.957
0|FR|0|12.85
0|EN|0|7.123
1|EN|0|15.77
0|JP|0|10.27
0|EN|0|10.76
0|EN|0|22.69
1|FR|0|7.245
0|JP|0|10.68
0|FR|0|19.72
1|FR|0|7.918
0|FR|0|14.89
0|FR|0|10.36
1|JP|0|15.45
1|FR|0|21.90
1|JP|0|8.070
0|JP|0|21.74
1|FR|0|14.23
1|FR|0|22.35
0|JP|0|23.75
1|FR|0|18.62
0|EN|0|16.66
0|JP|0|12.05
1|EN|0|15.52
1|JP|0|18.12
1|EN|0|19.07
1|JP|0|29.07
1|JP|0|9.497
1|FR|0|20.30
0|FR|0|6.387
0|FR|0|9.963
0|FR|0|10.98
1|FR|0|29.31
1|FR|0|5.845
0|FR|0|19.37
1|FR|0|28.09
1|EN|0|29.79
0|JP|0|28.54
1|JP|0|24.53
0|EN|0|18.57
0|JP|0|21.29
1|FR|0|12.05
0|JP|0|16.62
0|FR|0|14.48
0|JP|0|15.84
1|EN|0|11.08
1|EN|0|14.48
0|EN|0|12.80
0|FR|0|26.95
0|EN|0|8.011
1|EN|0|17.79
1|EN|0|7.058
1|FR|0|12.38
1|FR|0|24.82
1|JP|0|16.37
0|FR|0|8.105
1|FR|0|21.30
0|EN|0|19.40
0|JP|0|27.05
1|FR|0|17.27
1|FR|0|14.92
1|JP|0|27.08
0|EN|0|6.420
0|FR|0|22.02
1|JP|0|15.23
0|FR|0|11.28
0|FR|0|26.55
1|EN|0|19.77
1|JP|0|5.528
1|EN|0|27.97
1|JP|0|24.55
0|JP|0|7.356
1|FR|0|28.12
1|FR|0|22.05
0|JP|0|19.48
1|FR|0|28.17
1|JP|0|28.10
1|JP|0|27.90
1|JP|0|21.74
0|EN|0|16.75
1|FR|0|9.005
1|FR|0|26.03
1|EN|0|6.914
1|JP|0|27.37
1|FR|0|7.542
1|FR|0|21.95
0|JP|0|11.47
0|JP|0|25.87
0|JP|0|11.79
1|EN|0|26.33
1|JP|0|16.48
0|EN|0|12.30
0|FR|0|10.43
0|FR|0|27.90
1|EN|0|11.27
0|FR|0|18.32
1|FR|0|14.90
0|FR|0|17.82
1|FR|0|15.85
1|FR|0|29.06
0|FR|0|10.77
0|JP|0|15.24
0|JP|0|19.91
0|FR|0|21.12
1|EN|0|20.97
0|FR|0|21.31
0|EN|0|13.19
0|FR|0|26.40
0|EN|0|17.00
1|FR|0|8.223
1|JP|0|20.61
1|FR|0|15.89
1|FR|0|11.16
0|FR|0|29.41
0|FR|0|27.97
0|FR|0|12.10
1|EN|0|16.14
0|FR|0|11.02
1|FR|0|25.75
0|JP|0|29.97
0|JP|0|14.84
0|EN|0|16.72
1|FR|0|8.694
1|FR|0|29.97
1|EN|0|16.37
0|JP|0|8.965
0|FR|0|11.50
0|FR|0|15.86
1|EN|0|19.71
0|FR|0|13.03
0|FR|0|6.106
0|FR|0|23.43
0|FR|0|11.68
0|FR|0|29.37
0|FR|0|9.986
0|JP|0|19.15
0|JP|0|27.94
1|FR|0|7.374
0|JP|0|23.36
0|JP|0|12.73
1|FR|0|11.57
0|FR|0|19.17
0|JP|0|29.37
0|JP|0|30.17
1|EN|0|24.24
0|FR|0|5.628
1|FR|0|20.93
1|FR|0|11.06
1|FR|0|9.338
1|FR|0|17.11
1|FR|0|22.51
1|JP|0|5.595
1|EN|0|25.82
0|EN|0|18.28
0|FR|0|15.60
0|JP|0|26.98
0|EN|0|12.62
1|EN|0|21.08
0|FR|0|24.89
0|FR|0|26.67
1|JP|0|18.10
0|EN|0|24.88
0|FR|0|29.52
1|JP|0|21.86
1|FR|0|17.57
0|FR|0|13.75
1|JP|0|13.96
1|FR|0|21.16
1|FR|0|22.29
0|EN|0|6.874
1|JP|0|28.70
1|EN|0|19.66
0|FR|0|10.49
0|FR|0|16.99
0|JP|0|11.58
0|FR|0|21.51
1|FR|0|13.84
1|FR|0|12.95
1|FR|0|23.25
0|JP|0|18.88
1|EN|0|18.48
1|FR|0|26.90
0|FR|0|6.538
1|JP|0|13.27
1|JP|0|20.53
0|JP|0|28.99
0|JP|0|20.51
1|EN|0|10.17
1|FR|0|17.42
0|FR|0|11.93
1|FR|0|17.74
0|EN|0|21.01
1|FR|0|28.72
0|EN|0|22.34
0|FR|0|17.40
1|FR|0|24.36
1|FR|0|6.082
0|FR|0|15.42
1|FR|0|15.19
1|FR|0|30.01
0|EN|0|9.778
0|FR|0|12.85
1|JP|0|6.674
0|FR|0|7.614
1|EN|0|17.10
1|EN|0|9.187
0|JP|0|18.72
1|FR|0|22.13
1|FR|0|6.623
1|FR|0|26.82
0|JP|0|24.09
1|FR|0|28.98
0|FR|0|27.23
0|EN|0|28.53
0|EN|0|14.93
1|FR|0|25.68
1|EN|0|6.103
1|FR|0|22.50
1|EN|0|8.248
0|FR|0|5.751
1|FR|0|16.78
0|EN|0|27.60
1|JP|0|17.25
0|FR|0|18.64
1|EN|0|20.23
1|EN|0|23.83
1|FR|0|26.91
1|JP|0|24.54
0|EN|0|19.66
1|JP|0|29.49
0|FR|0|11.94
1|EN|0|15.32
1|JP|0|10.14
0|JP|0|11.92
1|FR|0|14.88
0|FR|0|20.55
0|JP|0|12.37
0|FR|0|18.97
0|EN|0|10.58
0|JP|0|17.16
1|FR|0|21.78
0|FR|0|28.16
1|JP|0|12.27
1|EN|0|14.22
0|FR|0|17.84
1|JP|0|17.42
1|JP|0|12.08
1|JP|0|11.87
1|EN|0|9.885
1|FR|0|12.13
1|FR|0|22.39
0|EN|0|29.59
0|EN|0|13.94
0|EN|0|5.824
1|EN|0|15.18
0|EN|0|9.052
0|FR|0|23.16
0|JP|0|22.41
1|JP|0|30.07
0|EN|0|23.24
1|FR|0|12.82
1|EN|0|10.26
0|JP|0|16.78
0|FR|0|19.65
1|FR|0|17.38
0|FR|0|12.79
1|FR|0|11.59
0|FR|0|16.63
1|EN|0|20.77
1|FR|0|10.36
0|JP|0|23.52
1|JP|0|18.74
0|FR|0|7.228
0|FR|0|21.97
1|EN|0|24.98
1|FR|0|26.07
1|FR|0|13.70
1|FR|0|24.98
0|EN|0|9.196
1|EN|0|19.93
0|EN|0|10.31
0|FR|0|19.45
0|EN|0|22.59
1|JP|0|16.39
1|JP|0|18.08
0|FR|0|9.225
1|FR|0|16.42
0|FR|0|22.32
1|FR|0|14.90
1|FR|0|25.63
0|JP|0|10.53
0|FR|0|28.58
1|FR|0|30.26
0|EN|0|23.45
0|FR|0|5.907
0|EN|0|8.861
0|EN|0|7.946
1|EN|0|26.31
0|EN|0|30.29
1|EN|0|28.69
1|FR|0|16.63
0|FR|0|14.64
1|FR|0|15.77
1|FR|0|12.59
0|JP|0|23.64
1|FR|0|14.73
0|FR|0|25.99
0|FR|0|21.48
1|FR|0|12.91
0|JP|0|12.94
0|EN|0|26.31
0|EN|0|10.23
0|FR|0|25.80
0|FR|0|17.05
1|FR|0|22.74
0|FR|0|7.634
1|FR|0|20.13
0|FR|0|8.754
0|EN|0|22.55
1|FR|0|10.44
1|EN|0|10.33
0|EN|0|20.47
1|JP|0|24.08
1|EN|0|26.46
0|FR|0|12.10
0|JP|0|28.00
0|FR|0|27.51
0|FR|0|18.57
0|JP|0|26.63
0|EN|0|21.46
0|FR|0|28.34
1|FR|0|16.35
1|EN|0|13.94
0|EN|0|16.37
0|EN|0|25.17
1|JP|0|19.17
1|FR|0|22.83
0|FR|0|23.33
0|FR|0|15.82
1|FR|0|9.958
1|EN|0|23.45
0|FR|0|29.69
1|JP|0|12.93
1|JP|0|14.62
1|JP|0|30.10
1|FR|0|15.29
0|FR|0|5.586
0|JP|0|17.36
0|JP|0|10.95
1|FR|0|13.77
0|JP|0|8.576
1|FR|0|6.278
1|FR|0|11.32
1|FR|0|9.485
0|FR|0|26.76
1|FR|0|18.26
0|EN|0|21.08
1|FR|0|23.93
1|FR|0|25.48
0|FR|0|28.89
1|EN|0|9.523
0|JP|0|15.09
1|FR|0|21.49
1|FR|0|23.04
1|FR|0|21.34
0|FR|0|27.22
1|JP|0|25.89
1|JP|0|8.743
0|EN|0|11.86
1|FR|0|21.92
1|FR|0|23.86
0|EN|0|22.89
0|FR|0|22.80
1|EN|0|30.47
1|JP|0|16.12
0|EN|0|11.99
1|FR|0|18.30
1|EN|0|7.651
0|FR|0|26.67
0|JP|0|5.771
1|JP|0|17.25
1|EN|0|9.528
0|EN|0|17.84
0|EN|0|24.46
0|FR|0|12.23
0|FR|0|5.685
1|EN|0|11.53
0|EN|0|22.00
1|EN|0|19.89
0|JP|0|20.69
1|EN|0|20.68
1|FR|0|16.49
0|JP|0|27.61
1|JP|0|11.28
0|FR|0|17.36
0|EN|0|22.04
0|JP|0|27.83
0|FR|0|20.60
0|FR|0|20.76
0|FR|0|29.78
1|FR|0|10.08
0|FR|0|23.41
0|JP|0|21.83
1|FR|0|13.49
1|JP|0|15.01
1|JP|0|15.80
1|JP|0|24.16
1|JP|0|6.701
0|JP|0|25.55
0|JP|0|30.43
0|FR|0|15.50
1|EN|0|15.19
0|FR|0|18.81
0|JP|0|11.68
0|EN|0|21.64
0|JP|0|25.85
1|JP|0|28.68
1|EN|0|29.93
1|EN|0|9.045
1|FR|0|10.53
1|EN|0|19.03
1|JP|0|12.18
1|JP|0|25.69
0|FR|0|25.53
1|EN|0|6.795
0|FR|0|9.706
1|EN|0|12.88
1|EN|0|20.46
0|JP|0|13.81
1|FR|0|5.815
0|FR|0|28.06
1|FR|0|22.09
0|EN|0|11.83
0|FR|0|24.46
0|FR|0|16.94
1|EN|0|13.72
0|FR|0|27.77
0|FR|0|26.40
1|FR|0|6.909
1|EN|0|12.24
1|FR|0|15.22
0|FR|0|8.571
0|EN|0|11.02
1|FR|0|10.85
0|FR|0|24.53
1|EN|0|5.927
1|FR|0|18.79
0|FR|0|23.22
0|EN|0|25.64
1|FR|0|14.71
0|FR|0|12.73
0|FR|0|23.79
1|EN|0|17.21
0|FR|0|26.07
0|EN|0|22.17
1|FR|0|26.41
1|EN|0|25.85
0|EN|0|24.18
0|FR|0|10.96
0|EN|0|22.19
0|EN|0|29.17
0|FR|0|9.925
0|FR|0|6.730
0|FR|0|22.42
1|FR|0|22.06
0|JP|0|18.52
0|FR|0|25.14
1|JP|0|25.50
1|FR|0|20.09
0|FR|0|25.27
0|JP|0|10.61
0|EN|0|28.49
1|FR|0|6.838
0|FR|0|18.85
1|EN|0|17.12
0|FR|0|7.578
0|FR|0|26.85
0|FR|0|14.26
0|FR|0|14.38
0|JP|0|18.64
0|FR|0|5.947
0|JP|0|5.614
1|JP|0|15.52
0|EN|0|21.33
0|JP|0|18.03
0|FR|0|18.72
0|EN|0|23.45
1|JP|0|26.75
1|FR|0|6.742
0|FR|0|24.31
1|EN|0|8.776
0|JP|0|17.55
0|JP|0|10.20
1|FR|0|10.97
1|EN|0|7.778
1|FR|0|28.26
1|FR|0|19.13
0|JP|0|14.92
1|JP|0|16.98
0|EN|0|30.40
0|EN|0|10.55
0|FR|0|8.377
1|FR|0|22.96
0|EN|0|9.461
1|JP|0|12.58
1|FR|0|12.41
0|JP|0|24.86
0|FR|0|8.594
1|EN|0|24.94
1|FR|0|29.51
0|JP|0|14.64
0|EN|0|29.60
1|JP|0|28.23
0|EN|0|13.22
0|FR|0|10.75
0|EN|0|28.29
0|FR|0|29.92
0|EN|0|25.74
0|FR|0|21.03
0|EN|0|22.16
1|JP|0|18.88
0|JP|0|7.509
1|FR|0|26.41
0|FR|0|8.842
0|FR|0|13.73
0|EN|0|8.969
0|JP|0|25.73
0|JP|0|16.23
0|FR|0|17.66
0|FR|0|7.276
0|JP|0|5.602
1|FR|0|13.85
1|FR|0|26.15
1|FR|0|21.84
0|FR|0|27.05
1|EN|0|28.41
1|FR|0|17.64
1|FR|0|24.58
1|FR|0|19.21
0|FR|0|9.763
0|FR|0|27.98
1|EN|0|24.75
1|FR|0|18.90
1|JP|0|12.84
0|EN|0|14.58
0|FR|0|12.53
0|EN|0|9.862
1|FR|0|6.560
0|JP|0|23.37
0|JP|0|16.90
0|JP|0|21.86
1|FR|0|19.75
0|FR|0|16.39
1|EN|0|9.061
1|FR|0|22.95
0|FR|0|17.71
0|EN|0|7.436
1|FR|0|24.25
1|EN|0|25.43
1|JP|0|25.09
0|JP|0|19.43
0|JP|0|18.69
1|FR|0|12.27
0|JP|0|26.79
1|EN|0|11.17
1|JP|0|9.366
1|FR|0|25.61
1|JP|0|25.83
0|FR|0|21.65
0|JP|0|27.41
0|EN|0|25.37
0|EN|0|11.02
1|FR|0|10.42
0|FR|0|30.04
0|FR|0|8.407
0|EN|0|15.94
0|FR|0|20.89
1|FR|0|9.162
0|FR|0|12.44
1|FR|0|11.96
0|FR|0|27.24
0|FR|0|16.08
0|JP|0|6.955
1|JP|0|22.96
1|FR|0|22.23
1|JP|0|13.86
1|FR|0|30.29
0|FR|0|13.30
0|JP|0|20.34
1|EN|0|16.48
0|EN|0|21.50
1|JP|0|20.73
1|FR|0|8.315
0|EN|0|10.43
1|EN|0|14.36
1|JP|0|8.300
1|JP|0|15.06
1|JP|0|10.91
0|EN|0|14.77
0|JP|0|18.68
1|EN|0|18.27
1|FR|0|30.22
0|JP|0|28.83
1|FR|0|10.95
1|EN|0|24.08
1|JP|0|17.19
1|FR|0|27.05
0|FR|0|16.76
0|JP|0|17.40
1|FR|0|5.920
1|JP|0|23.33
0|FR|0|19.61
1|EN|0|23.87
0|FR|0|21.90
1|FR|0|10.28
1|JP|0|9.583
0|EN|0|7.535
1|FR|0|26.16
0|FR|0|12.79
0|FR|0|6.752
0|EN|0|25.21
1|FR|0|5.607
0|FR|0|20.92
0|JP|0|7.089
1|EN|0|19.84
0|EN|0|7.083
0|FR|0|28.75
1|FR|0|30.39
1|JP|0|23.85
0|EN|0|6.629
1|EN|0|14.10
1|EN|0|12.13
0|JP|0|14.17
0|FR|0|20.10
1|FR|0|8.353
1|FR|0|17.80
1|FR|0|18.01
1|FR|0|21.71
1|JP|0|20.65
0|FR|0|24.41
0|EN|0|8.263
0|FR|0|8.751
0|EN|0|25.02
1|JP|0|30.17
0|FR|0|22.94
1|FR|0|8.119
0|JP|0|11.52
0|EN|0|21.01
0|FR|0|7.584
1|JP|0|30.33
1|FR|0|20.96
1|FR|0|11.66
1|EN|0|14.16
1|JP|0|6.955
1|EN|0|18.43
0|JP|0|25.10
1|FR|0|24.31
1|EN|0|17.98
1|FR|0|20.69
0|EN|0|20.31
1|JP|0|25.93
0|EN|0|16.12
0|EN|0|24.47
0|EN|0|30.42
0|FR|0|18.87
0|FR|0|20.29
1|FR|0|9.182
1|JP|0|19.84
0|FR|0|20.99
0|EN|0|17.53
0|JP|0|22.36
1|FR|0|9.775
0|JP|0|22.84
1|JP|0|20.26
1|FR|0|22.59
1|FR|0|9.576
1|FR|0|6.971
0|JP|0|25.33
0|FR|0|7.407
0|EN|0|20.35
1|FR|0|27.40
1|JP|0|29.41
1|JP|0|10.67
0|FR|0|18.44
0|FR|0|5.591
1|FR|0|15.42
0|EN|0|5.584
1|FR|0|26.97
1|EN|0|28.72
0|EN|0|12.16
0|JP|0|20.46
1|FR|0|20.11
0|EN|0|28.33
1|JP|0|11.90
0|FR|0|13.54
0|FR|0|9.987
1|EN|0|24.28
0|EN|0|14.38
0|FR|0|21.86
1|EN|0|6.506
0|JP|0|14.00
1|JP|0|24.27
0|EN|0|16.23
0|JP|0|30.31
1|JP|0|22.37
1|FR|0|13.18
0|EN|0|21.03
0|FR|0|9.422
0|FR|0|14.54
0|FR|0|25.14
0|FR|0|16.00
1|JP|0|18.83
1|FR|0|11.02
0|FR|0|29.85
0|EN|0|24.88
0|FR|0|10.98
0|JP|0|12.22
0|FR|0|26.72
0|FR|0|7.285
1|EN|0|27.77
0|JP|0|13.58
0|FR|0|12.03
0|JP|0|18.31
1|JP|0|10.11
1|FR|0|26.08
1|FR|0|25.87
1|FR|0|13.04
1|FR|0|16.99
0|FR|0|23.54
0|FR|0|11.62
0|EN|0|18.04
0|JP|0|9.292
1|FR|0|26.44
1|EN|0|7.270
1|FR|0|11.10
1|EN|0|12.01
0|FR|0|9.951
1|FR|0|21.06
0|EN|0|16.66
0|FR|0|24.73
1|FR|0|14.20
0|FR|0|23.81
1|FR|0|8.881
0|JP|0|11.31
1|FR|0|9.028
0|FR|0|24.16
0|EN|0|7.503
1|FR|0|26.05
0|FR|0|28.63
0|FR|0|20.21
0|FR|0|20.08
0|FR|0|16.04
0|FR|0|17.90
0|JP|0|13.82
1|EN|0|13.29
1|FR|0|20.80
1|EN|0|20.04
1|JP|0|16.99
0|EN|0|14.71
0|EN|0|28.18
1|JP|0|7.809
0|FR|0|19.55
0|EN|0|26.16
1|FR|0|28.23
1|FR|0|19.80
1|FR|0|23.05
0|FR|0|17.04
1|JP|0|28.77
0|FR|0|15.99
0|FR|0|17.27
1|JP|0|23.23
0|EN|0|29.05
1|FR|0|8.254
0|JP|0|19.03
0|JP|0|17.45
1|FR|0|24.34
0|EN|0|29.15
1|FR|0|27.22
1|EN|0|13.01
0|EN|0|20.18
0|JP|0|29.60
1|JP|0|28.56
0|FR|0|26.08
0|JP|0|7.561
1|JP|0|28.06
0|FR|0|27.37
1|FR|0|8.921
0|EN|0|9.961
1|FR|0|21.27
1|FR|0|26.39
0|EN|0|14.94
1|FR|0|16.97
1|FR|0|23.27
0|FR|0|18.47
0|FR|0|19.74
1|EN|0|22.81
0|EN|0|8.419
0|EN|0|8.774
1|JP|0|10.57
1|FR|0|14.47
1|FR|0|9.870
1|FR|0|15.92
0|EN|0|14.97
1|FR|0|30.01
0|JP|0|17.50
1|FR|0|20.61
1|FR|0|27.42
1|FR|0|24.32
1|JP|0|8.625
0|JP|0|24.03
1|EN|0|17.38
1|FR|0|20.96
1|JP|0|15.17
1|JP|0|10.95
0|FR|0|12.14
0|JP|0|13.74
0|EN|0|14.30
1|FR|0|8.578
0|FR|0|6.478
1|FR|0|14.42
0|JP|0|9.517
0|EN|0|11.36
0|FR|0|9.857
1|FR|0|14.18
1|FR|0|27.68
1|FR|0|27.71
1|FR|0|8.963
1|FR|0|6.228
1|FR|0|19.12
1|FR|0|19.84
0|EN|0|10.19
0|FR|0|24.65
0|JP|0|5.531
1|EN|0|26.41
1|EN|0|8.048
1|FR|0|19.61
0|JP|0|13.97
1|FR|0|25.06
1|FR|0|9.350
0|JP|0|6.901
0|FR|0|27.69
1|EN|0|5.718
0|JP|0|28.28
0|FR|0|15.09
0|EN|0|7.259
0|FR|0|14.14
0|JP|0|9.015
1|EN|0|17.75
1|FR|0|12.21
1|FR|0|14.93
0|JP|0|6.328
0|JP|0|16.25
1|EN|0|26.43
1|FR|0|7.697
1|FR|0|27.07
0|JP|0|25.48
1|FR|0|13.75
0|JP|0|27.16
0|EN|0|19.45
0|FR|0|20.01
0|FR|0|13.55
0|JP|0|10.29
1|EN|0|12.69
1|JP|0|23.24
0|JP|0|25.65
1|FR|0|6.613
0|JP|0|9.949
0|FR|0|10.77
0|FR|0|29.88
1|EN|0|10.11
1|FR|0|21.04
0|EN|0|9.720
0|FR|0|17.42
0|EN|0|14.04
0|FR|0|14.28
1|FR|0|29.21
0|JP|0|18.46
1|FR|0|6.677
0|JP|0|19.73
1|JP|0|28.35
1|FR|0|19.68
0|JP|0|28.54
0|FR|0|10.37
0|FR|0|7.841
0|FR|0|19.80
1|FR|0|20.04
1|FR|0|19.66
0|JP|0|26.47
0|FR|0|29.94
0|EN|0|20.55
1|FR|0|20.21
0|FR|0|23.31
1|FR|0|16.06
1|FR|0|6.259
0|JP|0|11.81
1|JP|0|29.64
1|FR|0|13.99
1|FR|0|11.87
1|FR|0|22.21
0|FR|0|13.87
1|FR|0|24.77
0|FR|0|23.00
1|FR|0|11.72
1|JP|0|21.96
1|FR|0|22.89
1|FR|0|21.98
0|FR|0|16.14
1|FR|0|20.90
0|FR|0|28.07
1|FR|0|21.07
1|FR|0|21.35
1|EN|0|7.094
1|EN|0|6.196
1|FR|0|11.24
0|FR|0|9.287
0|FR|0|25.08
0|JP|0|8.741
0|FR|0|18.68
0|EN|0|11.46
0|EN|0|16.61
1|JP|0|23.53
1|FR|0|24.70
0|FR|0|12.49
1|FR|0|21.08
0|EN|0|17.01
0|FR|0|10.67
0|FR|0|17.15
1|JP|0|14.67
0|FR|0|30.39
0|FR|0|23.45
0|FR|0|17.70
1|EN|0|11.77
0|FR|0|29.57
1|FR|0|24.71
0|EN|0|23.67
0|FR|0|28.68
1|FR|0|8.060
0|EN|0|28.66
0|JP|0|27.55
0|EN|0|22.85
0|FR|0|9.827
1|FR|0|7.532
1|EN|0|27.14
1|JP|0|17.72
0|FR|0|13.19
1|FR|0|17.70
1|JP|0|13.36
0|EN|0|20.29
1|FR|0|18.39
1|JP|0|17.65
1|EN|0|29.24
1|EN|0|22.62
1|FR|0|14.00
1|EN|0|26.39
1|EN|0|30.47
0|EN|0|14.80
1|EN|0|24.13
0|JP|0|28.16
0|FR|0|21.41
1|EN|0|28.69
1|FR|0|12.29
1|JP|0|16.00
0|EN|0|6.589
1|EN|0|9.886
1|FR|0|17.92
0|JP|0|23.30
1|EN|0|15.08
0|FR|0|29.08
0|JP|0|25.77
1|EN|0|23.29
0|JP|0|11.52
1|JP|0|16.01
1|EN|0|8.446
0|FR|0|9.174
1|JP|0|22.94
0|FR|0|5.946
0|FR|0|28.72
0|EN|0|9.586
1|JP|0|10.38
1|FR|0|20.81
1|FR|0|21.33
1|JP|0|17.69
0|EN|0|23.18
1|JP|0|27.41
1|JP|0|22.03
1|JP|0|17.56
0|FR|0|22.74
0|EN|0|10.98
0|EN|0|26.10
1|FR|0|8.939
0|JP|0|11.90
1|FR|0|8.162
1|FR|0|20.40
0|EN|0|14.46
0|JP|0|30.26
1|FR|0|19.48
1|JP|0|14.21
0|FR|0|30.42
1|EN|0|6.570
1|FR|0|20.12
1|JP|0|16.38
1|FR|0|15.24
0|FR|0|20.92
1|FR|0|6.082
1|FR|0|19.22
1|EN|0|5.908
0|EN|0|27.83
1|JP|0|28.73
0|FR|0|17.49
0|FR|0|13.47
0|FR|0|30.14
1|EN|0|13.53
0|EN|0|16.33
0|EN|0|23.42
1|FR|0|12.14
0|EN|0|24.61
0|EN|0|26.25
0|FR|0|30.21
0|FR|0|21.51
0|EN|0|19.64
1|FR|0|12.24
0|FR|0|7.640
0|FR|0|11.86
0|FR|0|28.02
1|FR|0|14.00
0|JP|0|24.34
1|JP|0|25.86
1|FR|0|11.89
0|JP|0|18.15
0|EN|0|29.86
