id_auteur,id_serie,id_ouvrage
6,1,1
6,2,1
2,3,1
5,4,1
5,5,1
5,6,1
6,1,2
3,2,2
4,3,2
1,4,2
7,5,2
2,6,2
3,7,2
4,8,2
6,9,2
2,10,2
7,11,2
4,12,2
6,13,2
3,14,2
3,15,2
4,16,2
6,17,2
4,18,2
4,19,2
5,20,2
5,21,2
3,22,2
1,23,2
3,24,2
7,25,2
4,26,2
1,27,2
7,28,2
3,29,2
1,30,2
5,31,2
7,32,2
7,33,2
7,34,2
2,35,2
2,36,2
3,37,2
3,38,2
7,39,2
5,40,2
4,41,2
1,42,2
6,43,2
1,44,2
1,45,2
2,46,2
1,47,2
4,48,2
5,49,2
6,50,2
4,51,2
7,52,2
4,53,2
7,54,2
2,55,2
6,56,2
2,57,2
3,58,2
4,59,2
6,60,2
4,61,2
5,62,2
2,63,2
7,64,2
1,65,2
1,66,2
7,67,2
4,68,2
4,69,2
1,70,2
7,71,2
5,72,2
4,73,2
3,74,2
3,75,2
2,76,2
3,77,2
5,78,2
4,79,2
2,1,3
1,2,3
7,3,3
3,4,3
4,5,3
5,6,3
3,7,3
3,8,3
1,9,3
2,10,3
5,11,3
3,12,3
1,13,3
7,14,3
2,15,3
4,16,3
7,17,3
5,18,3
6,19,3
6,20,3
6,21,3
4,22,3
2,23,3
2,24,3
3,25,3
6,26,3
5,27,3
4,28,3
1,29,3
7,30,3
1,31,3
4,32,3
3,33,3
6,34,3
1,35,3
4,36,3
4,37,3
3,38,3
7,39,3
1,40,3
7,41,3
7,42,3
7,43,3
2,44,3
2,45,3
7,46,3
5,47,3
4,48,3
4,49,3
7,50,3
2,51,3
2,52,3
4,53,3
5,54,3
6,55,3
4,56,3
7,57,3
3,58,3
5,59,3
5,60,3
1,61,3
6,62,3
3,63,3
3,64,3
7,65,3
1,66,3
3,67,3
3,68,3
2,69,3
4,70,3
7,71,3
1,72,3
6,73,3
2,74,3
4,75,3
3,1,4
7,2,4
3,3,4
6,4,4
4,5,4
7,6,4
1,7,4
7,8,4
7,9,4
6,10,4
1,11,4
5,12,4
2,13,4
7,14,4
5,15,4
1,16,4
7,17,4
5,18,4
2,19,4
7,20,4
4,21,4
2,22,4
4,23,4
6,24,4
5,25,4
4,26,4
2,27,4
1,28,4
6,29,4
7,30,4
1,31,4
2,32,4
7,33,4
1,34,4
2,35,4
6,36,4
4,37,4
3,38,4
2,39,4
3,40,4
4,41,4
3,42,4
4,43,4
7,44,4
6,45,4
2,46,4
2,47,4
7,48,4
5,49,4
1,50,4
3,1,5
4,2,5
4,3,5
5,4,5
5,5,5
4,6,5
3,7,5
7,8,5
6,9,5
4,10,5
5,11,5
4,1,6
6,2,6
6,3,6
4,4,6
1,5,6
3,6,6
5,7,6
7,8,6
3,9,6
5,10,6
4,11,6
2,12,6
3,13,6
5,14,6
5,15,6
4,16,6
6,17,6
3,18,6
4,19,6
2,20,6
3,21,6
4,22,6
5,23,6
2,24,6
5,25,6
4,26,6
4,27,6
2,28,6
7,29,6
7,30,6
2,31,6
7,32,6
5,33,6
5,34,6
7,35,6
6,36,6
1,37,6
3,38,6
7,39,6
4,40,6
4,41,6
5,42,6
3,43,6
5,44,6
7,45,6
1,46,6
3,47,6
5,48,6
4,49,6
6,50,6
3,51,6
6,52,6
4,53,6
2,54,6
6,55,6
5,56,6
3,57,6
4,58,6
7,59,6
3,60,6
2,61,6
6,62,6
1,1,7
2,2,7
2,3,7
5,4,7
7,5,7
1,6,7
2,7,7
1,8,7
2,9,7
2,10,7
5,11,7
2,12,7
5,13,7
4,14,7
5,15,7
5,16,7
3,17,7
6,18,7
7,1,8
4,2,8
5,3,8
2,4,8
2,5,8
3,6,8
4,7,8
5,8,8
6,9,8
5,10,8
4,11,8
6,12,8
6,13,8
5,14,8
6,15,8
1,16,8
4,17,8
1,18,8
2,19,8
3,20,8
1,21,8
5,22,8
5,23,8
5,24,8
1,25,8
6,26,8
7,27,8
4,28,8
7,29,8
3,30,8
2,31,8
6,32,8
2,33,8
7,34,8
5,35,8
2,36,8
1,37,8
5,38,8
1,39,8
4,40,8
1,41,8
2,42,8
2,43,8
2,44,8
2,45,8
3,46,8
3,47,8
5,48,8
1,49,8
3,50,8
5,51,8
7,1,9
3,2,9
2,3,9
1,4,9
3,5,9
1,6,9
2,7,9
6,8,9
6,9,9
4,10,9
6,11,9
1,12,9
2,13,9
4,14,9
6,15,9
2,16,9
6,17,9
7,18,9
7,19,9
5,20,9
1,21,9
4,22,9
5,23,9
3,24,9
5,25,9
4,26,9
7,27,9
5,28,9
1,29,9
4,30,9
4,31,9
4,32,9
3,33,9
7,34,9
6,35,9
6,36,9
3,37,9
1,38,9
2,39,9
5,40,9
3,41,9
2,42,9
2,43,9
6,44,9
5,45,9
6,46,9
1,47,9
6,48,9
7,49,9
6,50,9
5,51,9
1,52,9
4,53,9
6,54,9
4,55,9
5,56,9
5,57,9
2,58,9
6,59,9
4,60,9
7,61,9
1,62,9
7,63,9
4,64,9
3,65,9
5,66,9
4,67,9
6,68,9
6,69,9
6,70,9
3,71,9
5,72,9
5,73,9
4,74,9
2,75,9
4,76,9
7,77,9
1,78,9
6,79,9
4,80,9
2,81,9
5,82,9
2,83,9
5,84,9
2,85,9
3,86,9
2,87,9
4,88,9
3,89,9
5,90,9
2,91,9
2,92,9
6,93,9
7,94,9
1,95,9
3,1,10
1,2,10
5,3,10
5,4,10
5,5,10
4,6,10
5,7,10
2,8,10
7,9,10
6,10,10
5,11,10
7,12,10
2,13,10
3,14,10
1,15,10
5,16,10
4,17,10
5,18,10
6,1,11
1,2,11
4,3,11
1,4,11
3,5,11
4,6,11
3,7,11
5,8,11
4,9,11
3,10,11
4,11,11
3,12,11
3,13,11
4,14,11
7,15,11
7,16,11
3,17,11
2,1,12
1,2,12
4,3,12
3,4,12
3,5,12
4,6,12
6,7,12
1,8,12
7,9,12
7,10,12
7,11,12
1,12,12
5,13,12
5,14,12
5,15,12
4,16,12
6,17,12
5,18,12
4,19,12
3,20,12
6,21,12
7,22,12
7,23,12
3,24,12
5,25,12
2,26,12
2,27,12
7,28,12
7,29,12
5,30,12
2,31,12
6,32,12
2,33,12
7,34,12
1,35,12
7,36,12
4,37,12
2,38,12
2,1,13
5,2,13
4,3,13
7,4,13
6,5,13
3,6,13
1,7,13
6,8,13
4,9,13
3,10,13
6,11,13
1,12,13
5,13,13
1,14,13
4,15,13
1,16,13
7,17,13
7,18,13
2,19,13
7,20,13
3,21,13
3,22,13
7,23,13
2,24,13
5,25,13
1,26,13
7,27,13
2,28,13
6,29,13
5,30,13
3,31,13
3,32,13
5,33,13
3,34,13
6,35,13
4,36,13
3,37,13
3,38,13
6,39,13
4,40,13
4,41,13
2,42,13
7,43,13
4,44,13
6,45,13
3,46,13
6,47,13
1,48,13
2,49,13
1,50,13
6,51,13
6,52,13
1,53,13
5,54,13
1,55,13
1,56,13
5,57,13
7,58,13
4,59,13
2,60,13
7,61,13
2,62,13
6,63,13
2,64,13
5,65,13
1,66,13
2,67,13
7,68,13
1,69,13
3,70,13
6,71,13
3,72,13
5,73,13
2,74,13
4,75,13
5,76,13
4,77,13
7,78,13
5,79,13
2,80,13
1,81,13
4,82,13
3,83,13
4,84,13
3,85,13
5,86,13
5,87,13
2,88,13
4,89,13
6,90,13
3,91,13
3,92,13
2,93,13
7,94,13
4,95,13
7,96,13
4,97,13
7,98,13
4,99,13
1,100,13
4,1,14
2,2,14
3,3,14
7,4,14
4,5,14
1,6,14
2,7,14
2,8,14
3,9,14
4,10,14
6,11,14
4,12,14
4,13,14
1,14,14
7,15,14
3,16,14
5,17,14
7,18,14
5,19,14
7,20,14
4,21,14
5,22,14
7,23,14
7,24,14
2,25,14
3,1,15
1,2,15
3,3,15
4,4,15
2,5,15
1,6,15
2,7,15
7,8,15
1,9,15
6,10,15
4,11,15
2,12,15
1,13,15
3,14,15
2,15,15
4,16,15
2,17,15
5,18,15
1,19,15
5,20,15
6,21,15
7,22,15
7,23,15
2,24,15
5,25,15
6,26,15
3,27,15
7,28,15
2,29,15
2,30,15
1,31,15
2,32,15
3,33,15
4,34,15
5,35,15
7,36,15
2,37,15
4,38,15
4,39,15
1,40,15
7,41,15
5,42,15
3,43,15
7,44,15
2,45,15
1,46,15
6,47,15
3,48,15
3,49,15
5,50,15
5,51,15
6,52,15
1,53,15
2,54,15
5,55,15
4,56,15
1,57,15
5,58,15
3,59,15
4,60,15
5,61,15
7,62,15
4,63,15
5,64,15
5,65,15
1,66,15
1,67,15
5,68,15
1,69,15
7,70,15
1,71,15
5,72,15
7,73,15
1,74,15
4,1,16
7,2,16
1,3,16
2,4,16
3,5,16
1,6,16
4,7,16
4,8,16
3,9,16
5,10,16
2,11,16
5,12,16
4,13,16
7,14,16
7,15,16
6,16,16
2,17,16
2,18,16
6,19,16
1,20,16
2,21,16
4,22,16
5,23,16
5,24,16
5,25,16
4,26,16
2,27,16
6,28,16
6,29,16
6,30,16
4,31,16
1,32,16
6,33,16
5,34,16
2,35,16
4,36,16
5,37,16
7,38,16
4,39,16
1,40,16
7,41,16
1,42,16
3,43,16
2,44,16
2,45,16
3,46,16
2,47,16
3,48,16
5,49,16
4,50,16
2,51,16
2,52,16
7,53,16
3,54,16
6,55,16
6,56,16
2,57,16
3,58,16
6,59,16
1,60,16
7,61,16
4,62,16
6,63,16
2,64,16
3,65,16
6,66,16
1,67,16
2,68,16
3,69,16
2,70,16
6,71,16
5,72,16
2,73,16
7,74,16
6,75,16
1,76,16
3,77,16
3,78,16
1,79,16
1,80,16
6,81,16
2,82,16
7,83,16
2,84,16
4,85,16
7,86,16
5,87,16
1,88,16
4,89,16
3,90,16
2,91,16
3,92,16
2,1,17
2,2,17
6,3,17
7,4,17
7,5,17
4,6,17
5,7,17
6,8,17
6,9,17
6,10,17
6,11,17
5,12,17
6,13,17
3,14,17
7,15,17
4,16,17
5,17,17
2,18,17
4,19,17
7,20,17
1,21,17
5,22,17
6,23,17
5,24,17
7,25,17
3,26,17
2,27,17
5,28,17
4,29,17
2,30,17
3,31,17
5,32,17
3,33,17
7,34,17
4,35,17
7,36,17
4,37,17
5,38,17
6,39,17
4,40,17
4,41,17
4,42,17
7,43,17
2,44,17
6,45,17
7,46,17
2,47,17
5,48,17
6,49,17
1,50,17
5,51,17
1,52,17
5,53,17
2,54,17
4,55,17
7,56,17
1,57,17
3,58,17
2,59,17
4,60,17
6,61,17
5,62,17
6,63,17
1,64,17
2,65,17
2,66,17
1,67,17
3,68,17
4,69,17
1,70,17
2,71,17
6,72,17
1,73,17
3,74,17
1,75,17
2,76,17
6,77,17
6,78,17
1,79,17
3,80,17
1,81,17
4,82,17
5,83,17
5,84,17
1,85,17
1,86,17
7,87,17
3,88,17
3,89,17
3,90,17
4,91,17
3,92,17
6,1,18
2,2,18
3,3,18
5,4,18
6,5,18
1,6,18
6,7,18
6,8,18
2,9,18
1,10,18
6,11,18
2,12,18
7,13,18
5,14,18
3,15,18
2,16,18
5,17,18
2,18,18
2,19,18
2,20,18
2,21,18
2,22,18
6,23,18
5,24,18
3,25,18
1,26,18
6,27,18
6,28,18
6,29,18
2,30,18
3,31,18
1,32,18
2,33,18
2,34,18
1,35,18
2,36,18
7,37,18
7,38,18
7,39,18
5,40,18
1,41,18
3,42,18
4,43,18
1,44,18
2,45,18
3,46,18
5,47,18
4,48,18
7,49,18
5,50,18
3,51,18
2,52,18
6,53,18
4,54,18
6,55,18
2,56,18
2,57,18
4,58,18
5,59,18
2,60,18
6,61,18
3,62,18
1,63,18
4,64,18
4,65,18
6,1,19
1,2,19
2,3,19
2,4,19
3,5,19
1,6,19
1,7,19
1,8,19
7,9,19
6,10,19
2,11,19
5,12,19
3,13,19
2,14,19
2,15,19
5,16,19
1,17,19
2,18,19
2,19,19
1,20,19
3,21,19
4,22,19
3,23,19
7,24,19
3,25,19
5,26,19
6,27,19
4,28,19
2,29,19
4,30,19
2,31,19
1,32,19
3,33,19
5,34,19
4,35,19
6,36,19
2,37,19
2,38,19
4,39,19
7,40,19
7,41,19
7,42,19
5,43,19
5,44,19
5,45,19
3,1,20
7,2,20
5,3,20
4,4,20
1,5,20
5,6,20
4,7,20
5,8,20
7,9,20
2,10,20
2,11,20
2,12,20
3,13,20
1,14,20
3,15,20
4,16,20
4,17,20
3,18,20
3,19,20
3,20,20
2,21,20
1,22,20
3,23,20
6,24,20
7,25,20
4,26,20
1,27,20
7,28,20
1,29,20
2,30,20
3,31,20
2,32,20
6,33,20
5,34,20
7,35,20
3,36,20
5,37,20
6,38,20
1,39,20
3,40,20
2,41,20
1,42,20
5,43,20
1,44,20
5,45,20
7,46,20
4,1,21
1,2,21
4,3,21
5,4,21
3,5,21
3,6,21
6,7,21
5,8,21
7,9,21
5,10,21
3,1,22
5,2,22
1,3,22
5,4,22
7,5,22
4,6,22
2,7,22
6,8,22
2,9,22
6,10,22
3,11,22
2,12,22
5,13,22
6,14,22
5,15,22
1,16,22
1,17,22
5,18,22
4,19,22
3,20,22
3,21,22
4,22,22
3,23,22
7,24,22
6,25,22
5,26,22
2,27,22
1,28,22
7,29,22
7,30,22
7,31,22
1,32,22
7,33,22
4,34,22
2,35,22
4,36,22
5,37,22
4,38,22
3,39,22
7,40,22
6,41,22
6,42,22
2,43,22
6,44,22
3,45,22
1,46,22
1,47,22
1,48,22
2,49,22
1,1,23
6,2,23
6,3,23
1,4,23
2,5,23
5,6,23
1,7,23
3,8,23
3,9,23
6,10,23
7,11,23
7,12,23
5,13,23
1,14,23
4,15,23
2,16,23
6,17,23
3,18,23
4,19,23
6,20,23
2,21,23
4,22,23
2,23,23
6,24,23
7,25,23
3,26,23
1,27,23
2,28,23
5,29,23
4,30,23
2,31,23
7,32,23
7,33,23
4,34,23
6,35,23
7,36,23
5,37,23
7,38,23
3,39,23
4,40,23
1,41,23
3,42,23
4,43,23
5,44,23
5,45,23
5,46,23
2,47,23
4,48,23
7,49,23
5,50,23
2,51,23
6,52,23
2,53,23
6,54,23
7,55,23
3,56,23
4,57,23
2,58,23
4,59,23
3,60,23
7,61,23
4,62,23
2,63,23
3,64,23
3,65,23
6,66,23
7,67,23
4,68,23
1,69,23
4,70,23
2,71,23
1,72,23
2,73,23
5,74,23
6,75,23
5,76,23
4,77,23
3,78,23
5,79,23
7,80,23
7,81,23
4,82,23
7,83,23
5,84,23
2,85,23
3,86,23
1,87,23
1,88,23
6,89,23
3,90,23
5,91,23
4,92,23
6,93,23
6,1,24
7,2,24
2,3,24
5,4,24
7,5,24
4,6,24
1,7,24
7,8,24
7,9,24
6,10,24
4,11,24
5,12,24
5,13,24
4,14,24
2,15,24
6,16,24
1,17,24
7,18,24
5,19,24
6,20,24
2,21,24
6,22,24
6,23,24
5,1,25
1,2,25
6,3,25
5,4,25
3,5,25
5,6,25
6,7,25
3,8,25
7,9,25
6,10,25
6,11,25
4,12,25
3,13,25
2,14,25
6,15,25
4,16,25
4,17,25
3,18,25
4,19,25
4,20,25
7,21,25
5,22,25
2,23,25
7,24,25
6,25,25
7,26,25
6,27,25
5,28,25
3,29,25
1,30,25
7,31,25
7,32,25
5,33,25
5,34,25
1,35,25
2,36,25
2,37,25
2,38,25
2,39,25
5,40,25
6,41,25
5,42,25
3,1,26
6,2,26
7,3,26
7,4,26
1,5,26
1,6,26
2,7,26
6,8,26
7,1,27
1,2,27
5,3,27
3,4,27
4,5,27
6,6,27
1,7,27
1,8,27
2,9,27
5,10,27
4,11,27
1,12,27
1,13,27
5,14,27
4,15,27
4,16,27
3,17,27
7,18,27
4,19,27
7,20,27
7,21,27
4,22,27
7,23,27
5,24,27
7,25,27
6,26,27
6,27,27
5,28,27
1,29,27
3,30,27
5,31,27
3,32,27
7,33,27
4,34,27
7,35,27
2,36,27
5,37,27
7,38,27
4,39,27
1,40,27
6,41,27
2,42,27
1,43,27
6,44,27
7,45,27
5,46,27
4,47,27
1,48,27
5,49,27
4,50,27
2,51,27
3,52,27
1,53,27
4,54,27
5,55,27
2,56,27
2,57,27
3,58,27
1,59,27
5,60,27
6,61,27
6,62,27
6,63,27
5,64,27
4,65,27
4,66,27
2,67,27
6,68,27
7,69,27
5,70,27
4,71,27
5,72,27
6,73,27
4,74,27
1,75,27
5,76,27
7,77,27
2,78,27
1,79,27
4,80,27
5,81,27
2,82,27
7,83,27
2,1,28
4,2,28
5,3,28
1,4,28
4,5,28
7,6,28
4,7,28
2,8,28
2,9,28
3,10,28
4,11,28
4,12,28
6,13,28
1,14,28
2,15,28
1,16,28
7,17,28
4,18,28
4,19,28
7,20,28
2,21,28
1,22,28
5,23,28
2,24,28
2,25,28
5,26,28
4,27,28
1,28,28
2,29,28
1,30,28
7,31,28
6,32,28
6,33,28
5,34,28
4,35,28
4,36,28
1,37,28
6,38,28
7,39,28
5,40,28
2,41,28
4,42,28
3,43,28
7,44,28
1,45,28
4,46,28
3,47,28
1,48,28
7,49,28
7,50,28
6,51,28
4,52,28
5,53,28
4,54,28
4,55,28
4,56,28
1,57,28
1,58,28
7,59,28
3,60,28
7,61,28
4,62,28
3,63,28
5,64,28
6,65,28
4,66,28
4,67,28
3,68,28
3,69,28
3,70,28
5,71,28
1,72,28
4,73,28
5,74,28
4,75,28
5,76,28
2,77,28
5,78,28
5,79,28
2,80,28
5,81,28
2,82,28
5,83,28
2,84,28
7,85,28
1,86,28
1,87,28
7,88,28
1,89,28
2,90,28
1,91,28
4,92,28
7,1,29
1,2,29
5,3,29
4,4,29
4,5,29
2,1,30
7,2,30
7,3,30
2,4,30
3,5,30
4,6,30
5,7,30
6,8,30
6,9,30
1,10,30
3,11,30
5,12,30
5,13,30
1,14,30
5,15,30
2,16,30
6,17,30
1,18,30
7,19,30
2,20,30
5,21,30
1,22,30
6,23,30
3,24,30
5,25,30
5,26,30
5,27,30
7,28,30
2,29,30
2,30,30
4,31,30
4,32,30
5,33,30
2,34,30
4,35,30
2,36,30
1,37,30
7,38,30
3,39,30
6,40,30
5,41,30
6,42,30
1,43,30
6,44,30
7,45,30
2,46,30
2,47,30
2,48,30
7,49,30
5,50,30
5,51,30
3,52,30
2,53,30
1,54,30
3,55,30
4,56,30
5,57,30
3,58,30
6,59,30
7,60,30
6,61,30
6,62,30
1,63,30
6,64,30
5,65,30
4,66,30
4,67,30
2,68,30
5,69,30
7,70,30
4,71,30
1,72,30
2,73,30
1,74,30
3,75,30
7,76,30
6,77,30
4,78,30
5,79,30
4,80,30
6,81,30
7,82,30
1,83,30
7,84,30
7,85,30
6,86,30
7,87,30
5,88,30
2,89,30
2,90,30
3,91,30
3,1,31
5,2,31
3,3,31
6,4,31
7,5,31
3,6,31
1,7,31
4,8,31
3,9,31
1,10,31
1,11,31
4,12,31
5,13,31
4,14,31
7,15,31
3,16,31
1,17,31
4,18,31
6,19,31
4,20,31
6,21,31
7,22,31
4,23,31
4,24,31
4,25,31
7,26,31
3,27,31
1,28,31
4,29,31
1,30,31
4,31,31
3,32,31
4,33,31
1,34,31
5,1,32
4,2,32
2,3,32
4,4,32
4,5,32
3,6,32
7,7,32
7,8,32
2,9,32
2,10,32
2,11,32
2,12,32
3,13,32
7,14,32
4,15,32
5,16,32
1,17,32
5,18,32
6,19,32
7,20,32
7,21,32
7,22,32
2,23,32
5,24,32
3,25,32
1,26,32
3,27,32
3,28,32
2,29,32
3,30,32
6,31,32
4,32,32
2,33,32
1,34,32
6,35,32
1,36,32
5,37,32
2,1,33
7,2,33
7,3,33
7,4,33
4,5,33
7,6,33
4,7,33
5,8,33
2,9,33
2,10,33
3,11,33
3,12,33
4,13,33
1,14,33
1,15,33
6,16,33
3,17,33
1,18,33
6,19,33
4,20,33
5,21,33
3,22,33
2,23,33
1,24,33
1,25,33
6,26,33
2,27,33
5,28,33
4,29,33
6,30,33
1,31,33
4,32,33
2,33,33
3,34,33
1,35,33
6,36,33
1,37,33
2,38,33
5,39,33
7,40,33
7,41,33
2,42,33
2,43,33
2,44,33
5,45,33
6,46,33
1,47,33
4,48,33
2,49,33
1,50,33
3,51,33
6,52,33
2,53,33
1,54,33
3,55,33
4,56,33
5,57,33
7,58,33
5,59,33
1,60,33
5,61,33
7,62,33
2,63,33
6,64,33
4,65,33
2,66,33
5,67,33
7,68,33
6,69,33
7,70,33
5,71,33
1,72,33
3,73,33
5,74,33
1,75,33
4,76,33
3,77,33
3,78,33
2,79,33
2,80,33
4,81,33
1,82,33
5,83,33
7,84,33
1,85,33
7,86,33
7,87,33
3,1,34
3,2,34
3,3,34
6,4,34
2,5,34
4,6,34
2,7,34
3,8,34
1,9,34
4,10,34
6,11,34
5,12,34
6,13,34
6,14,34
1,15,34
2,16,34
4,17,34
5,18,34
4,19,34
2,20,34
3,21,34
1,22,34
6,23,34
5,24,34
6,25,34
7,26,34
6,27,34
6,28,34
7,29,34
4,30,34
4,31,34
3,32,34
4,33,34
1,34,34
3,35,34
2,36,34
2,37,34
7,38,34
3,39,34
6,40,34
1,41,34
3,42,34
6,43,34
6,44,34
4,45,34
1,46,34
5,47,34
5,48,34
7,49,34
6,50,34
7,51,34
7,52,34
7,53,34
2,54,34
7,55,34
5,56,34
6,57,34
7,58,34
5,59,34
4,60,34
5,61,34
1,62,34
2,63,34
3,64,34
2,65,34
6,66,34
4,67,34
3,68,34
6,69,34
2,70,34
4,71,34
5,72,34
2,73,34
7,74,34
4,75,34
2,76,34
7,77,34
2,78,34
7,79,34
1,80,34
5,81,34
4,82,34
4,83,34
5,84,34
5,85,34
1,86,34
3,87,34
3,88,34
6,89,34
2,90,34
4,91,34
2,92,34
1,1,35
6,2,35
5,3,35
1,4,35
3,5,35
2,6,35
7,7,35
6,8,35
6,9,35
5,10,35
2,11,35
1,12,35
7,13,35
6,14,35
2,15,35
5,16,35
1,17,35
2,18,35
3,19,35
2,20,35
4,21,35
7,22,35
3,23,35
7,24,35
3,25,35
2,26,35
6,27,35
4,28,35
3,29,35
6,30,35
7,31,35
3,32,35
3,33,35
2,34,35
2,35,35
1,36,35
5,37,35
1,38,35
3,39,35
4,40,35
4,41,35
3,42,35
2,43,35
5,44,35
3,45,35
3,46,35
3,47,35
3,48,35
3,49,35
3,50,35
6,51,35
7,52,35
5,53,35
4,54,35
3,55,35
4,56,35
6,57,35
4,58,35
2,59,35
1,60,35
5,1,36
4,2,36
4,3,36
5,4,36
2,5,36
3,6,36
5,7,36
1,8,36
7,9,36
2,10,36
3,11,36
7,12,36
1,13,36
2,14,36
6,15,36
1,16,36
7,17,36
6,18,36
1,19,36
7,20,36
1,21,36
2,22,36
2,23,36
6,24,36
7,25,36
3,26,36
4,27,36
5,28,36
4,29,36
2,30,36
6,31,36
1,32,36
1,1,37
3,2,37
5,3,37
1,4,37
5,5,37
1,6,37
3,7,37
3,8,37
6,9,37
4,10,37
3,11,37
4,12,37
5,13,37
4,14,37
3,15,37
4,16,37
7,17,37
5,18,37
5,19,37
4,20,37
7,21,37
4,22,37
5,23,37
7,24,37
7,25,37
5,26,37
7,27,37
2,28,37
4,29,37
3,30,37
6,31,37
7,32,37
7,33,37
7,34,37
7,35,37
7,36,37
3,37,37
1,38,37
6,39,37
4,40,37
6,41,37
7,42,37
2,43,37
5,44,37
7,45,37
6,46,37
3,47,37
2,48,37
2,49,37
2,50,37
1,51,37
1,52,37
7,53,37
5,54,37
6,55,37
3,56,37
5,57,37
4,58,37
5,59,37
2,60,37
6,61,37
2,62,37
3,63,37
1,64,37
3,65,37
3,66,37
5,67,37
5,68,37
7,69,37
4,70,37
5,71,37
7,72,37
7,73,37
7,74,37
5,75,37
2,76,37
6,77,37
2,78,37
3,79,37
2,80,37
5,81,37
6,82,37
3,83,37
3,84,37
6,85,37
6,86,37
3,87,37
6,1,38
3,2,38
4,3,38
2,4,38
5,5,38
5,6,38
5,7,38
1,8,38
1,9,38
1,10,38
1,11,38
4,12,38
5,13,38
7,14,38
2,15,38
7,16,38
3,17,38
3,18,38
5,19,38
3,20,38
6,21,38
5,22,38
3,23,38
2,24,38
3,25,38
6,26,38
2,27,38
2,28,38
2,29,38
3,30,38
1,31,38
6,32,38
1,33,38
6,34,38
2,35,38
3,36,38
2,37,38
5,38,38
4,39,38
2,40,38
4,41,38
1,42,38
6,43,38
1,44,38
2,45,38
4,46,38
6,47,38
4,48,38
2,49,38
7,50,38
1,51,38
7,52,38
3,53,38
4,54,38
4,55,38
5,56,38
1,57,38
1,58,38
3,59,38
5,60,38
7,61,38
4,62,38
2,63,38
3,64,38
5,65,38
6,66,38
5,67,38
7,68,38
2,69,38
1,70,38
6,71,38
7,1,39
3,2,39
7,3,39
3,4,39
5,5,39
7,6,39
4,7,39
6,8,39
3,9,39
2,10,39
6,11,39
7,12,39
7,13,39
3,14,39
7,15,39
5,16,39
7,17,39
6,18,39
5,19,39
2,20,39
1,21,39
6,22,39
5,23,39
1,24,39
6,25,39
4,26,39
6,27,39
1,28,39
2,29,39
5,30,39
4,31,39
3,32,39
7,33,39
3,34,39
7,35,39
6,36,39
2,37,39
5,38,39
7,39,39
3,40,39
4,41,39
4,42,39
2,43,39
6,44,39
4,45,39
3,1,40
1,2,40
7,3,40
3,4,40
6,5,40
4,6,40
1,7,40
2,8,40
1,9,40
2,10,40
6,11,40
3,12,40
7,13,40
7,14,40
5,15,40
1,16,40
7,17,40
7,18,40
5,19,40
6,20,40
4,21,40
6,22,40
2,23,40
4,24,40
5,25,40
4,26,40
7,27,40
2,28,40
3,29,40
5,30,40
7,31,40
4,32,40
1,33,40
6,34,40
3,35,40
4,36,40
1,37,40
1,38,40
6,39,40
7,40,40
4,41,40
5,42,40
4,43,40
7,44,40
6,45,40
4,46,40
5,47,40
6,48,40
7,49,40
6,50,40
2,51,40
1,52,40
4,53,40
6,54,40
5,55,40
6,56,40
3,57,40
4,58,40
4,59,40
1,60,40
4,61,40
2,62,40
6,63,40
7,64,40
4,65,40
5,66,40
7,67,40
2,68,40
5,69,40
4,70,40
5,71,40
3,72,40
3,73,40
1,74,40
4,75,40
6,76,40
6,77,40
7,78,40
6,79,40
6,80,40
4,81,40
5,82,40
5,83,40
4,84,40
4,85,40
7,86,40
1,87,40
5,88,40
7,1,41
7,2,41
1,3,41
7,4,41
4,5,41
5,6,41
3,7,41
7,8,41
3,9,41
5,10,41
6,11,41
3,12,41
2,13,41
5,1,42
3,2,42
3,3,42
4,4,42
7,5,42
1,6,42
6,7,42
3,8,42
1,9,42
5,10,42
6,11,42
4,12,42
4,13,42
6,14,42
5,15,42
7,16,42
5,17,42
4,18,42
5,19,42
4,20,42
4,21,42
7,22,42
1,23,42
6,24,42
7,25,42
5,26,42
4,27,42
3,28,42
3,29,42
5,30,42
3,31,42
2,32,42
2,33,42
4,34,42
1,35,42
6,36,42
1,37,42
3,38,42
7,39,42
7,40,42
3,41,42
3,42,42
3,43,42
4,44,42
6,45,42
4,46,42
3,47,42
5,48,42
3,49,42
7,50,42
5,51,42
2,52,42
7,53,42
2,54,42
1,55,42
1,56,42
5,57,42
6,58,42
7,59,42
1,60,42
3,61,42
1,62,42
1,63,42
1,64,42
3,65,42
2,66,42
4,67,42
5,68,42
2,69,42
6,70,42
5,71,42
7,72,42
1,73,42
6,1,43
6,2,43
7,3,43
4,4,43
5,5,43
2,6,43
2,7,43
2,8,43
6,9,43
4,1,44
3,2,44
3,3,44
4,4,44
1,5,44
3,6,44
2,7,44
2,8,44
1,9,44
1,10,44
3,11,44
3,12,44
4,13,44
4,14,44
7,15,44
1,16,44
5,17,44
7,18,44
4,1,45
6,2,45
5,3,45
4,4,45
5,5,45
6,6,45
3,7,45
4,8,45
7,9,45
5,10,45
4,11,45
5,12,45
1,13,45
3,14,45
6,15,45
3,16,45
3,17,45
2,18,45
5,19,45
3,20,45
7,21,45
2,22,45
6,23,45
7,24,45
5,25,45
6,26,45
3,27,45
1,28,45
7,29,45
1,30,45
6,31,45
2,32,45
5,33,45
2,34,45
5,35,45
5,36,45
2,37,45
3,38,45
5,39,45
3,40,45
1,41,45
1,42,45
5,43,45
7,44,45
5,45,45
2,46,45
7,47,45
1,48,45
2,49,45
2,50,45
2,51,45
4,52,45
5,53,45
2,54,45
7,1,46
1,2,46
3,3,46
1,4,46
3,5,46
1,6,46
2,7,46
6,8,46
2,9,46
2,10,46
4,11,46
4,12,46
2,13,46
2,14,46
6,15,46
5,16,46
5,17,46
1,18,46
6,19,46
5,20,46
3,21,46
7,22,46
3,23,46
4,24,46
5,25,46
7,26,46
2,27,46
5,28,46
3,29,46
4,30,46
4,31,46
4,32,46
5,33,46
3,34,46
5,35,46
3,36,46
6,37,46
5,38,46
2,39,46
7,40,46
3,41,46
3,42,46
4,43,46
3,44,46
7,45,46
5,46,46
6,47,46
3,48,46
4,49,46
3,50,46
2,51,46
7,52,46
2,53,46
7,54,46
6,55,46
6,56,46
1,57,46
6,58,46
5,59,46
3,60,46
4,61,46
7,62,46
7,63,46
3,64,46
4,65,46
1,66,46
3,67,46
6,68,46
6,69,46
1,70,46
6,71,46
3,72,46
5,73,46
4,74,46
6,1,47
7,2,47
5,3,47
1,4,47
3,5,47
5,6,47
1,7,47
4,8,47
4,9,47
1,10,47
2,11,47
4,12,47
4,13,47
5,14,47
7,15,47
3,16,47
2,17,47
3,18,47
2,19,47
2,20,47
6,21,47
4,22,47
5,23,47
1,24,47
5,25,47
6,26,47
5,27,47
7,28,47
7,29,47
1,30,47
2,31,47
3,32,47
2,33,47
3,34,47
2,35,47
5,36,47
6,37,47
1,38,47
3,39,47
5,40,47
6,41,47
6,42,47
7,43,47
3,44,47
4,45,47
5,46,47
7,47,47
6,48,47
7,49,47
1,50,47
7,51,47
2,52,47
6,53,47
7,54,47
6,55,47
5,56,47
7,57,47
5,58,47
5,59,47
5,60,47
5,61,47
1,62,47
2,63,47
4,64,47
1,65,47
4,66,47
5,67,47
3,68,47
1,69,47
5,70,47
7,1,48
7,2,48
1,3,48
5,4,48
5,5,48
7,6,48
5,7,48
5,8,48
6,9,48
5,10,48
4,11,48
3,12,48
5,13,48
7,14,48
6,15,48
2,16,48
2,17,48
6,18,48
3,19,48
5,20,48
5,21,48
1,22,48
5,23,48
5,24,48
6,25,48
5,26,48
3,27,48
3,28,48
1,29,48
3,30,48
6,31,48
5,32,48
5,33,48
2,34,48
4,35,48
5,36,48
5,37,48
1,38,48
3,39,48
6,40,48
7,41,48
7,42,48
7,43,48
1,44,48
7,45,48
3,46,48
2,47,48
4,48,48
4,49,48
7,50,48
1,51,48
7,52,48
6,1,49
1,2,49
7,3,49
2,4,49
7,5,49
3,6,49
2,7,49
6,8,49
2,9,49
6,10,49
7,11,49
5,12,49
2,13,49
6,14,49
3,15,49
5,16,49
6,17,49
7,18,49
7,19,49
6,20,49
3,21,49
7,22,49
2,23,49
2,24,49
7,25,49
1,26,49
7,27,49
5,28,49
5,29,49
7,30,49
6,31,49
2,32,49
1,33,49
3,34,49
7,35,49
2,36,49
5,37,49
2,38,49
5,39,49
3,40,49
3,41,49
1,42,49
1,43,49
7,44,49
5,1,50
3,2,50
2,3,50
6,4,50
6,5,50
7,6,50
5,7,50
7,8,50
1,9,50
5,10,50
3,11,50
5,12,50
7,13,50
6,14,50
2,15,50
6,16,50
5,17,50
7,18,50
1,19,50
3,20,50
5,21,50
5,22,50
5,23,50
3,24,50
6,25,50
4,26,50
1,27,50
1,28,50
2,29,50
5,30,50
6,31,50
3,32,50
7,33,50
4,34,50
4,35,50
6,36,50
7,37,50
6,38,50
5,39,50
2,40,50
5,41,50
4,42,50
6,43,50
5,44,50
1,45,50
6,46,50
6,47,50
1,48,50
7,49,50
2,50,50
3,51,50
4,52,50
4,53,50
1,54,50
1,55,50
4,56,50
3,57,50
4,58,50
1,59,50
2,60,50
2,61,50
7,62,50
6,1,51
7,2,51
4,3,51
2,4,51
7,5,51
4,6,51
2,7,51
4,8,51
3,9,51
5,10,51
6,11,51
5,12,51
3,13,51
4,14,51
1,15,51
3,16,51
4,17,51
5,18,51
5,19,51
4,20,51
6,21,51
3,22,51
6,23,51
5,24,51
6,25,51
6,26,51
5,27,51
4,28,51
1,29,51
1,30,51
1,31,51
3,1,52
2,2,52
7,3,52
2,4,52
5,5,52
1,6,52
6,7,52
2,8,52
2,9,52
2,10,52
5,11,52
1,12,52
1,13,52
2,14,52
4,15,52
1,16,52
5,17,52
3,18,52
4,19,52
5,20,52
1,21,52
3,22,52
4,23,52
4,24,52
5,25,52
4,26,52
3,27,52
3,28,52
7,29,52
7,30,52
7,31,52
6,32,52
2,33,52
2,34,52
6,35,52
1,36,52
3,37,52
3,38,52
7,39,52
6,40,52
5,41,52
7,42,52
1,43,52
3,44,52
4,45,52
1,46,52
2,47,52
5,48,52
5,1,53
6,2,53
6,3,53
2,4,53
5,5,53
1,6,53
6,7,53
3,8,53
6,9,53
6,10,53
4,11,53
2,12,53
5,13,53
6,14,53
2,15,53
1,16,53
1,17,53
6,18,53
3,19,53
2,20,53
7,21,53
6,22,53
1,23,53
5,24,53
7,25,53
4,26,53
2,27,53
1,28,53
3,29,53
5,30,53
2,31,53
4,32,53
1,33,53
3,34,53
7,35,53
7,36,53
7,37,53
4,1,54
2,2,54
7,3,54
1,4,54
3,5,54
7,6,54
5,7,54
2,8,54
2,9,54
4,10,54
1,11,54
7,12,54
3,13,54
5,14,54
6,15,54
1,16,54
4,17,54
4,18,54
1,19,54
4,20,54
3,21,54
1,22,54
1,23,54
3,24,54
6,25,54
5,26,54
7,27,54
7,28,54
4,29,54
3,30,54
3,31,54
7,32,54
7,33,54
6,34,54
1,35,54
7,36,54
7,37,54
2,38,54
1,39,54
5,40,54
1,41,54
5,42,54
3,43,54
1,44,54
1,45,54
5,46,54
6,47,54
5,48,54
5,49,54
2,50,54
7,51,54
2,52,54
7,53,54
4,54,54
5,55,54
1,56,54
6,57,54
2,58,54
7,59,54
5,60,54
2,61,54
5,62,54
5,63,54
3,64,54
4,65,54
5,1,55
1,2,55
6,3,55
3,4,55
5,5,55
6,6,55
6,7,55
6,8,55
6,9,55
3,10,55
6,11,55
6,12,55
4,13,55
3,14,55
3,15,55
6,16,55
4,17,55
1,18,55
6,19,55
6,1,56
1,2,56
7,3,56
5,4,56
2,5,56
4,6,56
7,7,56
1,8,56
7,9,56
3,10,56
5,11,56
6,12,56
4,13,56
2,14,56
4,15,56
7,16,56
7,17,56
1,18,56
3,19,56
6,20,56
1,21,56
2,22,56
3,23,56
3,24,56
6,25,56
1,26,56
3,27,56
3,28,56
4,29,56
3,30,56
6,31,56
5,32,56
7,33,56
1,34,56
1,35,56
1,36,56
6,37,56
5,38,56
7,39,56
1,40,56
5,41,56
5,42,56
7,43,56
6,44,56
2,45,56
5,46,56
3,47,56
4,48,56
3,49,56
4,50,56
6,51,56
5,52,56
1,53,56
3,54,56
6,55,56
1,56,56
6,57,56
4,58,56
7,59,56
2,60,56
5,61,56
6,62,56
5,63,56
7,64,56
7,65,56
1,1,57
6,1,58
3,2,58
7,3,58
1,4,58
5,5,58
3,6,58
5,7,58
5,8,58
4,9,58
7,10,58
3,11,58
3,12,58
2,13,58
3,14,58
1,15,58
7,16,58
5,17,58
3,18,58
1,19,58
3,20,58
4,21,58
2,22,58
5,23,58
1,24,58
5,25,58
5,26,58
5,27,58
6,28,58
4,29,58
7,30,58
1,31,58
7,32,58
1,33,58
1,34,58
7,35,58
4,36,58
1,37,58
5,38,58
3,39,58
1,40,58
3,41,58
6,42,58
3,43,58
7,44,58
7,45,58
7,46,58
1,47,58
6,48,58
5,49,58
3,50,58
6,51,58
6,52,58
2,53,58
7,54,58
5,55,58
6,56,58
1,57,58
1,58,58
1,59,58
5,60,58
5,61,58
5,62,58
5,1,59
4,2,59
1,3,59
5,4,59
6,5,59
2,6,59
6,7,59
7,8,59
7,9,59
7,10,59
4,11,59
6,12,59
7,13,59
5,14,59
6,15,59
6,16,59
3,17,59
3,18,59
4,19,59
6,20,59
4,21,59
4,22,59
4,23,59
4,24,59
7,25,59
3,26,59
6,27,59
2,28,59
2,29,59
5,30,59
1,31,59
1,32,59
2,33,59
5,34,59
5,35,59
4,36,59
5,37,59
4,38,59
5,39,59
6,40,59
6,41,59
3,42,59
3,43,59
5,44,59
5,45,59
6,46,59
4,47,59
5,48,59
4,49,59
4,50,59
2,51,59
1,52,59
1,53,59
3,54,59
3,55,59
2,56,59
3,57,59
2,58,59
4,59,59
2,60,59
4,61,59
2,62,59
5,63,59
3,64,59
4,65,59
2,66,59
4,1,60
1,2,60
7,3,60
3,4,60
4,5,60
6,6,60
7,7,60
6,8,60
7,9,60
5,10,60
6,11,60
1,12,60
2,13,60
7,14,60
6,15,60
6,16,60
4,17,60
4,18,60
2,19,60
3,20,60
1,21,60
7,22,60
1,23,60
2,24,60
3,25,60
5,26,60
3,27,60
5,28,60
6,29,60
3,30,60
1,31,60
4,32,60
3,33,60
4,1,61
7,2,61
3,3,61
3,4,61
4,5,61
4,6,61
4,7,61
6,8,61
3,9,61
7,10,61
4,11,61
6,12,61
5,13,61
6,14,61
6,15,61
2,16,61
6,17,61
5,18,61
5,19,61
2,20,61
7,21,61
5,22,61
5,23,61
6,24,61
7,25,61
3,26,61
5,27,61
4,28,61
6,29,61
1,30,61
1,31,61
5,32,61
2,33,61
3,34,61
3,35,61
5,36,61
4,37,61
6,38,61
3,39,61
7,40,61
1,41,61
3,42,61
1,43,61
4,44,61
5,45,61
4,46,61
3,47,61
1,48,61
3,49,61
3,50,61
2,51,61
6,52,61
2,53,61
2,54,61
3,55,61
4,56,61
2,57,61
4,58,61
4,59,61
4,60,61
2,61,61
4,62,61
3,63,61
5,1,62
7,2,62
5,3,62
3,4,62
7,5,62
1,6,62
1,7,62
6,8,62
7,9,62
5,10,62
3,11,62
5,12,62
1,13,62
7,14,62
7,15,62
4,16,62
3,17,62
6,18,62
5,19,62
6,20,62
7,21,62
6,22,62
7,23,62
6,24,62
4,25,62
7,26,62
3,27,62
4,28,62
5,29,62
1,30,62
6,31,62
1,32,62
6,33,62
1,34,62
1,35,62
2,36,62
7,37,62
5,38,62
1,39,62
7,40,62
1,41,62
1,42,62
2,43,62
6,44,62
3,45,62
5,46,62
1,47,62
7,48,62
6,49,62
3,50,62
4,51,62
2,52,62
3,53,62
5,54,62
5,55,62
4,56,62
3,57,62
3,58,62
6,59,62
6,60,62
2,61,62
4,62,62
3,63,62
2,64,62
7,65,62
4,66,62
7,67,62
2,68,62
6,69,62
2,70,62
6,71,62
3,72,62
3,73,62
1,74,62
2,75,62
7,76,62
3,77,62
7,78,62
6,79,62
5,80,62
1,81,62
1,82,62
3,83,62
7,84,62
3,85,62
7,86,62
6,87,62
6,88,62
1,89,62
2,90,62
1,91,62
3,92,62
4,93,62
1,94,62
6,95,62
4,96,62
7,97,62
2,1,63
5,2,63
1,3,63
6,4,63
7,5,63
6,6,63
2,7,63
6,8,63
1,9,63
3,10,63
6,11,63
2,12,63
1,13,63
6,14,63
7,1,64
5,2,64
3,3,64
6,4,64
2,5,64
3,1,65
4,2,65
1,3,65
5,4,65
3,5,65
2,6,65
6,7,65
1,8,65
3,9,65
4,10,65
7,11,65
6,12,65
1,13,65
2,14,65
4,15,65
1,16,65
1,17,65
4,18,65
4,19,65
7,20,65
3,21,65
1,22,65
5,23,65
2,24,65
2,25,65
2,26,65
4,27,65
6,28,65
7,29,65
6,30,65
5,31,65
6,32,65
4,33,65
1,34,65
3,35,65
5,36,65
3,37,65
3,38,65
3,39,65
1,40,65
7,1,66
6,2,66
1,3,66
7,4,66
3,5,66
2,6,66
7,7,66
2,8,66
5,9,66
2,10,66
1,11,66
1,12,66
5,13,66
2,14,66
6,15,66
7,16,66
4,17,66
2,18,66
5,19,66
7,20,66
7,21,66
6,22,66
5,23,66
5,24,66
4,25,66
2,26,66
4,27,66
6,28,66
4,29,66
5,30,66
6,31,66
6,32,66
1,33,66
4,34,66
3,35,66
7,36,66
1,37,66
4,38,66
2,39,66
1,40,66
3,41,66
5,42,66
7,43,66
5,44,66
5,45,66
3,46,66
6,47,66
6,48,66
3,49,66
6,50,66
4,51,66
4,52,66
2,53,66
7,54,66
6,55,66
3,56,66
7,57,66
6,58,66
7,59,66
3,60,66
7,61,66
2,62,66
5,63,66
2,64,66
7,65,66
4,66,66
3,67,66
6,68,66
7,69,66
4,1,67
4,2,67
4,3,67
4,4,67
6,5,67
5,6,67
7,7,67
3,8,67
3,9,67
3,10,67
4,11,67
5,12,67
4,13,67
2,14,67
3,15,67
3,16,67
7,17,67
7,18,67
5,19,67
6,20,67
5,21,67
6,22,67
7,23,67
3,24,67
5,25,67
2,26,67
3,27,67
2,28,67
4,29,67
3,30,67
4,31,67
6,32,67
5,33,67
2,34,67
3,35,67
4,36,67
2,37,67
2,38,67
3,39,67
4,40,67
2,41,67
1,42,67
4,43,67
3,44,67
3,45,67
5,46,67
6,47,67
5,48,67
1,49,67
6,50,67
7,51,67
6,52,67
2,53,67
6,54,67
5,55,67
4,56,67
7,57,67
2,58,67
1,59,67
4,60,67
6,61,67
5,62,67
6,63,67
7,64,67
3,65,67
2,1,68
7,2,68
7,3,68
2,4,68
2,5,68
2,6,68
6,7,68
3,8,68
7,9,68
6,10,68
1,11,68
3,12,68
2,13,68
2,14,68
4,15,68
7,16,68
7,17,68
2,18,68
1,19,68
3,20,68
7,21,68
5,22,68
6,23,68
4,24,68
1,25,68
6,26,68
3,27,68
7,28,68
4,29,68
2,30,68
4,31,68
5,32,68
1,33,68
6,34,68
7,35,68
5,36,68
5,37,68
5,38,68
7,39,68
1,40,68
1,41,68
4,42,68
5,43,68
4,44,68
5,45,68
1,46,68
2,47,68
2,48,68
2,49,68
6,1,69
4,2,69
3,3,69
4,4,69
6,5,69
2,6,69
7,7,69
3,8,69
3,9,69
4,10,69
1,11,69
5,12,69
6,13,69
4,14,69
7,15,69
1,16,69
1,17,69
4,18,69
3,19,69
7,20,69
6,21,69
5,22,69
7,23,69
3,24,69
2,25,69
6,26,69
1,27,69
5,28,69
7,29,69
6,30,69
6,31,69
6,32,69
7,33,69
4,34,69
3,35,69
1,36,69
4,37,69
5,1,70
4,2,70
2,3,70
1,4,70
2,5,70
4,6,70
3,7,70
6,8,70
2,9,70
4,10,70
4,11,70
3,12,70
6,13,70
4,14,70
2,15,70
3,16,70
3,17,70
6,18,70
5,19,70
7,20,70
4,21,70
4,22,70
7,23,70
3,24,70
4,25,70
1,26,70
5,27,70
5,28,70
6,29,70
3,30,70
5,31,70
7,32,70
1,33,70
5,34,70
4,35,70
3,36,70
3,37,70
3,38,70
2,39,70
2,40,70
4,41,70
6,42,70
3,43,70
6,44,70
3,45,70
4,46,70
2,47,70
7,48,70
7,49,70
5,50,70
4,51,70
7,52,70
6,53,70
6,54,70
5,55,70
4,56,70
1,57,70
4,58,70
6,59,70
7,60,70
2,61,70
2,62,70
2,63,70
4,64,70
4,65,70
4,66,70
1,1,71
7,2,71
7,3,71
7,4,71
1,5,71
6,6,71
5,7,71
4,8,71
3,9,71
5,10,71
1,11,71
6,12,71
4,13,71
7,14,71
4,15,71
5,16,71
6,17,71
1,18,71
2,19,71
1,20,71
6,21,71
7,22,71
7,23,71
6,24,71
4,25,71
5,26,71
1,27,71
5,28,71
1,29,71
1,30,71
3,31,71
1,32,71
5,33,71
3,34,71
1,35,71
1,36,71
6,37,71
2,38,71
1,39,71
5,40,71
6,41,71
1,42,71
7,43,71
7,44,71
5,45,71
4,46,71
7,47,71
5,48,71
1,49,71
7,50,71
4,51,71
3,52,71
5,53,71
2,54,71
6,55,71
3,56,71
5,1,72
3,2,72
1,3,72
5,4,72
2,5,72
2,6,72
2,7,72
2,8,72
1,9,72
7,1,73
4,2,73
2,3,73
3,4,73
6,5,73
2,6,73
4,7,73
3,8,73
4,9,73
2,10,73
6,11,73
5,12,73
5,13,73
3,14,73
2,15,73
4,16,73
1,17,73
7,18,73
3,19,73
2,20,73
4,21,73
1,22,73
1,23,73
5,24,73
4,25,73
7,26,73
7,27,73
4,28,73
6,29,73
7,30,73
3,31,73
5,32,73
1,33,73
3,34,73
6,35,73
3,36,73
3,37,73
2,38,73
7,39,73
3,40,73
2,41,73
3,42,73
2,43,73
4,44,73
7,45,73
4,46,73
3,47,73
1,48,73
5,49,73
7,50,73
7,51,73
7,52,73
4,53,73
7,54,73
5,55,73
2,56,73
7,57,73
4,58,73
2,59,73
6,60,73
5,61,73
7,62,73
3,63,73
7,64,73
7,65,73
1,66,73
3,67,73
7,68,73
1,69,73
7,70,73
6,71,73
5,72,73
3,73,73
5,74,73
4,75,73
2,76,73
3,77,73
3,78,73
3,79,73
6,80,73
4,81,73
5,82,73
2,83,73
2,84,73
2,85,73
5,86,73
1,87,73
2,88,73
4,89,73
1,90,73
6,91,73
4,92,73
6,93,73
2,94,73
6,95,73
2,96,73
5,97,73
4,1,74
7,2,74
4,3,74
7,4,74
4,5,74
4,6,74
5,7,74
5,8,74
7,9,74
5,10,74
1,11,74
7,12,74
2,13,74
4,14,74
4,15,74
2,16,74
7,17,74
7,18,74
1,19,74
5,20,74
2,21,74
3,22,74
7,23,74
6,24,74
6,25,74
3,26,74
4,27,74
7,28,74
7,29,74
2,30,74
2,31,74
7,32,74
1,33,74
6,34,74
1,35,74
7,36,74
4,37,74
2,38,74
3,39,74
6,40,74
1,41,74
4,42,74
3,43,74
2,44,74
6,45,74
2,46,74
2,47,74
2,48,74
5,49,74
7,1,75
3,2,75
2,3,75
7,4,75
4,5,75
2,6,75
7,1,76
5,2,76
4,3,76
2,4,76
4,5,76
1,6,76
1,7,76
6,8,76
7,9,76
7,10,76
4,11,76
7,12,76
6,13,76
6,14,76
3,15,76
1,16,76
6,17,76
3,18,76
3,19,76
5,20,76
1,21,76
6,22,76
2,23,76
3,24,76
6,25,76
3,26,76
5,27,76
2,28,76
3,29,76
3,30,76
7,31,76
1,32,76
2,33,76
5,34,76
4,35,76
7,36,76
3,37,76
4,38,76
6,39,76
5,40,76
1,41,76
7,42,76
7,43,76
2,44,76
7,45,76
2,46,76
4,47,76
1,48,76
5,49,76
4,50,76
3,51,76
1,52,76
3,53,76
7,54,76
2,55,76
1,56,76
2,57,76
5,58,76
2,59,76
7,60,76
7,61,76
2,62,76
1,63,76
1,64,76
2,65,76
2,66,76
6,67,76
5,68,76
7,69,76
2,70,76
7,71,76
2,72,76
3,73,76
5,74,76
5,1,77
5,2,77
2,3,77
4,4,77
7,5,77
2,6,77
6,7,77
1,8,77
7,9,77
5,10,77
7,11,77
2,12,77
6,13,77
5,14,77
5,15,77
1,16,77
1,17,77
6,18,77
3,19,77
1,20,77
5,21,77
2,22,77
2,23,77
7,24,77
7,25,77
5,26,77
1,1,78
5,2,78
3,3,78
1,4,78
3,5,78
6,6,78
6,7,78
4,8,78
4,9,78
6,10,78
3,11,78
1,12,78
5,13,78
7,14,78
2,15,78
6,16,78
3,17,78
5,18,78
2,19,78
7,20,78
2,21,78
6,22,78
4,23,78
3,24,78
7,25,78
4,26,78
3,27,78
6,28,78
7,29,78
6,30,78
7,31,78
7,32,78
3,33,78
4,34,78
1,35,78
5,36,78
5,37,78
3,38,78
4,39,78
1,40,78
4,41,78
4,42,78
6,43,78
6,44,78
4,45,78
6,46,78
7,47,78
4,48,78
4,49,78
7,50,78
2,51,78
4,52,78
7,53,78
7,54,78
3,55,78
7,56,78
3,57,78
1,58,78
1,59,78
5,60,78
1,61,78
1,62,78
7,63,78
3,64,78
6,65,78
6,66,78
6,67,78
5,68,78
3,69,78
7,70,78
6,71,78
3,72,78
2,73,78
1,74,78
6,75,78
5,76,78
3,77,78
3,78,78
7,79,78
4,80,78
1,81,78
4,82,78
3,83,78
1,84,78
6,85,78
7,86,78
2,87,78
4,88,78
4,89,78
3,90,78
7,91,78
6,92,78
1,93,78
2,94,78
7,95,78
6,1,79
3,2,79
3,3,79
4,4,79
2,5,79
5,6,79
6,7,79
1,8,79
4,9,79
3,10,79
5,11,79
1,12,79
6,13,79
2,1,80
5,2,80
6,3,80
6,4,80
1,5,80
4,6,80
2,7,80
5,8,80
1,9,80
1,10,80
4,1,81
4,2,81
5,3,81
4,4,81
2,5,81
6,6,81
1,7,81
1,8,81
5,9,81
3,10,81
7,11,81
3,12,81
7,13,81
3,14,81
1,15,81
1,16,81
7,17,81
7,18,81
4,19,81
6,20,81
1,21,81
6,22,81
2,23,81
3,24,81
7,25,81
5,26,81
4,27,81
1,28,81
1,29,81
2,30,81
5,31,81
1,32,81
5,33,81
4,34,81
2,35,81
7,36,81
1,37,81
2,38,81
2,39,81
6,40,81
3,41,81
3,42,81
4,43,81
3,44,81
3,45,81
2,46,81
7,47,81
5,48,81
2,49,81
2,50,81
2,51,81
7,52,81
6,53,81
2,54,81
2,55,81
7,56,81
4,57,81
5,58,81
2,59,81
2,60,81
7,61,81
1,62,81
1,63,81
6,64,81
7,65,81
2,66,81
2,67,81
7,68,81
6,69,81
7,70,81
1,71,81
4,72,81
7,73,81
3,74,81
4,75,81
7,76,81
2,77,81
6,78,81
7,79,81
2,80,81
3,81,81
1,82,81
3,83,81
6,84,81
5,85,81
4,1,82
5,2,82
6,3,82
1,4,82
6,5,82
1,6,82
7,7,82
4,8,82
3,9,82
5,10,82
4,11,82
1,12,82
5,13,82
5,14,82
6,15,82
7,16,82
2,17,82
6,18,82
1,19,82
4,20,82
7,21,82
6,22,82
7,23,82
6,24,82
1,25,82
2,26,82
3,27,82
1,28,82
3,29,82
2,30,82
6,31,82
7,32,82
6,33,82
7,34,82
5,35,82
2,36,82
2,37,82
2,38,82
5,39,82
6,1,83
1,2,83
4,3,83
4,4,83
4,5,83
7,6,83
3,7,83
4,8,83
6,9,83
6,10,83
4,11,83
2,12,83
7,13,83
6,14,83
1,15,83
7,16,83
1,17,83
6,18,83
4,19,83
5,20,83
3,21,83
5,22,83
5,23,83
2,24,83
5,25,83
2,26,83
1,27,83
3,28,83
2,29,83
4,30,83
7,31,83
6,32,83
6,33,83
4,34,83
6,35,83
1,36,83
7,37,83
4,38,83
2,39,83
7,40,83
1,41,83
2,42,83
4,43,83
5,44,83
2,45,83
4,46,83
1,47,83
2,48,83
6,49,83
5,50,83
1,51,83
4,52,83
6,53,83
1,54,83
4,55,83
5,56,83
4,57,83
3,58,83
5,59,83
2,60,83
3,61,83
1,62,83
2,63,83
7,64,83
7,65,83
2,66,83
3,67,83
2,68,83
2,69,83
6,70,83
3,71,83
3,72,83
4,73,83
5,74,83
4,75,83
1,76,83
7,77,83
4,78,83
6,79,83
2,80,83
6,81,83
6,82,83
5,83,83
7,84,83
2,85,83
3,86,83
5,87,83
4,88,83
1,89,83
1,90,83
7,91,83
6,92,83
3,93,83
7,94,83
3,95,83
5,96,83
2,97,83
4,98,83
4,1,84
3,2,84
2,3,84
7,4,84
6,5,84
2,6,84
6,7,84
7,8,84
6,9,84
1,10,84
3,11,84
1,12,84
2,13,84
5,14,84
5,15,84
6,16,84
7,17,84
6,18,84
3,19,84
6,20,84
7,21,84
4,22,84
4,23,84
1,24,84
5,25,84
1,26,84
5,27,84
2,28,84
1,29,84
6,30,84
4,31,84
4,32,84
6,33,84
7,34,84
6,35,84
2,36,84
4,37,84
1,1,85
6,2,85
5,3,85
3,4,85
6,5,85
7,6,85
6,7,85
3,8,85
1,9,85
7,10,85
6,11,85
7,12,85
3,13,85
3,14,85
7,15,85
5,16,85
4,17,85
5,18,85
3,19,85
3,20,85
2,21,85
1,22,85
4,23,85
6,24,85
3,25,85
6,26,85
4,27,85
6,28,85
5,29,85
4,30,85
4,31,85
5,32,85
5,33,85
3,34,85
2,35,85
6,36,85
5,37,85
1,38,85
7,39,85
4,40,85
2,41,85
2,42,85
1,43,85
4,44,85
6,45,85
6,46,85
5,47,85
1,48,85
7,49,85
2,50,85
6,51,85
6,52,85
2,53,85
3,54,85
4,55,85
7,56,85
1,57,85
5,58,85
7,1,86
3,2,86
4,3,86
7,4,86
7,5,86
1,6,86
2,7,86
2,8,86
2,9,86
1,10,86
6,11,86
1,12,86
5,13,86
2,14,86
4,15,86
7,16,86
2,17,86
7,18,86
4,19,86
3,20,86
2,21,86
3,22,86
6,23,86
1,24,86
5,25,86
2,26,86
7,27,86
5,28,86
6,29,86
4,30,86
6,31,86
5,32,86
5,33,86
4,34,86
6,35,86
3,36,86
3,37,86
2,38,86
6,39,86
5,40,86
1,41,86
2,42,86
3,43,86
3,44,86
1,45,86
6,46,86
2,47,86
2,48,86
7,49,86
7,50,86
6,51,86
5,52,86
1,53,86
4,54,86
7,55,86
6,56,86
3,57,86
1,58,86
1,59,86
6,60,86
6,61,86
4,62,86
4,63,86
1,64,86
2,65,86
4,66,86
4,67,86
6,68,86
7,69,86
3,70,86
2,71,86
6,72,86
5,73,86
1,74,86
4,75,86
2,76,86
6,77,86
3,78,86
6,79,86
1,80,86
2,81,86
3,82,86
1,83,86
5,84,86
1,85,86
5,86,86
5,87,86
1,1,87
1,2,87
1,3,87
4,4,87
3,5,87
6,6,87
5,7,87
3,8,87
3,9,87
1,10,87
4,11,87
2,12,87
2,13,87
6,14,87
5,15,87
1,16,87
7,17,87
4,18,87
7,19,87
3,20,87
4,21,87
4,22,87
2,23,87
1,24,87
2,25,87
3,26,87
5,27,87
1,28,87
4,29,87
5,30,87
1,31,87
7,32,87
6,33,87
5,34,87
6,35,87
5,36,87
3,37,87
6,38,87
5,39,87
3,40,87
5,41,87
1,42,87
3,43,87
4,44,87
4,45,87
5,46,87
3,47,87
2,48,87
1,49,87
5,50,87
4,51,87
7,52,87
6,53,87
7,54,87
4,55,87
3,56,87
4,57,87
4,58,87
6,59,87
7,60,87
2,61,87
1,62,87
7,63,87
5,64,87
3,65,87
1,66,87
5,67,87
2,68,87
3,69,87
6,70,87
7,71,87
1,72,87
3,73,87
6,74,87
5,75,87
4,76,87
7,77,87
4,78,87
6,79,87
1,1,88
3,2,88
1,3,88
6,4,88
4,5,88
6,6,88
5,7,88
6,8,88
4,9,88
6,10,88
7,11,88
7,12,88
7,13,88
1,14,88
4,15,88
6,16,88
4,17,88
2,18,88
7,19,88
6,20,88
5,21,88
3,22,88
2,23,88
5,24,88
2,25,88
6,26,88
7,27,88
4,28,88
5,29,88
4,30,88
4,31,88
6,32,88
2,33,88
1,34,88
6,35,88
4,36,88
2,37,88
7,38,88
1,39,88
3,40,88
1,41,88
1,42,88
2,43,88
5,44,88
6,45,88
6,46,88
4,47,88
5,48,88
3,49,88
3,50,88
7,51,88
5,52,88
2,53,88
2,54,88
2,55,88
1,56,88
1,57,88
7,58,88
4,59,88
3,60,88
4,61,88
2,1,89
7,2,89
4,3,89
7,4,89
4,5,89
4,6,89
5,7,89
6,8,89
1,9,89
7,10,89
6,11,89
7,12,89
7,13,89
3,14,89
2,15,89
3,16,89
6,17,89
1,18,89
3,19,89
4,20,89
6,21,89
4,22,89
7,23,89
2,24,89
3,25,89
5,26,89
5,27,89
1,28,89
1,29,89
3,30,89
6,31,89
4,1,90
1,2,90
2,3,90
2,4,90
6,5,90
5,6,90
4,7,90
7,8,90
3,9,90
4,10,90
2,11,90
3,12,90
2,13,90
2,14,90
4,15,90
5,16,90
3,17,90
2,18,90
1,19,90
3,20,90
2,21,90
7,22,90
4,23,90
4,24,90
2,25,90
4,26,90
7,27,90
1,1,91
3,2,91
6,3,91
3,4,91
3,5,91
1,6,91
6,7,91
3,8,91
4,9,91
2,10,91
3,11,91
1,12,91
6,13,91
2,14,91
7,15,91
3,16,91
4,17,91
3,18,91
2,19,91
3,20,91
6,21,91
5,22,91
3,23,91
3,24,91
5,25,91
2,26,91
5,27,91
6,28,91
7,29,91
6,30,91
1,31,91
5,32,91
5,33,91
6,34,91
1,35,91
5,36,91
4,37,91
3,38,91
7,39,91
4,40,91
6,41,91
7,42,91
2,43,91
3,44,91
2,45,91
1,46,91
2,47,91
5,48,91
6,49,91
6,50,91
1,51,91
3,52,91
4,53,91
3,54,91
3,55,91
7,56,91
6,57,91
1,58,91
3,59,91
5,60,91
2,61,91
1,62,91
4,63,91
4,64,91
2,65,91
2,66,91
2,67,91
6,1,92
2,2,92
3,3,92
1,4,92
2,5,92
7,6,92
3,7,92
4,8,92
1,9,92
6,10,92
7,11,92
1,12,92
7,13,92
3,14,92
5,15,92
3,16,92
6,17,92
7,18,92
6,19,92
6,20,92
6,21,92
6,22,92
6,23,92
4,24,92
2,25,92
1,26,92
7,27,92
6,28,92
7,29,92
7,30,92
1,31,92
3,32,92
2,33,92
2,34,92
6,35,92
2,36,92
5,37,92
1,38,92
2,39,92
7,40,92
2,41,92
2,42,92
2,43,92
5,44,92
6,45,92
4,46,92
7,47,92
4,48,92
4,49,92
5,50,92
5,51,92
1,52,92
1,53,92
7,54,92
2,55,92
1,56,92
5,57,92
7,58,92
1,59,92
6,60,92
5,61,92
5,62,92
3,63,92
3,64,92
2,65,92
7,66,92
4,67,92
5,68,92
3,69,92
6,70,92
6,1,93
5,2,93
1,3,93
6,4,93
4,5,93
5,6,93
4,7,93
4,8,93
3,9,93
6,10,93
3,11,93
1,12,93
7,13,93
6,14,93
1,15,93
5,16,93
4,17,93
5,18,93
2,19,93
2,20,93
2,21,93
2,22,93
7,23,93
2,24,93
6,25,93
6,26,93
3,27,93
5,28,93
4,29,93
4,30,93
7,31,93
3,32,93
7,33,93
4,34,93
6,35,93
6,36,93
6,37,93
2,38,93
5,39,93
2,40,93
5,41,93
6,42,93
4,43,93
7,44,93
1,45,93
2,46,93
6,47,93
1,48,93
1,49,93
2,50,93
1,51,93
1,52,93
2,53,93
6,54,93
3,55,93
3,56,93
7,57,93
6,58,93
7,59,93
6,60,93
2,61,93
5,62,93
6,63,93
1,64,93
6,1,94
4,2,94
4,3,94
6,4,94
1,5,94
6,6,94
5,7,94
4,8,94
7,9,94
7,10,94
3,11,94
3,1,95
4,2,95
2,3,95
7,4,95
6,5,95
3,6,95
1,7,95
4,8,95
3,9,95
6,10,95
3,11,95
5,12,95
1,13,95
4,14,95
7,15,95
6,16,95
4,17,95
4,18,95
2,19,95
7,20,95
1,21,95
7,22,95
5,23,95
2,24,95
7,25,95
2,26,95
7,27,95
7,28,95
6,29,95
2,30,95
4,31,95
5,32,95
4,33,95
7,34,95
2,35,95
6,36,95
6,37,95
2,38,95
7,39,95
1,40,95
1,41,95
5,42,95
2,43,95
4,44,95
7,45,95
6,46,95
4,47,95
7,48,95
7,49,95
3,50,95
3,51,95
5,52,95
6,53,95
5,54,95
3,55,95
6,56,95
6,57,95
7,58,95
3,59,95
2,60,95
7,61,95
1,62,95
5,63,95
6,64,95
6,65,95
1,66,95
7,67,95
1,68,95
2,69,95
4,70,95
3,71,95
3,72,95
3,73,95
3,74,95
1,75,95
1,76,95
3,77,95
5,78,95
6,79,95
1,80,95
2,81,95
1,82,95
5,83,95
2,84,95
4,85,95
2,86,95
4,87,95
5,88,95
2,89,95
5,1,96
5,2,96
6,3,96
4,4,96
4,5,96
3,6,96
4,7,96
5,8,96
7,9,96
6,10,96
4,11,96
3,12,96
6,13,96
1,14,96
2,15,96
6,16,96
2,17,96
5,18,96
2,19,96
3,20,96
7,21,96
4,22,96
1,23,96
1,24,96
3,25,96
3,26,96
1,27,96
6,28,96
1,29,96
3,30,96
6,31,96
2,32,96
1,33,96
7,34,96
4,35,96
5,36,96
7,37,96
5,38,96
6,39,96
3,40,96
2,41,96
5,42,96
6,43,96
4,44,96
5,45,96
1,46,96
7,47,96
3,48,96
4,49,96
6,50,96
1,51,96
2,52,96
6,53,96
2,54,96
4,55,96
5,56,96
2,57,96
2,58,96
6,59,96
6,60,96
5,61,96
7,62,96
5,63,96
6,64,96
2,65,96
7,66,96
4,67,96
5,68,96
7,69,96
5,70,96
4,71,96
7,72,96
5,73,96
6,74,96
7,75,96
1,76,96
5,77,96
1,1,97
3,2,97
5,3,97
5,4,97
2,5,97
3,6,97
2,7,97
1,8,97
6,9,97
7,10,97
5,11,97
3,12,97
1,13,97
5,14,97
7,15,97
3,16,97
4,17,97
5,18,97
6,19,97
6,20,97
2,21,97
6,22,97
2,23,97
4,24,97
2,25,97
3,26,97
1,27,97
7,28,97
2,29,97
4,30,97
3,31,97
4,32,97
5,33,97
2,34,97
5,35,97
4,36,97
7,37,97
1,38,97
5,39,97
6,40,97
3,41,97
4,42,97
6,43,97
4,44,97
2,45,97
2,46,97
5,47,97
4,48,97
1,49,97
7,50,97
6,51,97
2,52,97
3,53,97
1,54,97
4,55,97
1,56,97
3,57,97
7,58,97
1,59,97
1,60,97
2,1,98
4,2,98
4,3,98
3,4,98
6,5,98
2,6,98
3,7,98
7,8,98
1,9,98
1,10,98
2,11,98
7,12,98
6,13,98
7,14,98
7,15,98
6,16,98
7,17,98
2,18,98
6,19,98
4,20,98
3,21,98
3,22,98
2,23,98
6,24,98
4,25,98
4,26,98
7,27,98
7,28,98
7,29,98
5,30,98
6,31,98
3,32,98
4,33,98
7,34,98
1,35,98
7,36,98
6,37,98
5,38,98
6,39,98
3,40,98
1,41,98
2,42,98
1,43,98
1,44,98
1,45,98
6,46,98
5,47,98
4,48,98
3,49,98
2,50,98
2,51,98
6,52,98
1,53,98
6,54,98
5,55,98
7,56,98
1,1,99
1,2,99
3,3,99
7,4,99
6,5,99
3,6,99
1,7,99
1,8,99
1,9,99
3,10,99
1,11,99
6,12,99
7,13,99
1,14,99
3,15,99
3,16,99
4,17,99
7,18,99
4,19,99
7,20,99
1,21,99
5,22,99
1,23,99
7,24,99
7,25,99
6,26,99
7,27,99
4,28,99
5,29,99
5,30,99
7,31,99
1,32,99
3,33,99
7,34,99
5,35,99
1,36,99
3,37,99
3,38,99
6,39,99
5,40,99
1,41,99
4,42,99
6,43,99
5,44,99
7,45,99
7,46,99
7,47,99
3,48,99
7,49,99
5,50,99
5,51,99
1,52,99
6,53,99
1,54,99
5,55,99
6,56,99
7,57,99
1,58,99
2,1,100
4,2,100
7,3,100
2,4,100
6,5,100
2,6,100
1,7,100
7,8,100
3,9,100
3,10,100
3,11,100
3,12,100
1,13,100
5,14,100
2,15,100
6,16,100
1,17,100
5,18,100
3,19,100
3,20,100
1,21,100
2,22,100
6,23,100
7,24,100
2,25,100
3,26,100
3,27,100
5,28,100
6,1,101
6,2,101
6,3,101
5,4,101
7,5,101
5,6,101
7,7,101
1,8,101
6,9,101
3,10,101
6,11,101
5,12,101
7,13,101
2,14,101
2,15,101
6,16,101
1,17,101
3,18,101
4,19,101
5,20,101
5,21,101
4,22,101
7,23,101
4,24,101
6,25,101
2,26,101
4,27,101
6,28,101
4,29,101
3,30,101
5,31,101
1,32,101
5,33,101
2,34,101
1,35,101
7,36,101
7,37,101
1,38,101
1,39,101
5,40,101
4,41,101
7,42,101
3,43,101
6,44,101
2,45,101
7,46,101
2,47,101
1,48,101
6,49,101
4,50,101
4,51,101
5,52,101
1,53,101
1,54,101
5,55,101
3,56,101
1,57,101
7,58,101
3,59,101
5,60,101
7,61,101
2,62,101
4,63,101
2,64,101
4,65,101
3,66,101
6,67,101
1,68,101
6,69,101
2,70,101
1,71,101
1,1,102
7,2,102
2,3,102
1,4,102
6,5,102
2,6,102
6,7,102
7,8,102
6,9,102
2,10,102
2,11,102
3,12,102
7,13,102
4,14,102
2,15,102
1,16,102
7,17,102
2,18,102
3,19,102
1,20,102
3,21,102
1,22,102
6,23,102
7,24,102
3,25,102
7,26,102
2,27,102
1,28,102
5,29,102
3,30,102
4,31,102
4,32,102
3,33,102
7,34,102
6,35,102
1,36,102
7,37,102
7,38,102
1,39,102
3,40,102
5,41,102
4,42,102
7,43,102
7,44,102
2,45,102
2,46,102
1,47,102
1,48,102
4,49,102
7,50,102
6,51,102
1,1,103
2,2,103
3,3,103
5,4,103
6,5,103
6,6,103
5,7,103
5,1,104
5,2,104
3,3,104
4,4,104
5,5,104
7,6,104
7,7,104
5,8,104
7,9,104
3,10,104
7,11,104
7,12,104
6,13,104
7,14,104
4,15,104
6,16,104
2,17,104
2,18,104
4,19,104
6,20,104
4,21,104
2,22,104
1,23,104
6,24,104
1,25,104
4,26,104
3,27,104
4,28,104
2,29,104
3,30,104
7,31,104
7,32,104
1,33,104
5,34,104
7,35,104
1,36,104
3,37,104
7,38,104
1,39,104
7,40,104
7,41,104
6,42,104
4,43,104
6,44,104
3,45,104
3,46,104
4,47,104
7,48,104
1,49,104
5,50,104
1,51,104
1,52,104
1,53,104
5,54,104
3,55,104
4,56,104
7,57,104
3,58,104
3,59,104
1,60,104
3,61,104
2,62,104
7,63,104
2,64,104
4,65,104
4,66,104
2,67,104
3,68,104
2,69,104
4,70,104
1,71,104
6,72,104
5,73,104
7,74,104
3,75,104
7,76,104
6,77,104
6,78,104
1,79,104
1,80,104
4,81,104
3,82,104
3,83,104
1,84,104
7,85,104
1,86,104
4,87,104
5,88,104
3,89,104
3,90,104
7,91,104
1,92,104
4,1,105
2,2,105
4,3,105
5,4,105
3,5,105
6,6,105
3,7,105
1,8,105
6,9,105
5,10,105
4,11,105
6,12,105
3,13,105
1,14,105
2,15,105
6,16,105
2,17,105
7,18,105
3,19,105
6,20,105
2,21,105
4,22,105
4,23,105
3,24,105
7,25,105
6,1,106
6,2,106
1,3,106
4,4,106
3,5,106
7,6,106
7,7,106
2,1,107
3,2,107
1,3,107
3,4,107
1,5,107
4,6,107
7,7,107
3,8,107
2,9,107
7,10,107
3,11,107
7,12,107
1,13,107
2,14,107
6,15,107
2,16,107
4,17,107
5,18,107
4,19,107
6,20,107
4,21,107
1,22,107
5,23,107
1,24,107
6,25,107
4,26,107
7,27,107
6,28,107
1,1,108
7,2,108
3,3,108
6,4,108
3,5,108
7,6,108
5,7,108
5,8,108
2,9,108
4,10,108
6,11,108
5,12,108
1,13,108
2,14,108
6,15,108
1,16,108
3,17,108
2,18,108
7,19,108
1,20,108
6,21,108
4,22,108
3,23,108
4,24,108
2,25,108
3,26,108
7,27,108
7,28,108
4,29,108
4,30,108
4,31,108
4,32,108
7,33,108
1,34,108
4,35,108
6,36,108
2,37,108
7,38,108
5,39,108
3,40,108
6,41,108
4,42,108
2,43,108
3,44,108
5,45,108
1,46,108
4,47,108
7,48,108
5,49,108
7,50,108
6,51,108
2,52,108
3,53,108
3,54,108
4,55,108
6,56,108
4,57,108
6,58,108
5,59,108
4,60,108
2,61,108
6,62,108
4,63,108
6,64,108
4,65,108
5,66,108
4,67,108
1,68,108
4,69,108
3,70,108
1,71,108
4,72,108
7,73,108
5,74,108
2,75,108
5,76,108
6,77,108
3,78,108
5,1,109
2,2,109
7,3,109
2,4,109
7,5,109
5,6,109
3,7,109
2,8,109
3,9,109
4,10,109
4,11,109
7,12,109
2,13,109
5,14,109
4,15,109
12,0,110
12,1,110
12,2,110
12,3,110
12,4,110
11,0,111
11,1,111
11,2,111
11,3,111
11,4,111
11,5,111
11,6,111
11,7,111
11,8,111
11,9,111
11,10,111
11,11,111
11,12,111
8,0,112
8,1,112
8,2,112
8,3,112
8,4,112
8,5,112
10,0,113
10,1,113
10,2,113
10,3,113
10,4,113
10,5,113
9,0,114
9,1,114
9,2,114
9,3,114
9,4,114
8,0,115
11,0,116
11,1,116
11,2,116
11,3,116
11,4,116
11,5,116
11,6,116
11,7,116
11,8,116
11,9,116
11,10,116
11,11,116
11,12,116
11,13,116
11,14,116
11,15,116
11,16,116
11,17,116
11,18,116
11,19,116
11,20,116
11,21,116
11,22,116
11,23,116
11,24,116
11,25,116
11,26,116
11,27,116
11,28,116
11,29,116
11,30,116
11,31,116
11,32,116
11,33,116
11,34,116
11,35,116
11,36,116
11,37,116
11,38,116
11,39,116
11,40,116
11,41,116
11,42,116
11,43,116
11,44,116
11,45,116
11,46,116
11,47,116
11,48,116
11,49,116
11,50,116
11,51,116
11,52,116
11,53,116
11,54,116
11,55,116
11,56,116
11,57,116
11,58,116
11,59,116
11,60,116
11,61,116
11,62,116
11,63,116
11,64,116
11,65,116
11,66,116
11,67,116
11,68,116
11,69,116
11,70,116
11,71,116
11,72,116
11,73,116
11,74,116
11,75,116
11,76,116
11,77,116
11,78,116
11,79,116
11,80,116
11,81,116
11,82,116
11,83,116
11,84,116
11,85,116
11,86,116
11,87,116
11,88,116
11,89,116
11,90,116
11,91,116
11,92,116
11,93,116
11,94,116
11,95,116
11,96,116
11,97,116
11,98,116
11,99,116
11,100,116
11,101,116
11,102,116
11,103,116
11,104,116
11,105,116
11,106,116
11,107,116
11,108,116
11,109,116
11,110,116
11,111,116
11,112,116
11,113,116
11,114,116
11,115,116
11,116,116
11,117,116
11,118,116
11,119,116
11,120,116
11,121,116
11,122,116
11,123,116
11,124,116
11,125,116
11,126,116
11,127,116
11,128,116
11,129,116
11,130,116
11,131,116
11,132,116
11,133,116
11,134,116
11,135,116
11,136,116
11,137,116
11,138,116
11,139,116
11,140,116
11,141,116
11,142,116
11,143,116
11,144,116
11,145,116
11,146,116
11,147,116
11,148,116
11,149,116
11,150,116
11,151,116
11,152,116
11,153,116
11,154,116
11,155,116
11,156,116
11,157,116
11,158,116
11,159,116
11,160,116
11,161,116
11,162,116
11,163,116
11,164,116
11,165,116
11,166,116
11,167,116
11,168,116
11,169,116
11,170,116
11,171,116
11,172,116
11,173,116
11,174,116
11,175,116
11,176,116
11,177,116
11,178,116
11,179,116
11,180,116
11,181,116
11,182,116
11,183,116
11,184,116
11,185,116
11,186,116
11,187,116
11,188,116
11,189,116
11,190,116
11,191,116
11,192,116
11,193,116
11,194,116
11,195,116
11,196,116
11,197,116
11,198,116
11,199,116
11,200,116
11,201,116
11,202,116
11,203,116
11,204,116
11,205,116
11,206,116
11,207,116
11,208,116
11,209,116
11,210,116
11,211,116
11,212,116
11,213,116
11,214,116
11,215,116
11,216,116
11,217,116
11,218,116
11,219,116
11,220,116
11,221,116
11,222,116
11,223,116
11,224,116
11,225,116
11,226,116
11,227,116
11,228,116
11,229,116
11,230,116
11,231,116
11,232,116
11,233,116
11,234,116
11,235,116
11,236,116
11,237,116
11,238,116
11,239,116
11,240,116
11,241,116
11,242,116
11,243,116
11,244,116
11,245,116
11,246,116
11,247,116
11,248,116
11,249,116
11,250,116
11,251,116
11,252,116
11,253,116
11,254,116
11,255,116
11,256,116
11,257,116
11,258,116
11,259,116
11,260,116
11,261,116
11,262,116
11,263,116
11,264,116
11,265,116
11,266,116
11,267,116
11,268,116
11,269,116
11,270,116
11,271,116
11,272,116
11,273,116
11,274,116
11,275,116
11,276,116
11,277,116
11,278,116
11,279,116
11,280,116
11,281,116
11,282,116
11,283,116
11,284,116
11,285,116
11,286,116
11,287,116
11,288,116
11,289,116
11,290,116
11,291,116
11,292,116
11,293,116
11,294,116
11,295,116
11,296,116
11,297,116
11,298,116
11,299,116
11,300,116
11,301,116
11,302,116
11,303,116
11,304,116
11,305,116
11,306,116
11,307,116
11,308,116
11,309,116
11,310,116
11,311,116
11,312,116
11,313,116
11,314,116
11,315,116
11,316,116
11,317,116
11,318,116
11,319,116
11,320,116
11,321,116
11,322,116
11,323,116
11,324,116
11,325,116
11,326,116
11,327,116
11,328,116
11,329,116
11,330,116
11,331,116
11,332,116
11,333,116
11,334,116
11,335,116
11,336,116
11,337,116
11,338,116
11,339,116
11,340,116
11,341,116
11,342,116
11,343,116
11,344,116
11,345,116
11,346,116
11,347,116
11,348,116
11,349,116
11,350,116
11,351,116
11,352,116
11,353,116
11,354,116
11,355,116
11,356,116
11,357,116
11,358,116
11,359,116
11,360,116
11,361,116
11,362,116
11,363,116
11,364,116
11,365,116
11,366,116
11,367,116
11,368,116
11,369,116
11,370,116
11,371,116
11,372,116
11,373,116
11,374,116
11,375,116
11,376,116
11,377,116
11,378,116
11,379,116
11,380,116
11,381,116
11,382,116
11,383,116
11,384,116
11,385,116
11,386,116
11,387,116
11,388,116
11,389,116
11,390,116
11,391,116
11,392,116
11,393,116
11,394,116
11,395,116
11,396,116
11,397,116
11,398,116
11,399,116
11,400,116
11,401,116
11,0,117
11,1,117
11,2,117
11,3,117
11,4,117
11,5,117
11,6,117
11,7,117
11,8,117
11,9,117
11,10,117
11,11,117
11,12,117
11,13,117
11,14,117
11,15,117
11,16,117
11,17,117
11,18,117
11,19,117
11,20,117
11,21,117
11,22,117
11,23,117
11,24,117
11,25,117
11,26,117
11,27,117
11,28,117
11,29,117
11,30,117
11,31,117
11,32,117
11,33,117
11,34,117
11,35,117
11,36,117
11,37,117
11,38,117
11,39,117
11,40,117
11,41,117
11,42,117
11,43,117
11,44,117
11,45,117
11,46,117
11,47,117
11,48,117
11,49,117
11,50,117
11,51,117
11,52,117
11,53,117
11,54,117
11,55,117
11,56,117
11,57,117
11,58,117
11,59,117
11,60,117
11,61,117
11,62,117
11,63,117
11,64,117
11,65,117
11,66,117
11,67,117
11,68,117
11,69,117
11,70,117
11,71,117
11,72,117
11,73,117
11,74,117
11,75,117
11,76,117
11,77,117
11,78,117
11,79,117
11,80,117
11,81,117
11,82,117
11,83,117
11,84,117
11,85,117
11,86,117
11,87,117
11,88,117
9,0,118
9,1,118
9,2,118
9,3,118
9,4,118
12,0,119
12,1,119
12,2,119
12,3,119
12,4,119
12,5,119
12,6,119
12,7,119
12,8,119
12,9,119
12,10,119
12,11,119
12,12,119
12,13,119
12,14,119
12,15,119
12,0,120
12,1,120
12,2,120
12,3,120
12,4,120
12,5,120
12,6,120
12,7,120
12,8,120
12,9,120
12,10,120
12,11,120
12,12,120
12,13,120
12,14,120
12,15,120
12,16,120
12,17,120
12,18,120
12,19,120
12,20,120
12,21,120
12,22,120
12,0,121
11,0,122
11,1,122
11,2,122
11,3,122
11,4,122
11,5,122
11,6,122
11,7,122
11,8,122
11,9,122
11,10,122
11,11,122
11,12,122
11,13,122
11,14,122
11,15,122
11,16,122
11,17,122
10,0,123
10,1,123
10,2,123
10,3,123
10,4,123
10,5,123
10,6,123
10,7,123
10,8,123
10,9,123
10,10,123
10,11,123
10,12,123
10,13,123
10,14,123
10,15,123
10,16,123
10,17,123
10,18,123
10,19,123
10,20,123
10,21,123
10,22,123
10,23,123
10,24,123
10,25,123
10,26,123
10,27,123
10,28,123
10,29,123
10,30,123
10,31,123
10,32,123
10,33,123
10,34,123
10,0,124
10,1,124
10,2,124
10,3,124
10,4,124
10,5,124
10,6,124
10,7,124
10,8,124
10,9,124
10,10,124
10,11,124
10,12,124
10,13,124
10,14,124
10,15,124
10,16,124
10,17,124
10,18,124
10,19,124
10,20,124
10,21,124
10,22,124
10,23,124
10,24,124
10,25,124
10,26,124
10,27,124
10,28,124
10,29,124
10,30,124
10,31,124
10,32,124
10,33,124
10,34,124
10,35,124
10,36,124
10,37,124
10,38,124
9,0,125
9,1,125
8,0,126
8,1,126
8,2,126
8,3,126
8,4,126
8,5,126
8,6,126
8,7,126
8,8,126
8,9,126
8,10,126
8,11,126
8,12,126
8,13,126
8,14,126
8,15,126
8,16,126
8,17,126
8,18,126
8,19,126
8,20,126
8,21,126
8,22,126
8,23,126
8,24,126
8,25,126
8,26,126
8,27,126
8,28,126
8,29,126
8,30,126
8,31,126
8,32,126
8,33,126
8,34,126
8,35,126
8,36,126
8,37,126
8,38,126
8,39,126
8,40,126
8,41,126
8,42,126
8,43,126
8,44,126
8,45,126
8,46,126
8,47,126
8,48,126
8,49,126
8,50,126
8,51,126
8,52,126
8,53,126
8,54,126
8,55,126
8,56,126
8,57,126
8,58,126
8,59,126
8,60,126
8,61,126
8,62,126
8,63,126
8,0,127
12,0,128
8,0,129
8,1,129
8,2,129
8,3,129
9,0,130
9,1,130
9,2,130
9,3,130
9,4,130
8,0,131
8,1,131
8,2,131
8,3,131
8,4,131
8,5,131
8,6,131
8,7,131
8,8,131
8,9,131
8,10,131
8,11,131
8,12,131
8,13,131
8,14,131
8,15,131
8,16,131
8,17,131
8,18,131
8,19,131
8,20,131
8,21,131
8,22,131
8,23,131
8,24,131
11,0,132
11,0,133
11,0,134
10,0,135
10,1,135
10,2,135
10,3,135
10,4,135
10,5,135
10,6,135
10,7,135
10,8,135
10,9,135
10,10,135
10,11,135
9,0,136
9,1,136
9,2,136
9,3,136
9,4,136
11,0,137
10,0,138
8,0,139
8,1,139
8,2,139
8,3,139
8,4,139
9,0,140
9,1,140
9,2,140
9,3,140
9,4,140
9,5,140
9,6,140
9,7,140
9,8,140
9,9,140
9,10,140
9,11,140
10,0,141
10,1,141
10,2,141
10,3,141
10,4,141
10,5,141
10,6,141
10,7,141
10,8,141
10,9,141
10,10,141
10,11,141
10,12,141
10,13,141
10,14,141
10,15,141
10,16,141
10,17,141
10,18,141
10,19,141
10,20,141
10,21,141
10,22,141
10,23,141
10,24,141
10,25,141
10,26,141
10,27,141
10,28,141
10,29,141
10,30,141
10,31,141
10,32,141
10,33,141
10,34,141
9,0,142
9,1,142
9,2,142
9,3,142
9,4,142
9,5,142
9,6,142
9,7,142
9,8,142
9,9,142
9,10,142
9,11,142
9,0,143
9,1,143
9,2,143
9,3,143
9,4,143
8,0,144
8,1,144
8,0,145
8,1,145
8,2,145
8,3,145
8,4,145
8,5,145
8,6,145
8,7,145
8,8,145
8,9,145
8,10,145
8,11,145
8,12,145
8,13,145
8,14,145
8,15,145
8,16,145
8,17,145
8,18,145
8,19,145
8,20,145
8,21,145
8,22,145
8,23,145
8,24,145
8,25,145
8,26,145
8,27,145
8,28,145
8,29,145
8,30,145
8,31,145
8,32,145
8,33,145
8,34,145
8,35,145
8,36,145
8,37,145
8,38,145
8,39,145
8,40,145
8,41,145
8,42,145
8,43,145
8,44,145
8,45,145
8,46,145
8,47,145
8,48,145
8,49,145
8,50,145
8,51,145
8,52,145
8,53,145
8,54,145
8,55,145
8,56,145
11,0,146
8,0,147
10,0,148
11,0,149
11,1,149
11,2,149
11,3,149
11,0,150
11,1,150
11,2,150
11,3,150
11,4,150
11,5,150
9,0,151
10,0,152
10,1,152
8,0,153
8,1,153
8,2,153
8,3,153
8,4,153
8,5,153
8,6,153
8,7,153
8,8,153
8,9,153
8,10,153
8,11,153
8,12,153
8,13,153
8,14,153
8,15,153
8,16,153
11,0,154
11,1,154
11,2,154
11,3,154
11,4,154
11,5,154
11,6,154
11,7,154
11,8,154
11,9,154
11,10,154
11,11,154
11,12,154
11,13,154
11,14,154
11,15,154
11,16,154
11,17,154
11,18,154
11,19,154
11,20,154
11,21,154
11,22,154
11,23,154
11,24,154
11,25,154
11,26,154
11,27,154
11,28,154
11,29,154
11,30,154
11,31,154
11,32,154
10,0,155
10,1,155
10,2,155
10,3,155
10,4,155
10,5,155
10,6,155
10,7,155
10,8,155
10,9,155
10,10,155
10,11,155
10,12,155
10,13,155
10,14,155
10,15,155
10,16,155
10,17,155
10,18,155
10,19,155
10,20,155
10,21,155
10,22,155
10,23,155
10,24,155
10,25,155
8,0,156
8,1,156
8,0,157
8,1,157
8,2,157
8,3,157
11,0,158
11,1,158
11,2,158
11,3,158
11,4,158
11,5,158
11,6,158
11,7,158
11,0,159
11,1,159
11,2,159
11,3,159
11,4,159
11,5,159
10,0,160
10,1,160
10,2,160
12,0,161
12,1,161
12,2,161
12,3,161
12,4,161
12,5,161
12,6,161
12,7,161
10,0,162
10,1,162
10,2,162
10,3,162
10,4,162
10,5,162
10,6,162
10,7,162
10,8,162
10,9,162
10,10,162
10,11,162
10,12,162
10,13,162
10,0,163
10,1,163
9,0,164
9,1,164
9,2,164
9,3,164
9,4,164
9,5,164
12,0,165
12,1,165
12,2,165
12,3,165
12,4,165
12,5,165
12,6,165
12,7,165
12,8,165
12,9,165
12,10,165
12,11,165
12,12,165
12,13,165
12,14,165
12,15,165
12,16,165
12,17,165
12,18,165
12,19,165
12,0,166
12,1,166
12,2,166
12,0,167
12,1,167
12,2,167
12,3,167
12,4,167
12,5,167
12,6,167
12,7,167
12,8,167
12,9,167
12,10,167
12,11,167
12,12,167
12,13,167
12,14,167
12,15,167
12,16,167
12,17,167
11,0,168
12,0,169
12,1,169
12,2,169
12,3,169
12,4,169
12,5,169
12,6,169
12,7,169
12,8,169
12,9,169
12,10,169
12,11,169
12,12,169
12,13,169
12,14,169
12,15,169
12,16,169
12,17,169
12,18,169
12,19,169
12,20,169
12,21,169
12,22,169
12,23,169
12,24,169
12,25,169
12,26,169
12,27,169
12,28,169
12,29,169
12,30,169
12,31,169
12,32,169
12,33,169
12,34,169
12,35,169
12,36,169
12,37,169
12,38,169
12,39,169
12,40,169
12,41,169
12,42,169
12,43,169
12,44,169
12,45,169
12,46,169
12,47,169
12,48,169
12,49,169
12,50,169
12,51,169
12,52,169
12,53,169
10,0,170
10,1,170
10,2,170
10,3,170
10,4,170
10,5,170
10,6,170
10,7,170
10,8,170
10,9,170
9,0,171
9,1,171
9,2,171
9,3,171
9,4,171
10,0,172
10,1,172
10,2,172
10,3,172
10,4,172
10,5,172
10,6,172
10,7,172
10,8,172
10,9,172
10,10,172
10,11,172
12,0,173
12,0,174
12,1,174
12,2,174
12,3,174
12,4,174
12,5,174
12,6,174
12,7,174
12,8,174
12,9,174
12,10,174
12,11,174
12,12,174
12,13,174
12,14,174
12,15,174
12,16,174
12,17,174
12,18,174
12,19,174
12,20,174
12,21,174
12,22,174
12,23,174
12,24,174
12,25,174
12,26,174
12,27,174
12,28,174
12,29,174
12,30,174
12,31,174
12,32,174
12,33,174
12,34,174
12,35,174
12,36,174
12,37,174
12,38,174
12,39,174
12,40,174
12,41,174
12,42,174
12,43,174
12,44,174
12,45,174
12,46,174
12,47,174
12,48,174
12,49,174
12,50,174
12,51,174
12,52,174
12,53,174
12,54,174
12,55,174
12,56,174
12,57,174
12,58,174
12,59,174
12,60,174
12,61,174
12,62,174
12,63,174
12,64,174
12,65,174
12,66,174
12,67,174
12,68,174
12,69,174
12,70,174
12,71,174
12,72,174
12,0,175
12,1,175
12,2,175
11,0,176
11,1,176
11,2,176
11,3,176
11,4,176
11,5,176
11,6,176
11,7,176
11,8,176
11,9,176
11,10,176
11,11,176
11,12,176
11,13,176
11,14,176
11,15,176
11,16,176
11,17,176
11,18,176
11,19,176
11,20,176
11,21,176
9,0,177
9,0,178
10,0,179
8,0,180
8,1,180
8,2,180
9,0,181
12,0,182
12,1,182
12,2,182
12,3,182
12,4,182
12,5,182
12,6,182
12,7,182
12,8,182
12,9,182
12,10,182
12,11,182
12,12,182
12,13,182
12,14,182
12,15,182
12,16,182
12,17,182
12,18,182
12,19,182
12,20,182
12,21,182
12,22,182
12,23,182
12,24,182
12,25,182
12,26,182
12,27,182
12,28,182
12,29,182
12,30,182
12,31,182
12,32,182
12,33,182
12,34,182
12,35,182
12,36,182
12,37,182
12,38,182
12,39,182
12,40,182
12,41,182
12,42,182
12,43,182
12,44,182
12,45,182
12,46,182
12,47,182
12,48,182
12,49,182
12,50,182
12,51,182
12,52,182
12,53,182
12,54,182
12,55,182
12,56,182
12,0,183
12,1,183
12,2,183
12,3,183
12,4,183
12,5,183
12,6,183
12,7,183
12,8,183
8,0,184
8,1,184
8,2,184
8,3,184
11,0,185
11,1,185
11,2,185
11,3,185
11,4,185
11,5,185
11,6,185
11,7,185
11,8,185
11,9,185
11,10,185
11,11,185
11,12,185
11,13,185
11,14,185
11,15,185
11,16,185
11,17,185
11,18,185
11,19,185
11,20,185
11,21,185
11,22,185
11,23,185
11,24,185
11,25,185
11,26,185
11,27,185
11,28,185
11,29,185
11,30,185
10,0,186
10,1,186
10,0,187
10,1,187
10,2,187
10,3,187
10,4,187
10,5,187
10,6,187
10,7,187
10,8,187
10,9,187
10,10,187
10,11,187
10,12,187
10,13,187
10,14,187
10,15,187
10,16,187
10,17,187
10,18,187
10,19,187
10,20,187
10,21,187
10,22,187
9,0,188
9,1,188
9,2,188
9,3,188
8,0,189
12,0,190
12,1,190
12,2,190
11,0,191
11,1,191
11,2,191
11,3,191
11,4,191
11,5,191
10,0,192
9,0,193
9,1,193
9,2,193
9,3,193
9,4,193
9,5,193
9,6,193
9,7,193
9,8,193
9,9,193
9,10,193
9,11,193
9,12,193
9,13,193
9,14,193
9,15,193
9,16,193
9,17,193
9,18,193
9,19,193
9,20,193
9,21,193
9,22,193
9,23,193
9,24,193
9,25,193
9,26,193
9,27,193
9,28,193
9,29,193
9,30,193
9,31,193
9,32,193
9,33,193
9,34,193
9,35,193
9,36,193
9,37,193
9,38,193
8,0,194
8,1,194
8,2,194
8,3,194
8,4,194
8,5,194
8,6,194
8,7,194
8,8,194
8,9,194
8,10,194
8,11,194
8,12,194
8,13,194
8,14,194
8,15,194
8,16,194
8,17,194
8,18,194
8,19,194
8,20,194
8,21,194
8,22,194
8,23,194
8,24,194
8,25,194
8,26,194
8,27,194
8,28,194
8,29,194
8,30,194
8,31,194
8,32,194
8,33,194
8,34,194
8,35,194
8,36,194
8,37,194
8,38,194
8,39,194
8,40,194
8,41,194
8,42,194
8,43,194
8,44,194
8,45,194
8,46,194
8,47,194
8,48,194
8,49,194
8,50,194
8,51,194
8,52,194
8,53,194
8,54,194
8,55,194
8,56,194
8,57,194
8,58,194
8,59,194
8,60,194
8,61,194
8,62,194
8,63,194
8,64,194
8,65,194
8,66,194
8,67,194
8,68,194
8,69,194
8,70,194
8,71,194
8,72,194
8,73,194
8,74,194
8,75,194
8,76,194
8,77,194
8,78,194
8,79,194
8,80,194
8,81,194
8,82,194
8,83,194
8,84,194
8,85,194
8,86,194
9,0,195
10,0,196
10,1,196
10,2,196
10,3,196
10,4,196
10,5,196
12,0,197
12,1,197
12,2,197
12,3,197
12,4,197
12,5,197
12,6,197
12,7,197
8,0,198
8,1,198
8,2,198
8,3,198
8,4,198
8,5,198
8,6,198
8,7,198
8,8,198
8,9,198
8,10,198
8,11,198
8,12,198
8,13,198
8,14,198
8,15,198
8,16,198
8,17,198
8,18,198
8,19,198
8,20,198
8,21,198
8,22,198
8,23,198
8,24,198
8,25,198
8,26,198
8,27,198
8,28,198
8,29,198
8,30,198
8,31,198
8,32,198
8,33,198
8,34,198
8,35,198
8,36,198
8,37,198
8,38,198
8,39,198
8,40,198
8,41,198
8,42,198
8,43,198
8,44,198
8,45,198
8,46,198
8,47,198
8,48,198
8,49,198
11,0,199
9,0,200
11,0,201
11,1,201
11,2,201
11,3,201
11,4,201
11,5,201
11,6,201
11,7,201
11,8,201
11,9,201
11,10,201
11,11,201
11,12,201
11,13,201
11,14,201
11,15,201
11,16,201
11,17,201
11,18,201
11,19,201
11,20,201
11,21,201
11,22,201
11,23,201
11,24,201
11,25,201
11,26,201
11,27,201
11,28,201
11,29,201
11,30,201
11,31,201
11,32,201
11,33,201
11,34,201
11,35,201
11,36,201
11,37,201
11,38,201
11,39,201
11,40,201
11,41,201
11,42,201
11,43,201
11,44,201
11,45,201
11,46,201
11,47,201
11,48,201
11,49,201
12,0,202
12,1,202
12,2,202
12,3,202
12,4,202
12,5,202
12,6,202
9,0,203
9,1,203
9,2,203
9,3,203
9,4,203
9,5,203
11,0,204
11,1,204
11,2,204
11,3,204
11,4,204
11,5,204
11,6,204
11,7,204
11,8,204
11,9,204
11,10,204
11,11,204
11,12,204
11,13,204
11,14,204
11,15,204
11,16,204
11,17,204
11,18,204
11,19,204
11,20,204
11,21,204
11,22,204
11,23,204
11,24,204
11,25,204
11,26,204
11,27,204
11,28,204
11,29,204
11,30,204
10,0,205
10,1,205
10,2,205
8,0,206
8,1,206
8,2,206
8,3,206
8,4,206
8,5,206
8,6,206
8,7,206
8,8,206
8,9,206
8,10,206
8,11,206
8,12,206
8,13,206
8,14,206
8,15,206
8,16,206
8,17,206
8,18,206
11,0,207
9,0,208
8,0,209
10,0,210
9,0,211
9,1,211
10,0,212
10,1,212
10,2,212
10,3,212
10,4,212
10,5,212
10,6,212
10,7,212
10,8,212
10,9,212
10,10,212
10,11,212
10,12,212
10,13,212
10,14,212
10,15,212
10,16,212
10,17,212
10,18,212
10,19,212
10,20,212
10,21,212
10,22,212
10,23,212
10,0,213
10,1,213
10,2,213
10,3,213
10,4,213
10,5,213
10,6,213
10,7,213
10,8,213
10,9,213
10,10,213
10,11,213
10,12,213
10,13,213
10,14,213
10,0,214
10,1,214
10,2,214
10,3,214
10,4,214
10,5,214
10,6,214
10,7,214
10,8,214
10,9,214
11,0,215
11,1,215
11,2,215
11,3,215
12,0,216
12,1,216
12,2,216
11,0,217
11,1,217
11,2,217
11,3,217
11,4,217
11,5,217
12,0,218
12,1,218
12,2,218
12,3,218
12,4,218
12,5,218
12,6,218
12,7,218
12,8,218
11,0,219
11,1,219
11,2,219
12,0,220
12,1,220
12,2,220
12,3,220
12,4,220
12,5,220
9,0,221
9,1,221
9,2,221
9,3,221
9,4,221
9,5,221
9,6,221
8,0,222
8,1,222
8,2,222
8,3,222
8,4,222
8,5,222
8,6,222
8,7,222
8,8,222
8,9,222
8,10,222
8,11,222
8,12,222
8,13,222
8,14,222
8,15,222
8,16,222
8,17,222
8,18,222
8,19,222
8,20,222
8,21,222
8,22,222
8,23,222
8,24,222
8,25,222
8,26,222
8,27,222
8,28,222
8,29,222
8,30,222
8,31,222
8,32,222
8,33,222
8,34,222
8,35,222
8,36,222
8,37,222
9,0,223
9,1,223
9,2,223
9,3,223
10,0,224
10,1,224
10,2,224
10,3,224
10,4,224
10,5,224
10,6,224
10,7,224
10,8,224
10,9,224
10,10,224
10,11,224
10,12,224
10,13,224
10,14,224
10,15,224
10,16,224
10,17,224
10,18,224
10,19,224
10,20,224
10,21,224
10,22,224
10,23,224
10,24,224
10,25,224
10,26,224
10,27,224
10,28,224
10,29,224
10,30,224
10,31,224
10,32,224
10,33,224
10,34,224
10,35,224
10,36,224
10,37,224
10,38,224
10,39,224
10,40,224
10,41,224
10,42,224
10,43,224
10,44,224
10,45,224
10,46,224
10,47,224
10,48,224
10,49,224
10,50,224
10,51,224
10,52,224
10,53,224
10,54,224
10,55,224
10,56,224
10,57,224
10,58,224
10,59,224
10,60,224
10,61,224
10,62,224
10,63,224
10,64,224
10,65,224
10,66,224
10,67,224
10,68,224
10,69,224
10,70,224
10,71,224
10,72,224
10,73,224
10,74,224
10,75,224
10,76,224
10,77,224
10,78,224
10,79,224
10,80,224
10,81,224
10,82,224
10,83,224
10,84,224
10,85,224
10,86,224
10,87,224
10,88,224
10,89,224
10,90,224
10,91,224
10,92,224
10,93,224
10,94,224
10,95,224
10,96,224
10,97,224
10,98,224
10,99,224
10,100,224
10,101,224
10,102,224
10,103,224
10,104,224
10,105,224
10,106,224
10,107,224
10,108,224
10,109,224
10,110,224
10,111,224
10,112,224
10,113,224
10,114,224
10,115,224
10,116,224
10,117,224
10,118,224
10,119,224
10,120,224
10,121,224
10,122,224
10,123,224
10,124,224
10,125,224
10,126,224
10,127,224
10,128,224
10,129,224
10,130,224
10,131,224
10,132,224
10,133,224
10,134,224
10,135,224
10,136,224
10,137,224
10,138,224
10,139,224
10,140,224
10,141,224
10,142,224
10,143,224
10,144,224
10,145,224
10,146,224
10,147,224
10,148,224
10,149,224
10,150,224
10,151,224
10,152,224
10,153,224
8,0,225
8,0,226
8,0,227
9,0,228
12,0,229
12,1,229
12,2,229
11,0,230
12,0,231
12,1,231
8,0,232
10,0,233
9,0,234
9,1,234
9,2,234
9,3,234
9,4,234
9,5,234
9,6,234
9,7,234
9,8,234
9,9,234
9,10,234
9,11,234
9,12,234
11,0,235
11,1,235
11,2,235
11,3,235
11,4,235
11,5,235
12,0,236
12,1,236
12,2,236
12,3,236
12,4,236
12,5,236
12,6,236
12,7,236
12,8,236
12,9,236
10,0,237
10,1,237
10,2,237
10,3,237
10,4,237
10,5,237
10,6,237
10,7,237
10,8,237
10,9,237
10,10,237
10,11,237
10,12,237
10,13,237
10,14,237
10,15,237
10,16,237
10,17,237
10,18,237
10,19,237
10,20,237
10,21,237
10,22,237
10,23,237
8,0,238
8,1,238
8,2,238
8,3,238
8,4,238
8,5,238
8,6,238
8,7,238
8,8,238
8,9,238
8,10,238
8,11,238
8,12,238
8,13,238
8,14,238
8,15,238
8,16,238
8,17,238
8,18,238
8,19,238
8,20,238
8,21,238
8,22,238
8,23,238
8,24,238
8,25,238
8,26,238
8,27,238
8,28,238
8,29,238
8,30,238
8,31,238
8,32,238
8,33,238
8,34,238
8,35,238
8,36,238
8,37,238
8,38,238
8,39,238
8,40,238
8,41,238
8,42,238
8,43,238
8,44,238
8,45,238
8,46,238
8,47,238
8,48,238
8,49,238
8,50,238
8,51,238
8,52,238
8,53,238
8,54,238
8,55,238
8,56,238
8,57,238
8,58,238
8,59,238
8,60,238
8,61,238
8,62,238
8,63,238
8,64,238
8,65,238
8,66,238
8,67,238
8,68,238
8,69,238
8,70,238
8,71,238
8,72,238
8,73,238
8,74,238
11,0,239
11,0,240
11,1,240
9,0,241
9,1,241
9,2,241
9,3,241
9,4,241
9,5,241
9,6,241
9,7,241
9,8,241
9,9,241
9,10,241
9,11,241
9,12,241
9,13,241
9,14,241
9,15,241
9,16,241
9,17,241
9,18,241
9,19,241
9,20,241
9,21,241
9,22,241
9,23,241
9,24,241
9,25,241
9,26,241
9,27,241
9,28,241
9,29,241
9,30,241
9,31,241
9,32,241
9,33,241
9,34,241
9,35,241
9,36,241
9,37,241
9,38,241
9,39,241
9,40,241
9,41,241
9,42,241
9,43,241
9,44,241
9,45,241
9,46,241
9,47,241
9,48,241
9,49,241
9,50,241
9,51,241
9,52,241
9,53,241
9,54,241
9,55,241
9,56,241
9,57,241
9,58,241
9,59,241
9,60,241
9,61,241
9,62,241
9,63,241
9,64,241
9,65,241
9,66,241
9,67,241
9,68,241
9,69,241
9,70,241
9,71,241
9,72,241
9,73,241
9,74,241
9,75,241
9,76,241
9,77,241
9,78,241
9,79,241
9,80,241
9,81,241
9,82,241
9,83,241
9,84,241
9,85,241
9,86,241
9,87,241
9,88,241
9,89,241
9,90,241
9,91,241
9,92,241
9,93,241
9,94,241
9,95,241
9,96,241
9,97,241
9,98,241
9,99,241
