id_article|nb_items
1|4
2|4
3|4
4|5
5|4
6|2
7|4
8|2
9|5
10|5
11|4
12|1
13|4
14|4
15|4
16|3
17|2
18|3
19|5
20|3
21|5
22|4
23|5
24|3
25|2
26|5
27|4
28|5
29|4
30|5
31|1
32|2
33|3
34|5
35|2
36|5
37|3
38|4
39|1
40|5
41|2
42|4
43|3
44|1
45|2
46|3
47|1
48|4
49|5
50|5
51|5
52|2
53|5
54|4
55|5
56|4
57|5
58|5
59|1
60|2
61|4
62|4
63|2
64|2
65|5
66|4
67|1
68|4
69|1
70|4
71|2
72|1
73|3
74|3
75|1
76|1
77|1
78|2
79|2
80|5
81|5
82|1
83|2
84|3
85|2
86|1
87|5
88|3
89|5
90|2
91|4
92|2
93|4
94|2
95|2
96|1
97|2
98|4
99|2
100|5
101|2
102|1
103|4
104|5
105|2
106|2
107|2
108|3
109|4
110|5
111|4
112|3
113|4
114|3
115|2
116|3
117|4
118|2
119|5
120|3
121|2
122|4
123|5
124|4
125|2
126|2
127|2
128|4
129|4
130|5
131|5
132|5
133|4
134|1
135|4
136|4
137|4
138|2
139|2
140|1
141|2
142|5
143|3
144|1
145|5
146|1
147|3
148|2
149|4
150|4
151|1
152|1
153|3
154|2
155|5
156|5
157|3
158|4
159|5
160|2
161|3
162|2
163|1
164|4
165|1
166|5
167|3
168|2
169|4
170|4
171|5
172|3
173|3
174|2
175|1
176|4
177|1
178|4
179|2
180|4
181|4
182|4
183|1
184|3
185|1
186|5
187|4
188|5
189|4
190|2
191|2
192|4
193|5
194|1
195|3
196|5
197|4
198|2
199|1
200|1
201|5
202|3
203|2
204|2
205|1
206|5
207|5
208|3
209|1
210|3
211|5
212|1
213|1
214|1
215|2
216|2
217|4
218|1
219|2
220|1
221|1
222|3
223|3
224|5
225|1
226|5
227|2
228|4
229|4
230|4
231|4
232|4
233|5
234|3
235|5
236|3
237|5
238|5
239|3
240|2
241|4
242|5
243|4
244|4
245|3
246|5
247|4
248|4
249|1
250|3
251|3
252|4
253|4
254|5
255|1
256|4
257|4
258|1
259|2
260|4
261|2
262|3
263|4
264|1
265|1
266|1
267|3
268|5
269|1
270|2
271|4
272|5
273|3
274|2
275|5
276|4
277|4
278|4
279|1
280|1
281|4
282|3
283|1
284|2
285|2
286|3
287|4
288|1
289|2
290|2
291|1
292|5
293|5
294|1
295|2
296|4
297|3
298|2
299|4
300|3
301|1
302|2
303|5
304|4
305|3
306|4
307|3
308|2
309|3
310|5
311|4
312|3
313|3
314|5
315|1
316|5
317|5
318|4
319|3
320|4
321|2
322|1
323|4
324|3
325|2
326|4
327|3
328|2
329|2
330|3
331|2
332|4
333|1
334|1
335|2
336|5
337|3
338|1
339|1
340|2
341|3
342|2
343|4
344|1
345|1
346|2
347|5
348|5
349|2
350|5
351|5
352|1
353|5
354|1
355|5
356|5
357|3
358|3
359|5
360|4
361|1
362|2
363|1
364|2
365|1
366|3
367|5
368|1
369|3
370|3
371|1
372|4
373|1
374|5
375|5
376|5
377|1
378|1
379|1
380|2
381|2
382|4
383|4
384|2
385|3
386|4
387|5
388|1
389|2
390|4
391|5
392|2
393|2
394|5
395|4
396|4
397|3
398|3
399|1
400|2
401|3
402|4
403|1
404|2
405|4
406|2
407|2
408|4
409|5
410|3
411|3
412|1
413|4
414|5
415|3
416|1
417|1
418|5
419|2
420|2
421|4
422|3
423|5
424|3
425|4
426|2
427|5
428|4
429|1
430|3
431|4
432|4
433|5
434|3
435|3
436|2
437|2
438|2
439|4
440|1
441|4
442|3
443|2
444|2
445|1
446|1
447|1
448|1
449|4
450|4
451|1
452|2
453|2
454|2
455|1
456|4
457|3
458|1
459|2
460|1
461|5
462|5
463|4
464|1
465|4
466|3
467|5
468|2
469|4
470|4
471|3
472|5
473|1
474|3
475|3
476|5
477|2
478|4
479|5
480|1
481|3
482|2
483|1
484|2
485|3
486|1
487|3
488|4
489|4
490|2
491|5
492|5
493|4
494|3
495|3
496|2
497|2
498|4
499|1
500|2
501|3
502|5
503|4
504|2
505|5
506|4
507|1
508|4
509|5
510|2
511|4
512|2
513|1
514|4
515|3
516|1
517|2
518|5
519|4
520|2
521|3
522|5
523|2
524|4
525|5
526|3
527|4
528|1
529|3
530|2
531|5
532|1
533|1
534|5
535|4
536|3
537|5
538|5
539|5
540|1
541|1
542|1
543|5
544|2
545|2
546|4
547|5
548|1
549|5
550|3
551|2
552|4
553|3
554|3
555|1
556|5
557|1
558|4
559|4
560|3
561|1
562|5
563|3
564|3
565|5
566|2
567|1
568|2
569|2
570|2
571|5
572|5
573|5
574|2
575|1
576|3
577|3
578|4
579|3
580|1
581|2
582|1
583|4
584|4
585|4
586|2
587|4
588|3
589|4
590|3
591|3
592|3
593|1
594|4
595|4
596|3
597|5
598|5
599|3
600|3
601|4
602|1
603|5
604|2
605|3
606|4
607|1
608|5
609|5
610|4
611|4
612|3
613|1
614|1
615|4
616|1
617|5
618|5
619|2
620|1
621|4
622|3
623|5
624|4
625|4
626|2
627|2
628|5
629|1
630|1
631|5
632|2
633|4
634|1
635|5
636|3
637|4
638|2
639|5
640|5
641|1
642|1
643|5
644|3
645|1
646|1
647|1
648|2
649|3
650|5
651|3
652|1
653|2
654|5
655|3
656|2
657|1
658|4
659|3
660|5
661|2
662|3
663|5
664|5
665|1
666|5
667|2
668|2
669|1
670|5
671|5
672|3
673|3
674|4
675|5
676|4
677|2
678|4
679|2
680|4
681|4
682|2
683|3
684|1
685|3
686|4
687|2
688|3
689|5
690|5
691|1
692|4
693|5
694|5
695|5
696|1
697|5
698|2
699|2
700|3
701|3
702|5
703|4
704|1
705|3
706|1
707|1
708|5
709|1
710|5
711|2
712|5
713|4
714|4
715|5
716|5
717|2
718|1
719|3
720|3
721|1
722|4
723|2
724|3
725|1
726|3
727|4
728|5
729|4
730|2
731|3
732|1
733|1
734|4
735|2
736|4
737|2
738|2
739|3
740|2
741|4
742|1
743|2
744|1
745|5
746|1
747|3
748|4
749|3
750|5
751|5
752|1
753|2
754|1
755|5
756|3
757|3
758|5
759|2
760|5
761|5
762|1
763|3
764|3
765|4
766|4
767|2
768|5
769|3
770|4
771|2
772|5
773|1
774|2
775|2
776|5
777|2
778|1
779|1
780|5
781|4
782|1
783|5
784|4
785|5
786|1
787|4
788|3
789|3
790|5
791|1
792|1
793|4
794|2
795|3
796|2
797|4
798|1
799|1
800|4
801|5
802|1
803|4
804|3
805|5
806|5
807|3
808|3
809|3
810|3
811|2
812|1
813|3
814|2
815|1
816|2
817|5
818|1
819|2
820|1
821|1
822|3
823|4
824|3
825|4
826|2
827|4
828|5
829|4
830|5
831|5
832|4
833|4
834|3
835|2
836|1
837|1
838|3
839|3
840|3
841|1
842|2
843|5
844|2
845|5
846|5
847|2
848|4
849|1
850|5
851|2
852|5
853|4
854|3
855|5
856|2
857|2
858|2
859|3
860|4
861|5
862|2
863|5
864|2
865|5
866|4
867|3
868|4
869|4
870|4
871|5
872|4
873|5
874|3
875|2
876|2
877|5
878|1
879|4
880|5
881|1
882|3
883|3
884|4
885|2
886|1
887|1
888|3
889|3
890|4
891|2
892|1
893|3
894|1
895|3
896|4
897|1
898|5
899|2
900|3
901|3
902|1
903|2
904|1
905|5
906|1
907|4
908|3
909|5
910|2
911|1
912|4
913|2
914|5
915|2
916|3
917|1
918|4
919|2
920|5
921|1
922|1
923|3
924|5
925|3
926|5
927|5
928|1
929|3
930|5
931|1
932|1
933|1
934|2
935|2
936|5
937|4
938|2
939|2
940|3
941|1
942|5
943|1
944|4
945|1
946|3
947|3
948|5
949|1
950|2
951|3
952|3
953|5
954|2
955|5
956|2
957|2
958|1
959|1
960|5
961|1
962|3
963|5
964|2
965|4
966|1
967|1
968|4
969|1
970|3
971|5
972|3
973|3
974|5
975|1
976|1
977|4
978|3
979|5
980|4
981|1
982|4
983|1
984|3
985|3
986|3
987|3
988|4
989|4
990|1
991|3
992|1
993|3
994|4
995|5
996|1
997|2
998|1
999|2
1000|2
1001|3
1002|1
1003|4
1004|1
1005|1
1006|4
1007|1
1008|5
1009|1
1010|2
1011|1
1012|1
1013|2
1014|3
1015|4
1016|3
1017|4
1018|3
1019|1
1020|5
1021|4
1022|4
1023|5
1024|2
1025|4
1026|1
1027|3
1028|4
1029|5
1030|4
1031|3
1032|4
1033|3
1034|5
1035|1
1036|3
1037|2
1038|1
1039|4
1040|3
1041|3
1042|2
1043|3
1044|2
1045|2
1046|4
1047|4
1048|2
1049|2
1050|3
1051|3
1052|4
1053|1
1054|2
1055|2
1056|3
1057|4
1058|5
1059|5
1060|3
1061|3
1062|5
1063|2
1064|1
1065|4
1066|1
1067|4
1068|4
1069|4
1070|3
1071|3
1072|2
1073|5
1074|4
1075|3
1076|4
1077|3
1078|2
1079|3
1080|5
1081|4
1082|4
1083|5
1084|1
1085|4
1086|2
1087|2
1088|1
1089|4
1090|5
1091|5
1092|4
1093|2
1094|4
1095|1
1096|1
1097|3
1098|4
1099|3
1100|4
1101|5
1102|1
1103|3
1104|2
1105|3
1106|5
1107|3
1108|3
1109|4
1110|4
1111|3
1112|5
1113|2
1114|2
1115|2
1116|5
1117|4
1118|3
1119|2
1120|5
1121|5
1122|1
1123|5
1124|2
1125|1
1126|5
1127|5
1128|2
1129|1
1130|2
1131|3
1132|4
1133|4
1134|2
1135|5
1136|5
1137|5
1138|2
1139|5
1140|3
1141|4
1142|5
1143|5
1144|3
1145|3
1146|4
1147|4
1148|4
1149|3
1150|4
1151|2
1152|4
1153|4
1154|5
1155|5
1156|1
1157|1
1158|4
1159|3
1160|3
1161|3
1162|5
1163|3
1164|5
1165|2
1166|1
1167|2
1168|1
1169|5
1170|1
1171|3
1172|2
1173|3
1174|3
1175|5
1176|2
1177|4
1178|5
1179|4
1180|4
1181|3
1182|1
1183|2
1184|4
1185|4
1186|2
1187|5
1188|1
1189|5
1190|1
1191|3
1192|3
1193|1
1194|2
1195|5
1196|1
1197|5
1198|4
1199|4
1200|4
1201|1
1202|2
1203|1
1204|5
1205|3
1206|5
1207|5
1208|4
1209|3
1210|5
1211|4
1212|4
1213|2
1214|5
1215|5
1216|2
1217|3
1218|3
1219|3
1220|2
1221|1
1222|1
1223|3
1224|1
1225|4
1226|4
1227|5
1228|2
1229|1
1230|1
1231|4
1232|1
1233|2
1234|1
1235|3
1236|2
1237|1
1238|3
1239|1
1240|5
1241|5
1242|2
1243|5
1244|4
1245|1
1246|1
1247|3
1248|4
1249|2
1250|3
1251|1
1252|2
1253|2
1254|4
1255|5
1256|3
1257|3
1258|3
1259|5
1260|2
1261|5
1262|2
1263|3
1264|1
1265|2
1266|5
1267|2
1268|3
1269|1
1270|2
1271|5
1272|4
1273|3
1274|5
1275|4
1276|3
1277|2
1278|1
1279|4
1280|2
1281|3
1282|2
1283|4
1284|4
1285|3
1286|2
1287|1
1288|2
1289|2
1290|5
1291|4
1292|4
1293|1
1294|2
1295|4
1296|3
1297|5
1298|1
1299|5
1300|3
1301|3
1302|5
1303|1
1304|2
1305|1
1306|2
1307|5
1308|5
1309|5
1310|3
1311|5
1312|4
1313|3
1314|5
1315|4
1316|5
1317|4
1318|2
1319|4
1320|2
1321|3
1322|3
1323|3
1324|1
1325|5
1326|1
1327|4
1328|2
1329|4
1330|5
1331|2
1332|2
1333|5
1334|4
1335|2
1336|3
1337|1
1338|4
1339|1
1340|3
1341|5
1342|2
1343|1
1344|5
1345|2
1346|4
1347|2
1348|1
1349|2
1350|2
1351|5
1352|1
1353|1
1354|3
1355|4
1356|4
1357|1
1358|4
1359|5
1360|3
1361|1
1362|4
1363|1
1364|4
1365|1
1366|3
1367|5
1368|4
1369|2
1370|4
1371|4
1372|2
1373|3
1374|1
1375|1
1376|5
1377|1
1378|3
1379|2
1380|2
1381|5
1382|5
1383|1
1384|5
1385|1
1386|5
1387|4
1388|1
1389|2
1390|1
1391|5
1392|2
1393|4
1394|2
1395|1
1396|4
1397|1
1398|1
1399|4
1400|3
1401|5
1402|3
1403|3
1404|2
1405|4
1406|1
1407|4
1408|1
1409|4
1410|5
1411|3
1412|3
1413|5
1414|1
1415|5
1416|2
1417|5
1418|3
1419|2
1420|1
1421|3
1422|2
1423|3
1424|5
1425|4
1426|4
1427|3
1428|5
1429|1
1430|2
1431|5
1432|3
1433|2
1434|2
1435|2
1436|4
1437|1
1438|2
1439|5
1440|1
1441|4
1442|4
1443|2
1444|4
1445|3
1446|3
1447|3
1448|2
1449|3
1450|5
1451|5
1452|2
1453|5
1454|1
1455|1
1456|3
1457|4
1458|2
1459|1
1460|3
1461|1
1462|3
1463|5
1464|2
1465|3
1466|2
1467|4
1468|5
1469|3
1470|5
1471|2
1472|2
1473|2
1474|1
1475|5
1476|4
1477|2
1478|5
1479|5
1480|1
1481|2
1482|4
1483|3
1484|5
1485|1
1486|1
1487|1
1488|4
1489|5
1490|4
1491|1
1492|1
1493|1
1494|4
1495|4
1496|1
1497|4
1498|4
1499|3
1500|4
1501|1
1502|5
1503|4
1504|2
1505|3
1506|3
1507|2
1508|3
1509|2
1510|5
1511|2
1512|3
1513|4
1514|1
1515|3
1516|1
1517|5
1518|3
1519|4
1520|1
1521|5
1522|2
1523|2
1524|5
1525|3
1526|1
1527|5
1528|5
1529|3
1530|3
1531|2
1532|3
1533|4
1534|1
1535|1
1536|2
1537|5
1538|5
1539|1
1540|5
1541|5
1542|5
1543|2
1544|2
1545|1
1546|3
1547|5
1548|5
1549|3
1550|5
1551|3
1552|2
1553|5
1554|4
1555|1
1556|3
1557|5
1558|4
1559|1
1560|3
1561|4
1562|3
1563|1
1564|4
1565|5
1566|5
1567|5
1568|3
1569|1
1570|3
1571|2
1572|2
1573|5
1574|2
1575|1
1576|5
1577|1
1578|3
1579|5
1580|2
1581|2
1582|2
1583|4
1584|4
1585|1
1586|3
1587|4
1588|4
1589|3
1590|2
1591|3
1592|3
1593|3
1594|1
1595|2
1596|2
1597|4
1598|2
1599|1
1600|2
1601|4
1602|2
1603|1
1604|2
1605|4
1606|5
1607|4
1608|3
1609|4
1610|4
1611|4
1612|1
1613|1
1614|4
1615|5
1616|1
1617|2
1618|2
1619|3
1620|4
1621|2
1622|1
1623|3
1624|2
1625|2
1626|2
1627|1
1628|3
1629|4
1630|1
1631|2
1632|5
1633|2
1634|5
1635|3
1636|1
1637|5
1638|2
1639|2
1640|3
1641|3
1642|2
1643|4
1644|1
1645|3
1646|4
1647|4
1648|5
1649|4
1650|5
1651|1
1652|3
1653|5
1654|2
1655|5
1656|2
1657|5
1658|4
1659|3
1660|5
1661|1
1662|5
1663|5
1664|1
1665|5
1666|5
1667|5
1668|3
1669|4
1670|2
1671|1
1672|1
1673|3
1674|2
1675|3
1676|2
1677|1
1678|4
1679|4
1680|1
1681|5
1682|5
1683|3
1684|3
1685|3
1686|4
1687|5
1688|4
1689|3
1690|1
1691|4
1692|4
1693|3
1694|1
1695|5
1696|5
1697|2
1698|5
1699|1
1700|3
1701|5
1702|3
1703|4
1704|4
1705|1
1706|3
1707|3
1708|4
1709|3
1710|2
1711|3
1712|1
1713|3
1714|1
1715|3
1716|2
1717|1
1718|5
1719|4
1720|5
1721|5
1722|2
1723|5
1724|2
1725|5
1726|3
1727|2
1728|1
1729|4
1730|5
1731|2
1732|3
1733|1
1734|5
1735|1
1736|2
1737|3
1738|2
1739|1
1740|1
1741|2
1742|4
1743|5
1744|3
1745|1
1746|2
1747|1
1748|3
1749|3
1750|1
1751|4
1752|5
1753|5
1754|3
1755|1
1756|4
1757|1
1758|2
1759|2
1760|3
1761|1
1762|4
1763|5
1764|3
1765|4
1766|2
1767|5
1768|2
1769|5
1770|3
1771|2
1772|1
1773|4
1774|1
1775|2
1776|5
1777|4
1778|1
1779|4
1780|1
1781|4
1782|4
1783|1
1784|3
1785|5
1786|1
1787|4
1788|2
1789|1
1790|5
1791|4
1792|3
1793|2
1794|3
1795|2
1796|2
1797|3
1798|1
1799|5
1800|1
1801|3
1802|2
1803|3
1804|1
1805|5
1806|1
1807|1
1808|1
1809|1
1810|1
1811|5
1812|5
1813|2
1814|1
1815|4
1816|4
1817|3
1818|4
1819|5
1820|4
1821|4
1822|4
1823|3
1824|2
1825|3
1826|4
1827|5
1828|5
1829|1
1830|2
1831|1
1832|1
1833|3
1834|4
1835|2
1836|2
1837|2
1838|3
1839|4
1840|3
1841|4
1842|1
1843|1
1844|4
1845|1
1846|1
1847|5
1848|2
1849|2
1850|5
1851|3
1852|3
1853|5
1854|1
1855|1
1856|3
1857|5
1858|3
1859|1
1860|1
1861|4
1862|3
1863|5
1864|4
1865|2
1866|4
1867|4
1868|4
1869|5
1870|2
1871|4
1872|4
1873|2
1874|3
1875|1
1876|4
1877|4
1878|3
1879|4
1880|2
1881|4
1882|2
1883|4
1884|4
1885|2
1886|1
1887|2
1888|4
1889|1
1890|5
1891|1
1892|2
1893|2
1894|3
1895|1
1896|2
1897|1
1898|5
1899|1
1900|1
1901|5
1902|4
1903|1
1904|5
1905|3
1906|4
1907|2
1908|4
1909|1
1910|1
1911|2
1912|4
1913|3
1914|3
1915|5
1916|1
1917|3
1918|5
1919|4
1920|1
1921|2
1922|5
1923|2
1924|3
1925|2
1926|2
1927|3
1928|3
1929|1
1930|4
1931|2
1932|4
1933|5
1934|4
1935|3
1936|1
1937|4
1938|3
1939|1
1940|3
1941|4
1942|1
1943|4
1944|2
1945|3
1946|3
1947|4
1948|3
1949|2
1950|2
1951|2
1952|2
1953|3
1954|1
1955|3
1956|2
1957|2
1958|4
1959|2
1960|4
1961|5
1962|1
1963|2
1964|2
1965|4
1966|3
1967|4
1968|4
1969|5
1970|5
1971|5
1972|5
1973|4
1974|3
1975|4
1976|3
1977|5
1978|5
1979|3
1980|5
1981|1
1982|5
1983|3
1984|1
1985|5
1986|4
1987|5
1988|5
1989|4
1990|4
1991|5
1992|3
1993|5
1994|1
1995|1
1996|2
1997|5
1998|4
1999|2
2000|1
2001|2
2002|1
2003|2
2004|1
2005|4
2006|2
2007|5
2008|3
2009|4
2010|3
2011|2
2012|1
2013|5
2014|2
2015|4
2016|4
2017|1
2018|5
2019|3
2020|5
2021|2
2022|1
2023|5
2024|4
2025|5
2026|3
2027|4
2028|2
2029|1
2030|2
2031|2
2032|3
2033|2
2034|1
2035|1
2036|3
2037|2
2038|3
2039|1
2040|2
2041|5
2042|4
2043|1
2044|2
2045|5
2046|3
2047|4
2048|3
2049|2
2050|1
2051|4
2052|2
2053|4
2054|1
2055|1
2056|3
2057|5
2058|5
2059|5
2060|2
2061|1
2062|5
2063|1
2064|4
2065|1
2066|2
2067|2
2068|4
2069|5
2070|4
2071|3
2072|1
2073|3
2074|2
2075|3
2076|1
2077|2
2078|2
2079|4
2080|2
2081|3
2082|3
2083|2
2084|1
2085|4
2086|2
2087|4
2088|3
2089|5
2090|3
2091|5
2092|3
2093|5
2094|1
2095|4
2096|2
2097|3
2098|1
2099|5
2100|4
2101|3
2102|3
2103|4
2104|1
2105|2
2106|5
2107|5
2108|3
2109|2
2110|1
2111|2
2112|1
2113|3
2114|1
2115|5
2116|5
2117|4
2118|4
2119|5
2120|5
2121|1
2122|2
2123|5
2124|2
2125|3
2126|1
2127|2
2128|5
2129|2
2130|4
2131|1
2132|4
2133|2
2134|2
2135|3
2136|4
2137|5
2138|3
2139|4
2140|2
2141|4
2142|4
2143|3
2144|1
2145|4
2146|5
2147|5
2148|1
2149|2
2150|5
2151|4
2152|5
2153|1
2154|2
2155|4
2156|2
2157|1
2158|3
2159|2
2160|5
2161|1
2162|3
2163|2
2164|3
2165|5
2166|2
2167|2
2168|4
2169|1
2170|4
2171|2
2172|1
2173|5
2174|2
2175|5
2176|5
2177|3
2178|5
2179|1
2180|3
2181|3
2182|4
2183|3
2184|4
2185|3
2186|2
2187|4
2188|2
2189|5
2190|3
2191|4
2192|2
2193|4
2194|2
2195|1
2196|3
2197|5
2198|5
2199|2
2200|3
2201|3
2202|5
2203|2
2204|5
2205|2
2206|1
2207|3
2208|2
2209|2
2210|3
2211|3
2212|5
2213|1
2214|2
2215|5
2216|5
2217|4
2218|5
2219|5
2220|5
2221|5
2222|2
2223|1
2224|3
2225|1
2226|1
2227|3
2228|5
2229|2
2230|3
2231|1
2232|3
2233|2
2234|2
2235|5
2236|5
2237|4
2238|2
2239|4
2240|3
2241|3
2242|5
2243|5
2244|5
2245|4
2246|3
2247|2
2248|5
2249|2
2250|1
2251|3
2252|2
2253|1
2254|5
2255|5
2256|3
2257|2
2258|5
2259|4
2260|4
2261|3
2262|4
2263|1
2264|5
2265|3
2266|1
2267|2
2268|1
2269|2
2270|4
2271|3
2272|5
2273|5
2274|3
2275|4
2276|1
2277|5
2278|2
2279|2
2280|4
2281|3
2282|2
2283|5
2284|3
2285|1
2286|3
2287|5
2288|3
2289|2
2290|4
2291|5
2292|5
2293|2
2294|5
2295|1
2296|3
2297|1
2298|4
2299|4
2300|5
2301|4
2302|5
2303|5
2304|3
2305|3
2306|1
2307|3
2308|5
2309|4
2310|4
2311|1
2312|2
2313|3
2314|5
2315|5
2316|5
2317|4
2318|5
2319|2
2320|1
2321|5
2322|4
2323|5
2324|3
2325|3
2326|4
2327|2
2328|1
2329|1
2330|4
2331|3
2332|2
2333|3
2334|2
2335|1
2336|3
2337|3
2338|2
2339|2
2340|1
2341|3
2342|5
2343|4
2344|1
2345|2
2346|4
2347|2
2348|4
2349|4
2350|3
2351|5
2352|4
2353|1
2354|1
2355|2
2356|2
2357|1
2358|1
2359|3
2360|2
2361|3
2362|2
2363|1
2364|4
2365|4
2366|2
2367|4
2368|3
2369|5
2370|1
2371|2
2372|5
2373|2
2374|3
2375|3
2376|4
2377|2
2378|4
2379|1
2380|4
2381|1
2382|2
2383|5
2384|2
2385|4
2386|2
2387|2
2388|3
2389|2
2390|3
2391|2
2392|1
2393|3
2394|5
2395|1
2396|5
2397|5
2398|2
2399|3
2400|2
2401|3
2402|4
2403|3
2404|5
2405|1
2406|4
2407|3
2408|4
2409|4
2410|2
2411|4
2412|5
2413|1
2414|3
2415|1
2416|3
2417|3
2418|4
2419|5
2420|3
2421|3
2422|4
2423|2
2424|2
2425|3
2426|5
2427|5
2428|4
2429|2
2430|4
2431|1
2432|1
2433|1
2434|4
2435|5
2436|5
2437|4
2438|4
2439|5
2440|5
2441|3
2442|1
2443|2
2444|4
2445|1
2446|2
2447|1
2448|4
2449|1
2450|2
2451|3
2452|5
2453|3
2454|3
2455|2
2456|4
2457|1
2458|2
2459|5
2460|5
2461|4
2462|1
2463|2
2464|2
2465|3
2466|2
2467|3
2468|5
2469|4
2470|1
2471|5
2472|3
2473|5
2474|4
2475|5
2476|4
2477|2
2478|3
2479|2
2480|2
2481|1
2482|1
2483|4
2484|3
2485|5
2486|4
2487|1
2488|4
2489|3
2490|3
2491|1
2492|3
2493|3
2494|2
2495|3
2496|2
2497|1
2498|3
2499|2
2500|5
2501|3
2502|5
2503|5
2504|1
2505|3
2506|1
2507|5
2508|3
2509|3
2510|2
2511|4
2512|4
2513|4
2514|2
2515|2
2516|2
2517|3
2518|1
2519|1
2520|2
2521|1
2522|3
2523|1
2524|2
2525|2
2526|5
2527|2
2528|5
2529|2
2530|4
2531|3
2532|4
2533|5
2534|1
2535|2
2536|2
2537|4
2538|3
2539|3
2540|3
2541|1
2542|3
2543|1
2544|3
2545|3
2546|2
2547|2
2548|3
2549|1
2550|3
2551|2
2552|1
2553|2
2554|3
2555|5
2556|3
2557|2
2558|4
2559|3
2560|2
2561|5
2562|1
2563|1
2564|5
2565|2
2566|1
2567|1
2568|1
2569|5
2570|3
2571|1
2572|5
2573|4
2574|3
2575|4
2576|5
2577|4
2578|1
2579|3
2580|5
2581|3
2582|2
2583|4
2584|4
2585|4
2586|2
2587|5
2588|5
2589|5
2590|5
2591|3
2592|4
2593|3
2594|2
2595|5
2596|1
2597|2
2598|2
2599|3
2600|5
2601|5
2602|3
2603|2
2604|5
2605|5
2606|4
2607|5
2608|2
2609|3
2610|4
2611|3
2612|2
2613|5
2614|2
2615|1
2616|3
2617|4
2618|3
2619|2
2620|5
2621|5
2622|4
2623|2
2624|3
2625|1
2626|3
2627|1
2628|3
2629|2
2630|5
2631|4
2632|2
2633|3
2634|2
2635|4
2636|5
2637|4
2638|1
2639|3
2640|4
2641|3
2642|4
2643|5
2644|5
2645|4
2646|5
2647|3
2648|1
2649|4
2650|4
2651|2
2652|1
2653|5
2654|4
2655|2
2656|3
2657|4
2658|3
2659|1
2660|2
2661|1
2662|5
2663|5
2664|3
2665|2
2666|3
2667|4
2668|3
2669|5
2670|4
2671|1
2672|3
2673|5
2674|4
2675|1
2676|4
2677|2
2678|5
2679|3
2680|1
2681|4
2682|5
2683|1
2684|5
2685|1
2686|5
2687|3
2688|2
2689|4
2690|5
2691|2
2692|3
2693|5
2694|2
2695|2
2696|5
2697|3
2698|2
2699|1
2700|1
2701|2
2702|3
2703|5
2704|3
2705|5
2706|2
2707|2
2708|5
2709|5
2710|3
2711|3
2712|1
2713|1
2714|2
2715|1
2716|4
2717|1
2718|1
2719|5
2720|4
2721|2
2722|4
2723|4
2724|1
2725|2
2726|5
2727|5
2728|3
2729|4
2730|5
2731|3
2732|5
2733|2
2734|3
2735|5
2736|1
2737|5
2738|4
2739|3
2740|4
2741|5
2742|2
2743|4
2744|2
2745|2
2746|2
2747|2
2748|2
2749|2
2750|4
2751|2
2752|1
2753|4
2754|3
2755|3
2756|3
2757|2
2758|2
2759|4
2760|4
2761|2
2762|2
2763|2
2764|2
2765|1
2766|4
2767|1
2768|3
2769|4
2770|1
2771|1
2772|4
2773|5
2774|3
2775|1
2776|4
2777|1
2778|5
2779|5
2780|3
2781|1
2782|3
2783|1
2784|3
2785|4
2786|1
2787|5
2788|5
2789|2
2790|2
2791|2
2792|4
2793|5
2794|4
2795|5
2796|3
2797|4
2798|4
2799|3
2800|4
2801|1
2802|3
2803|5
2804|2
2805|2
2806|2
2807|5
2808|4
2809|5
2810|5
2811|4
2812|2
2813|5
2814|3
2815|5
2816|2
2817|2
2818|4
2819|4
2820|1
2821|2
2822|4
2823|5
2824|5
2825|5
2826|3
2827|5
2828|3
2829|4
2830|5
2831|3
2832|3
2833|3
2834|4
2835|3
2836|3
2837|1
2838|5
2839|5
2840|5
2841|1
2842|2
2843|5
2844|3
2845|5
2846|2
2847|2
2848|1
2849|2
2850|3
2851|3
2852|5
2853|3
2854|5
2855|4
2856|4
2857|5
2858|2
2859|2
2860|1
2861|3
2862|4
2863|2
2864|5
2865|1
2866|5
2867|1
2868|2
2869|4
2870|5
2871|5
2872|1
2873|2
2874|5
2875|3
2876|5
2877|5
2878|5
2879|1
2880|1
2881|2
2882|3
2883|3
2884|1
2885|5
2886|5
2887|2
2888|4
2889|4
2890|2
2891|5
2892|1
2893|1
2894|2
2895|1
2896|5
2897|3
2898|4
2899|4
2900|2
2901|1
2902|4
2903|2
2904|1
2905|3
2906|4
2907|5
2908|3
2909|2
2910|4
2911|3
2912|1
2913|2
2914|1
2915|5
2916|4
2917|1
2918|5
2919|1
2920|3
2921|4
2922|5
2923|3
2924|1
2925|1
2926|4
2927|4
2928|4
2929|3
2930|3
2931|5
2932|2
2933|3
2934|3
2935|4
2936|1
2937|4
2938|1
2939|1
2940|3
2941|4
2942|3
2943|5
2944|3
2945|1
2946|3
2947|3
2948|2
2949|3
2950|1
2951|5
2952|5
2953|2
2954|4
2955|5
2956|1
2957|2
2958|1
2959|1
2960|5
2961|2
2962|5
2963|4
2964|2
2965|2
2966|3
2967|4
2968|4
2969|3
2970|5
2971|4
2972|5
2973|3
2974|1
2975|1
2976|4
2977|1
2978|3
2979|2
2980|1
2981|2
2982|1
2983|1
2984|1
2985|1
2986|2
2987|2
2988|1
2989|2
2990|5
2991|1
2992|2
2993|5
2994|4
2995|1
2996|4
2997|4
2998|5
2999|2
3000|3
3001|2
3002|2
3003|2
3004|4
3005|2
3006|5
3007|4
3008|5
3009|2
3010|1
3011|5
3012|4
3013|3
3014|4
3015|1
3016|5
3017|1
3018|3
3019|4
3020|1
3021|3
3022|3
3023|2
3024|5
3025|1
3026|4
3027|4
3028|3
3029|4
3030|2
3031|4
3032|4
3033|4
3034|1
3035|2
3036|5
3037|2
3038|5
3039|2
3040|3
3041|2
3042|1
3043|4
3044|5
3045|4
3046|5
3047|2
3048|4
3049|3
3050|2
3051|4
3052|2
3053|5
3054|4
3055|3
3056|3
3057|2
3058|5
3059|5
3060|1
3061|2
3062|5
3063|1
3064|5
3065|1
3066|4
3067|4
3068|4
3069|2
3070|1
3071|3
3072|2
3073|2
3074|2
3075|3
3076|3
3077|5
3078|4
3079|4
3080|4
3081|4
3082|5
3083|4
3084|4
3085|5
3086|1
3087|4
3088|5
3089|5
3090|5
3091|1
3092|4
3093|1
3094|4
3095|3
3096|1
3097|2
3098|5
3099|5
3100|1
3101|4
3102|3
3103|1
3104|3
3105|1
3106|1
3107|2
3108|5
3109|1
3110|1
3111|2
3112|3
3113|3
3114|1
3115|4
3116|4
3117|5
3118|1
3119|2
3120|1
3121|4
3122|3
3123|2
3124|5
3125|4
3126|1
3127|3
3128|2
3129|2
3130|3
3131|3
3132|5
3133|2
3134|5
3135|3
3136|2
3137|4
3138|4
3139|2
3140|2
3141|3
3142|1
3143|2
3144|2
3145|5
3146|3
3147|5
3148|2
3149|5
3150|2
3151|1
3152|1
3153|5
3154|3
3155|4
3156|1
3157|2
3158|3
3159|2
3160|1
3161|4
3162|3
3163|5
3164|3
3165|4
3166|2
3167|1
3168|5
3169|5
3170|4
3171|1
3172|3
3173|4
3174|4
3175|5
3176|2
3177|4
3178|1
3179|1
3180|2
3181|1
3182|2
3183|3
3184|1
3185|4
3186|3
3187|3
3188|3
3189|3
3190|5
3191|1
3192|2
3193|5
3194|3
3195|3
3196|2
3197|3
3198|4
3199|4
3200|5
3201|4
3202|2
3203|3
3204|5
3205|3
3206|5
3207|1
3208|5
3209|2
3210|3
3211|4
3212|3
3213|4
3214|4
3215|4
3216|4
3217|3
3218|1
3219|2
3220|2
3221|1
3222|4
3223|5
3224|3
3225|1
3226|3
3227|4
3228|5
3229|3
3230|3
3231|4
3232|4
3233|5
3234|1
3235|1
3236|5
3237|3
3238|1
3239|5
3240|2
3241|1
3242|3
3243|1
3244|1
3245|1
3246|4
3247|5
3248|1
3249|1
3250|5
3251|4
3252|4
3253|2
3254|1
3255|2
3256|2
3257|5
3258|2
3259|1
3260|3
3261|3
3262|2
3263|2
3264|5
3265|2
3266|3
3267|3
3268|1
3269|3
3270|2
3271|4
3272|5
3273|1
3274|4
3275|1
3276|5
3277|2
3278|1
3279|3
3280|1
3281|4
3282|3
3283|4
3284|1
3285|4
3286|1
3287|4
3288|2
3289|1
3290|2
3291|4
3292|5
3293|2
3294|4
3295|4
3296|4
3297|1
3298|3
3299|5
3300|3
3301|1
3302|2
3303|5
3304|4
3305|3
3306|4
3307|4
3308|1
3309|1
3310|3
3311|1
3312|2
3313|2
3314|4
3315|4
3316|1
3317|3
3318|5
3319|1
3320|5
3321|3
3322|5
3323|2
3324|3
3325|2
3326|5
3327|5
3328|3
3329|3
3330|3
3331|2
3332|1
3333|3
3334|3
3335|2
3336|4
3337|2
3338|5
3339|3
3340|5
3341|1
3342|1
3343|2
3344|4
3345|2
3346|2
3347|3
3348|3
3349|4
3350|1
3351|3
3352|4
3353|2
3354|4
3355|3
3356|3
3357|2
3358|3
3359|4
3360|4
3361|1
3362|3
3363|1
3364|5
3365|2
3366|4
3367|3
3368|5
3369|1
3370|2
3371|3
3372|3
3373|2
3374|2
3375|4
3376|4
3377|2
3378|5
3379|5
3380|2
3381|1
3382|3
3383|2
3384|1
3385|2
3386|3
3387|4
3388|4
3389|3
3390|2
3391|1
3392|2
3393|3
3394|5
3395|5
3396|2
3397|2
3398|5
3399|1
3400|2
3401|4
3402|1
3403|1
3404|3
3405|2
3406|2
3407|3
3408|2
3409|3
3410|5
3411|1
3412|2
3413|4
3414|2
3415|3
3416|5
3417|5
3418|5
3419|3
3420|1
3421|3
3422|1
3423|1
3424|1
3425|3
3426|3
3427|3
3428|1
3429|4
3430|5
3431|1
3432|1
3433|3
3434|4
3435|4
3436|2
3437|4
3438|3
3439|1
3440|2
3441|2
3442|1
3443|3
3444|1
3445|1
3446|1
3447|2
3448|2
3449|4
3450|3
3451|4
3452|5
3453|4
3454|2
3455|3
3456|2
3457|2
3458|5
3459|4
3460|3
3461|4
3462|1
3463|1
3464|2
3465|2
3466|4
3467|3
3468|4
3469|1
3470|1
3471|1
3472|5
3473|2
3474|1
3475|5
3476|3
3477|4
3478|5
3479|2
3480|2
3481|1
3482|5
3483|1
3484|4
3485|1
3486|4
3487|3
3488|5
3489|1
3490|2
3491|4
3492|4
3493|3
3494|2
3495|2
3496|5
3497|4
3498|1
3499|5
3500|3
3501|4
3502|5
3503|5
3504|1
3505|4
3506|4
3507|2
3508|3
3509|4
3510|2
3511|5
3512|3
3513|2
3514|5
3515|5
3516|1
3517|4
3518|1
3519|2
3520|5
3521|1
3522|5
3523|1
3524|4
3525|2
3526|1
3527|1
3528|2
3529|4
3530|1
3531|5
3532|5
3533|2
3534|3
3535|2
3536|2
3537|1
3538|2
3539|2
3540|2
3541|1
3542|5
3543|3
3544|5
3545|3
3546|5
3547|1
3548|5
3549|5
3550|3
3551|1
3552|3
3553|3
3554|2
3555|3
3556|2
3557|5
3558|3
3559|3
3560|1
3561|3
3562|1
3563|3
3564|1
3565|1
3566|2
3567|2
3568|1
3569|5
3570|4
3571|4
3572|5
3573|4
3574|3
3575|2
3576|4
3577|4
3578|5
3579|2
3580|4
3581|5
3582|1
3583|3
3584|1
3585|1
3586|1
3587|1
3588|3
3589|2
3590|2
3591|4
3592|5
3593|1
3594|2
3595|2
3596|2
3597|4
3598|5
3599|4
3600|5
3601|3
3602|3
3603|3
3604|4
3605|3
3606|1
3607|4
3608|3
3609|4
3610|2
3611|4
3612|3
3613|5
3614|5
3615|4
3616|3
3617|1
3618|5
3619|5
3620|5
3621|2
3622|5
3623|4
3624|1
3625|3
3626|5
3627|3
3628|2
3629|4
3630|3
3631|5
3632|5
3633|1
3634|2
3635|1
3636|3
3637|1
3638|1
3639|1
3640|2
3641|1
3642|1
3643|1
3644|2
3645|3
3646|3
3647|4
3648|2
3649|5
3650|3
3651|1
3652|5
3653|3
3654|2
3655|1
3656|1
3657|2
3658|3
3659|1
3660|4
3661|5
3662|2
3663|3
3664|4
3665|1
3666|1
3667|1
3668|3
3669|4
3670|3
3671|3
3672|1
3673|2
3674|5
3675|5
3676|1
3677|1
3678|4
3679|4
3680|1
3681|4
3682|1
3683|4
3684|5
3685|5
3686|4
3687|5
3688|2
3689|3
3690|1
3691|1
3692|5
3693|3
3694|2
3695|4
3696|5
3697|1
3698|4
3699|1
3700|4
3701|2
3702|1
3703|5
3704|5
3705|5
3706|4
3707|5
3708|2
3709|4
3710|4
3711|5
3712|3
3713|3
3714|2
3715|5
3716|5
3717|2
3718|5
3719|5
3720|1
3721|1
3722|5
3723|3
3724|2
3725|5
3726|3
3727|2
3728|3
3729|4
3730|1
3731|4
3732|1
3733|1
3734|2
3735|1
3736|2
3737|5
3738|4
3739|3
3740|5
3741|3
3742|3
3743|5
3744|2
3745|1
3746|5
3747|4
3748|2
3749|4
3750|3
3751|5
3752|3
3753|1
3754|2
3755|4
3756|1
3757|1
3758|5
3759|4
3760|5
3761|1
3762|3
3763|1
3764|4
3765|1
3766|4
3767|1
3768|3
3769|2
3770|4
3771|3
3772|3
3773|1
3774|2
3775|5
3776|1
3777|4
3778|5
3779|2
3780|4
3781|3
3782|1
3783|4
3784|2
3785|4
3786|1
3787|4
3788|2
3789|3
3790|3
3791|4
3792|2
3793|2
3794|2
3795|4
3796|4
3797|2
3798|1
3799|1
3800|4
3801|4
3802|4
3803|4
3804|5
3805|3
3806|3
3807|1
3808|2
3809|2
3810|2
3811|3
3812|3
3813|4
3814|3
3815|3
3816|1
3817|4
3818|5
3819|4
3820|3
3821|2
3822|2
3823|3
3824|1
3825|2
3826|2
3827|2
3828|1
3829|4
3830|3
3831|2
3832|3
3833|5
3834|4
3835|2
3836|2
3837|1
3838|5
3839|3
3840|4
3841|3
3842|4
3843|2
3844|2
3845|4
3846|1
3847|3
3848|1
3849|3
3850|4
3851|5
3852|4
3853|1
3854|4
3855|3
3856|4
3857|3
3858|2
3859|1
3860|4
3861|3
3862|5
3863|1
3864|3
3865|2
3866|3
3867|5
3868|5
3869|4
3870|3
3871|3
3872|5
3873|1
3874|4
3875|1
3876|5
3877|4
3878|4
3879|5
3880|1
3881|5
3882|3
3883|2
3884|1
3885|4
3886|2
3887|5
3888|2
3889|2
3890|5
3891|1
3892|4
3893|3
3894|3
3895|1
3896|2
3897|5
3898|4
3899|1
3900|1
3901|5
3902|3
3903|4
3904|4
3905|5
3906|2
3907|3
3908|1
3909|1
3910|2
3911|1
3912|3
3913|2
3914|1
3915|2
3916|2
3917|5
3918|3
3919|4
3920|3
3921|3
3922|4
3923|5
3924|4
3925|4
3926|1
3927|2
3928|3
3929|5
3930|3
3931|2
3932|3
3933|5
3934|4
3935|2
3936|4
3937|2
3938|5
3939|1
3940|3
3941|1
3942|5
3943|2
3944|2
3945|5
3946|4
3947|4
3948|3
3949|4
3950|5
3951|2
3952|4
3953|5
3954|2
3955|1
3956|1
3957|1
3958|4
3959|5
3960|2
3961|5
3962|3
3963|2
3964|5
3965|2
3966|5
3967|3
3968|1
3969|1
3970|5
3971|3
3972|1
3973|2
3974|1
3975|1
3976|1
3977|5
3978|5
3979|3
3980|5
3981|4
3982|5
3983|3
3984|2
3985|4
3986|1
3987|4
3988|5
3989|3
3990|2
3991|2
3992|2
3993|1
3994|2
3995|1
3996|3
3997|5
3998|4
3999|1
4000|3
4001|3
4002|5
4003|4
4004|2
4005|3
4006|4
4007|4
4008|2
4009|1
4010|1
4011|2
4012|3
4013|5
4014|3
4015|5
4016|3
4017|2
4018|2
4019|2
4020|1
4021|5
4022|3
4023|4
4024|2
4025|5
4026|5
4027|2
4028|3
4029|1
4030|1
4031|3
4032|3
4033|5
4034|1
4035|1
4036|1
4037|5
4038|4
4039|3
4040|2
4041|3
4042|3
4043|5
4044|2
4045|4
4046|3
4047|4
4048|5
4049|5
4050|5
4051|4
4052|1
4053|5
4054|5
4055|1
4056|1
4057|1
4058|4
4059|2
4060|4
4061|3
4062|5
4063|3
4064|4
4065|2
4066|1
4067|4
4068|4
4069|5
4070|5
4071|1
4072|5
4073|4
4074|1
4075|3
4076|1
4077|3
4078|4
4079|4
4080|1
4081|1
4082|1
4083|2
4084|3
4085|4
4086|2
4087|1
4088|5
4089|1
4090|4
4091|4
4092|2
4093|5
4094|3
4095|3
4096|5
4097|3
4098|5
4099|3
4100|1
4101|1
4102|5
4103|3
4104|5
4105|4
4106|5
4107|5
4108|1
4109|3
4110|3
4111|4
4112|3
4113|2
4114|4
4115|3
4116|5
4117|3
4118|1
4119|2
4120|2
4121|1
4122|1
4123|1
4124|5
4125|3
4126|3
4127|4
4128|1
4129|3
4130|2
4131|3
4132|5
4133|5
4134|2
4135|2
4136|2
4137|3
4138|5
4139|5
4140|2
4141|4
4142|1
4143|3
4144|5
4145|4
4146|4
4147|3
4148|1
4149|1
4150|4
4151|1
4152|5
4153|3
4154|3
4155|3
4156|2
4157|3
4158|2
4159|5
4160|3
4161|3
4162|5
4163|1
4164|3
4165|4
4166|1
4167|5
4168|5
4169|1
4170|3
4171|2
4172|3
4173|1
4174|2
4175|1
4176|3
4177|4
4178|2
4179|4
4180|5
4181|2
4182|2
4183|4
4184|5
4185|2
4186|4
4187|3
4188|5
4189|4
4190|5
4191|1
4192|2
4193|3
4194|4
4195|4
4196|1
4197|4
4198|3
4199|4
4200|3
4201|3
4202|1
4203|1
4204|4
4205|5
4206|5
4207|1
4208|1
4209|1
4210|5
4211|5
4212|3
4213|4
4214|4
4215|4
4216|5
4217|2
4218|3
4219|1
4220|2
4221|1
4222|3
4223|3
4224|2
4225|2
4226|2
4227|2
4228|3
4229|3
4230|5
4231|2
4232|1
4233|5
4234|3
4235|5
4236|2
4237|4
4238|3
4239|1
4240|3
4241|3
4242|5
4243|4
4244|2
4245|1
4246|1
4247|4
4248|5
4249|4
4250|3
4251|2
4252|4
4253|2
4254|2
4255|4
4256|1
4257|1
4258|5
4259|5
4260|4
4261|2
4262|4
4263|4
4264|4
4265|2
4266|1
4267|1
4268|4
4269|4
4270|1
4271|5
4272|1
4273|1
4274|3
4275|2
4276|1
4277|1
4278|3
4279|3
4280|4
4281|5
4282|1
4283|1
4284|2
4285|5
4286|4
4287|5
4288|1
4289|5
4290|3
4291|4
4292|2
4293|2
4294|2
4295|3
4296|3
4297|4
4298|3
4299|5
4300|2
4301|5
4302|2
4303|2
4304|5
4305|3
4306|4
4307|5
4308|1
4309|4
4310|4
4311|4
4312|5
4313|1
4314|5
4315|2
4316|5
4317|5
4318|3
4319|1
4320|3
4321|2
4322|3
4323|2
4324|1
4325|4
4326|3
4327|2
4328|4
4329|1
4330|5
4331|1
4332|2
4333|3
4334|1
4335|1
4336|3
4337|1
4338|2
4339|5
4340|1
4341|1
4342|4
4343|5
4344|4
4345|4
4346|2
4347|2
4348|1
4349|1
4350|1
4351|1
4352|1
4353|5
4354|4
4355|1
4356|2
4357|3
4358|3
4359|5
4360|2
4361|4
4362|4
4363|1
4364|5
4365|2
4366|5
4367|3
4368|3
4369|3
4370|4
4371|4
4372|5
4373|4
4374|4
4375|3
4376|1
4377|3
4378|4
4379|2
4380|3
4381|3
4382|3
4383|1
4384|3
4385|4
4386|4
4387|5
4388|1
4389|5
4390|3
4391|1
4392|2
4393|3
4394|2
4395|2
4396|1
4397|5
4398|4
4399|4
4400|1
4401|4
4402|2
4403|3
4404|1
4405|4
4406|4
4407|3
4408|4
4409|1
4410|4
4411|3
4412|3
4413|5
4414|4
4415|3
4416|5
4417|3
4418|4
4419|3
4420|2
4421|3
4422|4
4423|4
4424|2
4425|4
4426|4
4427|3
4428|2
4429|4
4430|1
4431|3
4432|5
4433|2
4434|5
4435|5
4436|2
4437|2
4438|3
4439|2
4440|3
4441|5
4442|2
4443|3
4444|5
4445|5
4446|5
4447|5
4448|4
4449|3
4450|2
4451|4
4452|5
4453|1
4454|4
4455|2
4456|2
4457|3
4458|1
4459|1
4460|1
4461|4
4462|1
4463|5
4464|3
4465|5
4466|2
4467|5
4468|3
4469|1
4470|5
4471|3
4472|3
4473|1
4474|3
4475|1
4476|3
4477|4
4478|5
4479|4
4480|4
4481|4
4482|4
4483|5
4484|1
4485|5
4486|2
4487|4
4488|4
4489|3
4490|3
4491|2
4492|1
4493|1
4494|3
4495|5
4496|3
4497|1
4498|5
4499|2
4500|4
4501|2
4502|3
4503|2
4504|1
4505|5
4506|3
4507|4
4508|4
4509|1
4510|1
4511|2
4512|1
4513|3
4514|4
4515|2
4516|3
4517|4
4518|1
4519|4
4520|1
4521|2
4522|5
4523|3
4524|1
4525|4
4526|2
4527|4
4528|1
4529|3
4530|4
4531|2
4532|4
4533|4
4534|1
4535|4
4536|3
4537|3
4538|4
4539|5
4540|2
4541|3
4542|4
4543|2
4544|1
4545|1
4546|3
4547|1
4548|5
4549|2
4550|2
4551|2
4552|3
4553|5
4554|4
4555|5
4556|3
4557|3
4558|5
4559|2
4560|4
4561|2
4562|1
4563|4
4564|2
4565|2
4566|4
4567|2
4568|1
4569|5
4570|3
4571|2
4572|3
4573|1
4574|2
4575|4
4576|1
4577|2
4578|1
4579|2
4580|1
4581|5
4582|4
4583|3
4584|1
4585|3
4586|1
4587|3
4588|4
4589|3
4590|3
4591|1
4592|5
4593|4
4594|1
4595|1
4596|5
4597|1
4598|4
4599|4
4600|1
4601|4
4602|1
4603|4
4604|5
4605|4
4606|5
4607|2
4608|4
4609|1
4610|2
4611|4
4612|3
4613|2
4614|2
4615|3
4616|2
4617|2
4618|5
4619|1
4620|5
4621|5
4622|2
4623|5
4624|3
4625|5
4626|5
4627|4
4628|2
4629|3
4630|4
4631|2
4632|5
4633|1
4634|1
4635|3
4636|4
4637|5
4638|4
4639|1
4640|2
4641|5
4642|2
4643|3
4644|1
4645|2
4646|3
4647|3
4648|1
4649|4
4650|2
4651|4
4652|4
4653|4
4654|3
4655|1
4656|4
4657|2
4658|3
4659|3
4660|5
4661|5
4662|3
4663|5
4664|1
4665|2
4666|2
4667|2
4668|4
4669|4
4670|1
4671|5
4672|4
4673|2
4674|4
4675|2
4676|5
4677|1
4678|2
4679|5
4680|4
4681|1
4682|5
4683|4
4684|4
4685|1
4686|1
4687|4
4688|2
4689|2
4690|5
4691|3
4692|4
4693|4
4694|1
4695|1
4696|1
4697|3
4698|1
4699|2
4700|4
4701|1
4702|1
4703|3
4704|4
4705|2
4706|5
4707|2
4708|2
4709|3
4710|1
4711|4
4712|5
4713|5
4714|3
4715|2
4716|5
4717|2
4718|1
4719|3
4720|4
4721|4
4722|4
4723|3
4724|3
4725|1
4726|2
4727|2
4728|4
4729|4
4730|3
4731|2
4732|1
4733|4
4734|3
4735|2
4736|5
4737|3
4738|5
4739|2
4740|2
4741|2
4742|1
4743|1
4744|1
4745|2
4746|5
4747|4
4748|5
4749|4
4750|4
4751|3
4752|1
4753|5
4754|2
4755|4
4756|2
4757|5
4758|5
4759|4
4760|2
4761|4
4762|5
4763|4
4764|2
4765|1
4766|3
4767|1
4768|5
4769|2
4770|5
4771|3
4772|2
4773|2
4774|5
4775|1
4776|3
4777|4
4778|3
4779|5
4780|3
4781|4
4782|5
4783|3
4784|3
4785|4
4786|2
4787|5
4788|3
4789|1
4790|3
4791|4
4792|2
4793|5
4794|3
4795|3
4796|5
4797|2
4798|3
4799|1
4800|4
4801|5
4802|1
4803|5
4804|4
4805|5
4806|2
4807|1
4808|1
4809|4
4810|5
4811|4
4812|2
4813|1
4814|3
4815|1
4816|1
4817|5
4818|3
4819|3
4820|1
4821|1
4822|5
4823|1
4824|2
4825|3
4826|1
4827|2
4828|4
4829|3
4830|4
4831|5
4832|1
4833|1
4834|3
4835|2
4836|5
4837|1
4838|1
4839|2
4840|1
4841|4
4842|2
4843|2
4844|1
4845|5
4846|1
4847|1
4848|5
4849|1
4850|1
4851|5
4852|2
4853|3
4854|2
4855|2
4856|3
4857|5
4858|2
4859|2
4860|5
4861|4
4862|1
4863|1
4864|5
4865|2
4866|2
4867|4
4868|3
4869|4
4870|1
4871|4
4872|3
4873|5
4874|4
4875|3
4876|2
4877|4
4878|2
4879|4
4880|5
4881|5
4882|2
4883|4
4884|2
4885|2
4886|3
4887|4
4888|5
4889|5
4890|1
4891|5
4892|4
4893|5
4894|2
4895|3
4896|2
4897|4
4898|2
4899|2
4900|3
4901|1
4902|1
4903|3
4904|5
4905|5
4906|2
4907|3
4908|2
4909|5
4910|1
4911|2
4912|5
4913|3
4914|5
4915|1
4916|5
4917|1
4918|1
4919|5
4920|2
4921|2
4922|2
4923|2
4924|1
4925|1
4926|1
4927|3
4928|4
4929|2
4930|1
4931|5
4932|3
4933|2
4934|4
4935|1
4936|2
4937|3
4938|5
4939|2
4940|2
4941|1
4942|3
4943|3
4944|3
4945|4
4946|5
4947|1
4948|5
4949|3
4950|5
4951|3
4952|1
4953|1
4954|5
4955|4
4956|4
4957|5
4958|4
4959|3
4960|3
4961|4
4962|4
4963|5
4964|5
4965|1
4966|4
4967|2
4968|2
4969|1
4970|3
4971|2
4972|5
4973|3
4974|4
4975|4
4976|1
4977|4
4978|1
4979|2
4980|4
4981|1
4982|1
4983|5
4984|4
4985|5
4986|1
4987|1
4988|5
4989|1
4990|5
4991|2
4992|3
4993|2
4994|2
4995|5
4996|1
4997|2
4998|1
4999|3
5000|4
5001|2
5002|5
5003|3
5004|5
5005|2
5006|1
5007|1
5008|4
5009|1
5010|4
