id_article,date_chgt_prix,ancien_prix
4143,9-22-1999,28.87
3127,6-18-1994,6.767
6568,5-6-2015,29.84
6028,6-10-1996,9.144
702,2-4-1999,27.09
3964,12-11-1990,24.48
2512,10-12-2011,12.39
3017,11-19-2000,12.22
2303,11-9-2012,28.42
6188,7-20-1991,12.25
6215,7-15-2008,10.44
6656,2-28-2016,29.22
3282,4-11-1995,6.005
2371,5-19-1992,20.49
6090,12-18-1994,7.948
5208,10-10-2011,29.40
1823,8-9-2017,10.79
5774,3-3-1990,15.27
73,11-17-2018,26.69
2592,3-8-1995,24.58
4126,10-4-2005,14.10
1428,8-13-2003,6.699
6387,12-10-2017,28.91
5576,5-3-2006,24.99
3082,9-20-2001,11.00
5259,10-16-1996,27.72
108,8-25-1991,27.44
1838,1-20-1994,12.70
6001,7-8-2013,30.30
3527,8-6-1997,28.53
910,11-29-2010,28.25
3974,12-23-2010,23.36
5848,4-21-2017,17.72
144,7-10-2016,9.203
6248,5-17-1998,8.196
397,3-13-2014,25.78
297,12-5-2012,15.08
4458,11-7-2016,9.956
3393,5-29-1999,16.73
1165,1-29-2000,22.83
2610,11-13-2015,21.27
677,3-26-1993,28.94
1316,1-25-2017,27.49
2141,4-28-2006,13.93
5438,9-14-1992,23.49
1787,1-6-1998,6.601
1712,1-23-2019,26.82
3458,12-14-1998,20.89
761,8-18-1999,5.887
2068,2-16-1995,19.14
6669,4-13-1998,24.16
6960,3-10-1999,18.86
3891,9-30-1991,16.52
2312,11-17-2010,24.74
3425,3-22-2007,13.32
5791,10-11-1989,29.64
3339,5-10-1995,16.90
3738,11-26-1991,12.07
5672,6-17-2010,8.103
96,9-5-2013,27.97
1775,3-8-2001,19.20
6352,6-16-2018,8.653
6675,7-18-2021,17.97
3043,3-6-2008,29.69
1435,11-17-2009,6.685
4647,12-18-1992,19.62
4391,8-29-2017,25.31
168,11-4-2021,20.50
843,7-30-2003,18.98
2165,4-6-1995,15.86
6917,6-7-2019,10.46
6333,5-21-2018,13.73
4704,4-8-2008,11.20
2874,6-20-2009,19.35
4491,9-7-2006,7.754
4907,9-24-2016,6.260
7465,9-25-1993,22.24
7042,6-11-2007,17.45
4000,4-22-1991,21.16
2534,8-25-2014,26.74
4400,4-13-1997,21.32
6707,4-1-2015,29.12
4255,4-2-2021,8.349
3383,11-28-2017,21.50
6913,4-30-1993,22.54
6191,11-30-1998,6.477
4629,7-24-2005,12.32
28,7-31-1995,15.22
5978,2-19-2007,8.050
6775,2-24-1994,6.790
6854,6-9-1997,17.20
5177,9-18-1994,19.43
2620,3-17-1999,27.51
3384,3-27-2019,29.78
2931,10-20-1993,29.43
6899,9-26-2012,16.76
4908,1-7-2008,15.22
3581,11-4-2001,29.68
902,10-26-2017,11.27
7458,9-2-1997,9.462
5939,9-15-2002,13.95
2499,9-4-2014,8.175
1776,4-26-1998,27.22
1840,4-13-2004,20.58
343,6-24-1998,14.55
1429,8-2-2017,20.74
4534,11-10-2011,21.42
1717,6-17-1996,27.00
4745,12-2-2002,18.50
4081,8-27-2012,9.720
1558,11-18-2010,11.13
7374,6-23-2004,30.21
4461,11-6-1991,16.99
1218,6-3-2015,8.303
4187,2-14-1994,12.79
6671,3-4-2013,24.66
709,5-1-1990,26.56
4239,10-25-2003,17.72
3433,2-28-2018,12.65
4314,3-27-2019,8.591
5616,3-13-2018,28.73
4529,7-20-2001,19.84
5926,1-31-2009,26.73
3262,5-1-1998,17.61
6743,1-8-2019,28.07
5543,4-7-1992,26.57
1193,5-19-2009,13.27
1555,10-2-2017,29.67
568,10-9-1995,10.41
4220,8-5-2005,18.93
2328,8-26-1999,29.56
3000,2-12-1993,8.210
5432,2-19-1994,16.05
4372,4-4-2017,15.60
1205,10-1-2002,8.114
4953,3-22-1998,8.270
80,10-10-2020,20.06
883,2-3-2010,28.30
2174,12-25-1991,10.53
2321,7-25-2009,14.48
7282,2-23-2002,21.01
7471,4-6-2000,11.90
5710,10-4-1993,11.02
6667,6-17-2006,26.81
3124,11-18-1994,24.83
2631,5-21-2011,30.26
4083,2-26-2000,11.41
5952,5-28-1989,16.81
1180,4-26-2014,25.83
851,3-6-2008,15.41
6566,10-22-2006,6.802
7120,4-23-2001,29.77
7289,12-9-1991,8.897
2598,6-3-2004,22.98
7013,8-29-2015,22.89
4086,6-15-2004,17.91
1609,5-7-1991,5.594
5572,9-5-2018,6.384
4475,9-5-2007,15.04
4405,7-1-2006,20.32
2887,2-21-1998,25.66
7080,6-1-1994,13.62
4778,3-10-2004,10.65
5125,7-30-2020,6.655
6634,8-29-1995,14.46
6381,5-29-2017,27.68
3926,5-16-1999,16.67
5901,11-15-2011,9.555
1547,1-30-1990,18.60
2536,5-24-1997,8.027
6796,10-27-2003,21.61
3051,5-11-2003,28.77
404,9-1-1993,13.43
4323,6-18-2015,25.77
2256,10-8-2003,20.87
3578,10-19-1995,16.86
3232,9-21-2017,28.95
2304,9-21-2016,16.33
5661,5-29-2004,27.33
193,9-5-2008,21.25
6655,4-20-1992,10.35
5467,8-30-1998,9.769
5544,6-4-1995,10.65
3928,5-29-2001,28.21
5351,8-1-2005,13.50
1936,10-13-1989,9.565
1954,4-27-2002,19.87
914,10-21-2008,19.57
6979,6-13-2003,29.48
753,2-27-2019,13.49
83,2-7-1995,21.43
508,9-6-1995,27.22
5267,2-27-1994,19.22
5092,11-22-1993,12.46
1712,3-22-1992,20.82
5655,2-10-2008,10.76
43,3-30-1989,13.09
578,10-7-2014,15.94
4768,4-17-2006,27.04
6671,2-1-1995,23.33
7196,2-8-2014,19.20
2809,10-19-2010,6.952
2852,11-17-2009,22.37
7162,3-11-2003,6.963
1841,4-21-2006,18.23
360,4-4-1993,22.45
2728,8-9-2005,24.92
5263,10-14-2011,16.25
6802,2-6-2008,22.18
3333,6-22-1991,24.36
17,3-15-1989,25.59
7407,4-25-1991,23.91
4362,12-14-2020,5.667
6209,3-21-2008,26.29
5717,1-2-2002,15.27
3776,4-20-2021,24.88
1439,1-20-1992,7.112
5013,10-30-1995,9.217
2546,3-12-2012,27.63
2048,7-9-1991,19.24
294,1-15-1989,14.47
7303,9-10-2004,5.723
7304,4-2-1992,29.75
5674,5-26-1990,25.24
1648,10-27-2002,27.65
7365,2-16-2012,14.37
1977,10-21-2021,5.677
5190,3-26-2005,12.40
3496,7-15-2001,19.04
5656,2-10-2009,18.90
1257,6-15-1996,20.15
4456,1-6-1990,12.29
3252,4-15-1994,24.02
4564,9-18-1992,20.66
4760,10-3-2010,23.21
5646,2-20-2012,27.46
1842,9-2-2018,27.94
5364,7-13-2008,26.76
2578,11-19-2017,22.25
411,1-5-2013,8.049
732,5-4-1997,17.70
204,6-5-2000,7.002
6374,9-2-2017,10.09
5018,11-14-1991,18.89
7080,10-7-2009,26.76
7037,3-21-1996,23.96
3835,12-9-2000,19.53
991,11-30-2003,17.07
1357,11-5-2015,28.57
5610,6-30-1996,30.05
6518,1-25-2006,15.51
1504,3-31-1994,29.41
6888,12-25-2018,6.226
6493,7-24-2021,29.91
391,6-7-2006,24.46
5166,6-14-2014,25.65
3830,9-22-2015,14.31
589,4-13-2014,20.03
5149,10-8-2004,11.05
7001,2-14-2017,26.78
5313,9-11-2002,27.55
3769,12-20-2021,26.76
958,8-20-2015,22.06
1235,6-15-1999,18.34
4000,2-11-2011,13.25
5474,2-22-2016,5.743
5477,7-16-1991,26.65
348,1-6-2017,13.04
6520,5-7-2010,25.62
4594,5-16-2011,7.998
3622,8-8-2014,19.52
658,8-1-2006,26.38
323,11-5-2009,27.21
3672,10-17-2008,10.45
3027,11-23-2005,13.32
5104,4-26-2008,20.44
6501,12-21-2013,16.27
5413,8-6-1996,29.32
5873,5-23-2010,23.95
6942,11-18-2016,13.24
2752,8-14-1995,19.79
1291,4-6-2006,29.18
3637,9-2-2012,26.00
5029,3-27-1997,12.55
2147,10-9-1991,12.52
4722,9-9-2010,27.42
5355,5-14-2011,26.36
267,5-19-1992,6.768
5681,6-29-1998,17.90
3227,11-7-2012,13.99
223,8-14-2015,19.71
7469,5-22-1993,28.07
3775,1-8-2020,22.77
4767,10-11-2008,21.08
2875,2-2-2005,19.84
6051,10-4-2015,29.67
6034,2-14-1996,13.17
6443,7-22-2017,9.154
3306,6-4-1998,23.03
5698,1-7-1992,30.37
3994,4-18-2013,17.33
1602,3-9-2009,17.73
6988,9-27-2005,28.33
1526,12-10-2009,23.98
6962,11-29-2011,13.68
7237,1-9-2012,15.31
55,5-4-2013,21.66
4860,3-11-2021,17.75
4973,4-10-2019,9.786
5229,9-14-2006,17.79
5242,4-24-2016,23.70
2421,10-4-2016,6.516
4438,3-10-2007,7.627
4827,1-15-2004,13.76
3599,10-30-1991,17.74
555,8-19-2014,15.78
4331,10-30-2010,25.90
6146,12-14-1990,20.38
5560,9-5-2012,12.72
1538,12-25-1994,22.36
553,1-28-2004,11.93
1539,6-18-2014,8.203
3101,6-27-2006,26.14
4533,4-28-2017,30.32
6646,1-21-1995,25.37
1287,5-29-2016,7.303
1045,9-25-1998,7.426
1706,4-10-1996,18.29
916,1-16-2015,8.145
6814,9-21-2011,26.87
4745,3-31-2010,26.76
2116,8-6-2020,29.54
3973,3-18-2012,22.61
7230,10-21-1991,6.436
1771,1-18-2008,12.61
796,6-4-1992,20.74
4541,2-2-1997,29.43
5838,7-18-1993,6.008
1223,4-3-2010,24.12
4223,10-10-1994,26.20
1604,12-24-2000,26.15
7107,2-26-2003,7.530
6945,2-17-2000,21.03
4164,7-29-2014,24.49
6864,5-26-1990,14.27
2973,3-5-2021,22.24
1568,5-2-1994,27.83
7341,8-27-2013,25.15
891,5-23-2011,8.541
3736,6-15-2009,6.246
322,10-8-2018,25.41
6243,7-6-2021,25.42
4893,5-7-2002,5.823
3169,5-3-1990,11.95
3796,12-5-1996,10.15
7041,7-27-1989,6.183
6240,1-25-2014,11.45
2032,11-15-1991,30.02
383,3-27-2003,28.01
4923,12-9-2006,20.97
6466,2-21-2017,7.586
5944,3-2-2018,9.224
5568,1-20-2014,21.68
3388,11-29-2007,9.313
278,7-18-1990,18.36
8,2-12-2013,19.83
5347,5-31-2016,22.84
86,5-4-2010,28.75
3021,10-9-1991,25.29
3510,5-10-2009,26.83
1350,2-24-1990,29.76
990,3-15-2003,14.56
4711,4-3-2005,7.993
4994,4-13-1998,17.03
3344,8-3-1995,5.876
5106,9-4-2012,30.38
5842,12-3-2001,29.40
5284,1-14-2010,13.85
7240,3-2-1992,28.72
5511,8-15-1991,11.58
2899,2-28-1995,22.98
6402,12-17-2016,20.34
4285,10-24-2011,9.842
1875,2-3-2007,11.77
744,2-5-2008,5.835
1855,11-30-2008,29.80
4982,5-31-2000,15.51
326,8-13-1998,15.48
7363,4-13-1995,12.25
2318,4-25-1990,6.250
4130,9-18-2010,15.92
597,10-30-2005,10.31
503,6-18-2003,19.69
4,8-2-2019,24.60
5425,6-19-2009,13.49
1439,3-12-2000,24.81
302,2-28-2021,14.98
33,12-10-2005,19.12
3648,4-18-1997,15.08
2526,11-12-2012,9.176
7444,8-30-2001,11.92
4193,12-11-1994,7.817
5306,8-20-1997,19.16
1388,7-15-2002,27.24
6141,6-6-1991,19.87
3230,3-23-1991,25.21
5026,5-18-1990,17.09
11,3-9-2006,25.17
5705,7-13-2000,13.20
6532,9-14-1995,20.36
2175,3-27-1992,10.88
5382,9-24-2021,14.96
4711,4-2-2020,9.722
6727,3-8-2019,9.532
3483,11-1-1990,27.67
5654,6-22-2021,18.39
3844,10-5-2004,26.30
2120,5-17-2004,20.46
6980,3-26-2009,19.46
3198,1-9-1998,26.05
6913,2-15-1996,18.82
2092,3-13-2007,16.20
1960,1-6-2011,13.33
2142,3-6-2016,30.06
4081,6-11-2019,24.98
6731,1-20-2009,18.33
1782,12-16-2012,23.07
5527,10-13-2021,20.83
7434,5-31-2010,24.05
6800,8-8-1993,10.45
4398,12-25-2012,23.22
1565,4-28-1998,9.660
2790,9-4-1994,30.27
6818,2-25-2021,13.32
6748,1-7-1991,25.39
1289,7-14-1999,13.14
3391,10-19-2007,8.975
2275,5-23-1994,20.78
1771,10-10-1991,20.49
1300,3-1-2004,29.84
2353,2-19-2015,22.76
5278,1-31-2008,18.20
3561,10-21-2019,18.60
630,5-26-1999,15.87
537,6-29-2006,12.36
101,4-12-2018,18.04
5469,11-1-2000,8.131
3307,11-24-2015,20.11
2671,2-3-1998,30.41
1623,6-20-2011,26.02
4019,10-10-2003,10.91
2191,3-5-2001,20.87
1114,11-30-2017,28.06
2203,6-8-1998,10.15
1987,11-20-2019,30.40
4778,3-23-2016,15.94
530,3-30-2003,25.42
3070,7-30-2013,13.60
992,5-19-2014,30.19
2441,8-29-2003,16.83
1254,11-10-2014,29.57
286,9-30-2010,27.01
1988,3-8-2021,26.51
7045,9-28-2010,14.36
6967,1-17-1989,9.167
2158,5-4-2016,23.74
6244,4-8-2013,30.42
77,4-9-2015,17.99
2025,8-17-2016,6.122
2399,12-11-2011,27.72
3632,10-6-1990,13.70
1559,10-7-2008,15.09
6037,3-13-2009,13.15
6864,5-4-2009,26.99
3651,3-23-2013,19.41
5117,8-22-2002,29.82
7055,4-21-1993,6.998
1556,12-14-2001,9.226
1913,12-25-1999,30.19
7436,12-3-1997,14.20
6285,11-29-2012,8.780
814,12-5-2004,26.14
966,6-18-2006,22.01
3154,9-22-2018,28.24
1768,10-12-2020,19.23
5404,12-2-2012,16.26
3477,6-23-2016,17.80
202,7-5-2008,28.45
1407,1-17-1995,24.33
5349,3-29-2012,8.047
6983,2-26-1999,21.47
4466,6-25-2016,7.722
1983,8-28-2006,13.06
4922,11-8-2004,7.134
1077,4-29-1989,30.32
46,9-12-2007,14.63
4334,1-23-2010,9.511
5232,10-25-1996,7.110
4913,4-21-2017,20.40
1684,5-10-1997,13.25
6203,9-29-1992,13.29
655,3-11-2006,24.79
891,6-7-1995,12.32
3130,3-14-2018,16.10
209,11-16-2017,27.25
1457,3-22-1990,14.10
5775,5-11-2011,6.746
2526,6-15-2003,29.59
206,7-8-2011,18.05
1227,11-8-1996,12.68
1027,3-22-1998,28.20
1466,11-29-2018,27.07
1110,9-12-1995,6.317
4808,7-2-1996,13.88
3156,11-6-2002,20.78
2130,11-5-2005,28.42
2897,12-1-1992,15.03
4589,4-12-2006,15.28
2022,11-8-2010,23.71
5884,10-17-1995,29.66
7248,8-30-2012,16.54
3185,10-3-1991,24.42
908,3-1-1990,27.96
6165,2-4-1997,21.40
4777,8-12-2003,26.48
776,2-9-1995,15.66
4076,4-6-2010,25.26
7491,4-2-2010,18.55
3792,5-4-2001,8.673
3734,3-1-1993,17.12
5648,5-23-1990,13.45
3078,11-30-1999,7.297
4263,2-11-2002,9.728
2935,4-21-2009,26.48
2778,10-11-1996,7.984
3657,2-23-2001,13.46
613,9-12-2018,22.12
5288,10-2-2012,18.49
3078,3-30-1989,14.12
6034,10-21-2018,29.29
3202,6-29-2000,16.13
6289,9-24-1996,15.46
1008,11-11-1992,25.21
5894,11-8-1997,23.89
64,10-15-1995,29.40
7126,3-16-1996,10.12
1056,9-25-2000,27.05
1516,4-3-2003,15.88
1584,7-2-2018,23.25
1654,4-10-2000,7.074
3832,3-17-1993,23.86
974,5-11-2018,12.69
2747,12-3-1990,28.90
6213,3-22-2001,19.71
2584,1-2-2000,6.382
1563,10-21-2004,26.76
1195,8-10-2000,18.19
4779,1-2-1996,20.49
3442,5-3-1995,12.08
1975,12-20-2000,29.67
1408,4-28-2020,27.70
6418,3-13-2017,6.946
774,8-16-2016,19.55
2508,3-23-1995,13.14
7209,10-1-2013,28.66
7346,9-9-2012,16.93
1621,7-28-2011,25.34
2686,10-7-2008,14.96
3167,1-3-2000,18.95
5434,9-10-2019,18.52
7034,1-30-2016,14.19
541,12-6-2006,20.76
6736,11-27-1996,8.283
6798,11-13-2015,14.83
6019,9-3-1996,15.41
5681,12-21-2013,5.981
4930,8-5-2017,25.74
3990,9-17-1990,15.54
1059,1-19-1993,28.80
3716,4-26-2004,27.01
5895,9-4-2021,10.84
1305,4-4-2010,6.230
4101,6-3-2016,27.47
6866,3-23-2003,18.83
7212,2-17-2016,17.03
635,6-13-2010,17.50
2983,8-20-2015,25.30
6951,12-16-2000,7.878
3621,6-9-2014,28.82
7369,5-24-2019,22.40
6681,4-9-1996,7.289
6282,9-3-2019,7.485
6534,6-27-2018,16.66
216,3-8-1990,26.34
5924,7-25-2005,7.615
2397,11-12-2006,18.97
5556,7-30-2006,25.06
4638,11-30-1994,21.78
6899,6-29-1996,14.89
3020,3-17-2003,24.76
7011,3-2-2004,21.46
5882,1-22-2012,5.906
7059,3-11-1992,5.729
2955,9-12-2014,24.95
6513,1-28-1992,25.40
4514,8-15-2012,8.875
1703,5-25-2004,24.36
2521,4-19-2005,6.866
4546,12-28-1999,13.95
6791,10-23-2018,9.388
4451,3-5-2011,27.66
5979,9-19-2007,25.79
3491,12-29-1990,9.231
7097,6-30-2014,7.659
1995,1-14-1994,20.39
305,12-11-2000,22.04
2186,12-17-2003,19.85
6317,10-25-1999,19.34
5769,3-11-2008,28.24
2521,3-22-1989,21.40
2997,12-6-2003,26.32
4566,12-4-2006,25.71
3182,11-14-2015,25.45
2340,4-23-1991,27.29
6055,8-8-2018,18.11
5004,7-22-2010,21.41
6051,7-9-2001,12.16
2226,6-6-2015,17.44
4159,12-13-1992,13.28
1259,10-8-2020,27.67
2082,3-3-2015,19.81
937,4-19-1999,8.408
1402,2-28-2014,9.883
6365,11-23-2002,20.18
6336,8-24-2009,18.58
3855,11-30-1993,5.731
3642,4-24-2013,28.65
4854,11-19-2010,7.415
4948,6-14-2021,11.89
4782,2-9-2019,8.295
2481,12-14-2009,25.87
6659,10-3-1996,19.75
3771,10-27-2017,17.56
3703,5-29-1989,29.75
1809,9-2-2013,7.550
2822,9-19-1999,27.93
2679,11-8-2012,9.383
7361,3-18-1990,14.67
5160,4-23-2016,26.25
2897,7-24-2005,18.19
3813,10-17-2021,23.63
1166,5-24-1992,6.116
5146,5-9-2021,27.83
1574,12-19-1999,9.986
4817,9-23-1995,14.34
1989,12-14-2018,23.55
575,8-3-2005,26.75
1552,7-30-1996,16.18
5355,6-25-2005,19.91
1365,8-22-2003,9.303
623,8-19-2000,5.601
2859,10-21-1993,27.17
1491,2-11-1994,8.911
3228,8-24-2020,22.96
1892,5-31-2006,20.10
5743,11-13-2018,11.41
787,1-21-2016,9.515
5352,7-18-2010,19.36
1152,2-19-2001,21.02
6094,5-16-1995,23.93
6664,10-9-2020,27.25
5203,6-2-2005,6.074
470,1-23-1998,23.65
1850,9-22-2014,29.31
5637,9-6-2001,9.565
6708,1-14-1990,18.79
643,4-16-1999,19.99
6664,3-28-2001,18.04
1126,7-1-2004,18.04
7210,6-25-2010,26.85
3843,4-7-2011,24.61
2840,9-7-2014,21.00
927,9-28-2019,15.06
2018,5-3-1989,12.36
4624,11-18-2002,17.93
1853,7-3-1997,18.38
2982,8-22-2018,22.92
4880,11-25-2002,7.351
1375,11-29-2003,24.26
7206,11-29-2009,23.19
554,9-12-2003,6.256
3583,8-17-2011,27.37
183,6-8-2004,8.756
3399,12-8-1994,10.05
4603,7-21-1998,18.36
765,4-30-2015,19.85
369,6-14-1993,25.45
5746,2-9-2017,26.31
1962,4-7-2006,9.438
3461,2-1-2003,24.36
3980,12-1-2004,16.25
5590,7-10-1998,18.07
2601,11-2-2017,30.46
156,11-13-2018,8.633
102,2-8-2010,17.20
1415,2-11-2013,20.20
4228,7-12-2020,14.75
3053,4-30-2013,7.422
3270,12-4-2020,12.32
2860,6-25-2000,9.738
6749,12-8-2003,23.53
3323,2-14-2006,14.78
942,9-30-2004,8.990
3643,6-28-1998,18.46
7511,4-4-1993,29.84
3503,3-6-1990,21.24
6430,11-5-1989,20.03
4947,1-24-2003,24.75
5137,11-10-2003,25.50
6812,7-9-2005,25.30
3361,6-6-1990,16.07
325,10-5-2017,18.09
1175,11-20-2021,9.747
3540,7-3-2002,17.88
5127,8-4-2014,28.48
4978,3-24-2001,11.54
5642,2-23-1997,22.38
1991,5-8-2016,27.42
7206,4-9-2000,25.21
3352,1-20-1998,19.74
7072,5-18-1990,17.88
7346,7-12-2002,24.26
6288,8-27-2017,14.12
5281,2-15-2008,26.21
1916,10-16-2007,18.78
2813,8-19-2007,21.67
493,9-4-2015,18.25
6724,5-11-1993,6.593
794,1-25-1997,21.88
3737,8-3-2014,11.61
2567,1-27-2013,21.60
3731,6-19-2011,22.05
6528,3-29-2011,6.222
724,12-3-2006,26.82
2465,4-18-2001,26.89
929,7-26-1999,16.18
2762,11-7-2011,25.29
5047,7-12-2007,5.805
4979,8-9-2005,23.44
2113,9-6-2006,12.33
6393,4-20-2011,14.01
3421,7-11-1989,6.282
1285,4-4-2011,11.46
551,8-12-1997,9.057
6182,6-8-2011,10.68
3891,12-14-2012,21.69
1647,12-12-2016,6.823
6198,9-24-2006,18.02
4830,5-10-2012,8.429
4825,5-31-2012,12.84
1036,4-27-2013,10.03
3761,11-25-2015,24.77
4806,9-8-1996,30.39
6646,1-15-2006,23.61
5479,12-29-2007,9.097
4874,11-8-1996,24.04
6626,8-16-2005,18.50
4872,4-30-2016,24.06
4951,5-12-1990,10.88
634,6-28-2017,15.02
249,10-8-2017,23.48
3165,2-26-1995,18.75
3638,4-24-2009,10.95
5114,11-30-2004,9.954
5672,10-13-2013,16.59
6830,6-4-2009,21.02
5374,8-21-1998,10.01
806,8-9-2015,20.38
6838,11-2-2008,22.01
251,3-16-1999,26.97
3796,7-2-2010,24.11
5899,9-15-1991,10.43
4257,1-11-2018,13.35
1277,4-6-1995,25.41
2361,6-19-1993,29.50
355,12-24-1997,19.32
3168,11-5-2017,6.378
6051,12-1-1993,10.20
3458,5-21-1997,7.047
5044,1-5-2000,26.92
5019,12-19-1998,21.06
3376,8-24-1992,27.61
4919,7-8-2004,22.61
5177,12-18-2012,7.757
2458,11-7-2019,13.81
5157,7-8-2018,18.21
6838,2-21-2006,19.60
4207,5-14-2010,17.40
7339,1-31-1994,29.35
7468,3-7-2003,27.73
7236,1-15-2021,6.579
4114,12-23-2021,26.89
2263,2-3-2002,8.903
7388,3-27-2019,29.44
1012,10-26-2017,24.38
5133,7-22-2002,7.903
301,10-7-2019,20.10
520,2-4-2020,22.51
5350,4-3-1999,15.04
1543,5-23-2008,5.619
419,7-4-2003,30.12
1435,5-19-1989,17.92
3066,3-16-2014,28.66
5063,3-29-2009,13.17
4696,8-17-2021,18.96
5747,4-27-1993,23.82
1939,11-16-2007,25.04
4666,7-3-2011,8.090
1148,6-25-1992,12.56
6280,12-25-2014,20.67
5513,8-19-1991,5.859
5183,1-24-1998,20.07
4855,1-14-2021,22.90
1082,11-18-1998,7.824
4963,10-10-2004,29.86
1682,9-6-2008,22.73
7478,1-11-2013,19.17
4750,10-20-2003,24.99
1742,6-10-2017,14.55
5697,11-12-1990,11.04
398,1-15-2014,8.340
191,6-5-1990,8.981
7152,9-11-1991,15.48
6249,10-20-1997,27.35
2288,6-28-1993,17.71
4043,8-4-1996,20.76
6943,4-20-2008,15.44
7281,9-1-2011,26.42
2180,2-17-2002,8.688
5794,4-4-2004,7.015
6418,10-1-2002,16.05
742,6-29-2017,11.46
5986,2-21-1995,22.48
5601,9-9-2000,16.87
5133,1-27-2017,18.06
1007,4-26-1996,18.21
6502,6-28-1995,26.46
865,10-18-2006,27.20
6452,2-11-2002,27.24
5318,12-5-1997,6.523
1015,6-4-1998,8.135
3435,1-23-2018,10.46
5067,6-28-1996,25.80
557,6-8-1996,7.280
5858,10-15-2016,9.719
92,7-15-2014,10.53
957,12-30-2005,9.697
3137,12-9-2002,8.218
7391,8-1-2015,10.57
1094,8-30-1995,25.89
1800,8-29-1995,6.519
1274,8-21-2019,29.59
1708,10-28-2014,10.28
5119,11-10-1989,23.85
219,4-17-1989,24.03
6397,11-10-2007,20.70
5682,1-25-1989,18.56
2355,8-8-2013,12.63
5378,11-28-1991,13.18
6123,4-9-1993,9.442
2685,8-23-2016,17.29
6523,8-5-1992,15.47
6749,1-7-2001,15.46
22,1-6-2006,24.78
5660,4-17-2016,15.14
5251,5-5-1990,18.38
5630,12-22-2003,20.32
1814,1-9-2018,21.95
4262,8-28-1997,30.20
2907,6-30-2005,28.98
5466,6-2-2008,8.267
2347,1-14-1991,24.25
3196,9-22-2016,27.35
6064,2-11-2000,8.749
931,1-8-1993,12.20
5373,1-7-2001,27.01
305,9-10-1994,6.797
4868,11-7-2019,13.36
6642,7-21-2008,20.28
6917,7-18-2011,16.43
1113,8-8-2017,28.76
6653,4-15-2010,13.23
924,7-20-2014,23.82
6793,10-8-1996,25.14
3224,6-22-2012,8.128
2945,11-7-2001,25.29
7484,9-13-2007,7.543
481,8-2-2010,11.62
2231,9-6-1999,5.578
1454,11-6-2005,11.38
2185,8-19-1996,10.77
7003,4-27-2006,20.20
6260,12-4-1999,21.20
1946,12-12-1996,23.48
467,9-25-2006,17.25
6790,5-25-2010,9.297
4427,2-5-2020,13.91
5811,3-31-2019,14.29
3082,2-27-2001,26.35
397,6-27-1994,30.48
5380,6-19-1992,24.83
3222,7-28-2012,12.04
2894,7-26-2018,6.733
4186,10-30-2013,23.36
723,8-8-2010,10.84
6031,7-30-2018,13.79
6526,12-20-2008,27.85
6158,6-27-1991,8.684
4614,5-4-2014,10.83
929,1-15-2000,16.66
4070,7-13-2017,24.27
1831,6-26-2004,19.09
1529,12-13-1989,29.97
1719,1-21-1994,10.16
6594,6-19-2013,22.43
7122,8-16-1989,6.194
4794,8-20-1989,7.570
6730,3-5-2012,12.13
5142,5-28-2005,26.03
1556,5-1-1993,15.16
7430,7-23-2014,23.12
6064,10-23-2010,19.64
7002,5-22-1992,8.841
91,12-30-2021,18.73
1331,12-6-2013,10.29
6562,5-17-2006,23.49
6206,9-3-1999,10.24
2882,7-18-2008,5.752
1932,2-18-2004,11.70
658,5-25-2015,9.935
7130,11-23-2018,8.450
635,8-3-1989,25.51
2591,7-16-2003,17.35
4298,8-20-2014,26.38
218,11-23-2007,7.330
1221,2-7-1998,20.98
1230,3-7-2002,17.96
41,9-12-2015,13.10
7315,6-17-1995,7.563
1994,7-11-2006,13.11
2413,8-16-2021,18.31
2214,4-14-2002,20.32
2196,9-14-2003,21.13
2211,2-19-1992,21.70
646,4-7-2003,27.56
7483,5-4-2019,19.53
400,6-10-2013,6.759
7285,10-10-1995,19.28
7065,7-7-2012,8.308
1983,4-3-2013,13.13
4726,1-19-1995,7.037
418,6-2-2007,15.48
5870,10-14-2006,27.75
266,2-18-2013,25.22
6246,9-30-2014,14.44
479,4-1-2020,23.60
1479,10-7-1992,24.05
7314,11-18-1992,15.55
6776,8-19-2019,21.93
5979,3-29-2016,15.97
1803,12-18-2008,13.90
5951,11-24-2020,11.81
4541,9-1-2010,14.21
21,8-13-2007,17.74
6936,3-26-2017,22.56
5737,8-29-1995,29.95
2615,10-26-2017,14.69
6398,10-4-2004,24.32
2254,1-8-2013,13.68
2319,12-9-2012,14.53
3072,3-3-2010,12.70
7483,8-23-1998,6.045
1333,1-17-2014,21.63
3304,4-30-2012,9.968
5936,7-1-2002,17.70
1238,5-22-2003,25.45
3354,11-10-2010,14.82
4968,3-7-2006,15.40
6879,9-15-2003,5.997
2329,11-24-1998,29.77
3084,2-10-2006,30.04
7092,10-30-1999,28.60
5477,10-14-1989,18.84
655,12-23-2013,7.994
156,6-8-2004,25.33
506,2-22-2020,21.91
2249,7-22-2001,8.093
7355,9-1-2020,10.07
742,8-2-2005,15.50
6705,11-27-2000,10.93
2322,11-13-2021,21.67
5019,12-14-2009,22.78
1049,9-16-1992,23.25
5283,12-3-1991,27.10
7340,8-24-2012,6.627
3734,4-18-2016,29.25
2902,7-6-1997,7.207
4346,8-27-1995,6.369
1358,7-10-2003,25.01
6346,9-13-1993,23.57
318,9-2-2020,19.80
4074,7-31-2018,28.32
2191,11-21-1993,15.63
6735,10-8-2011,13.04
7306,1-7-1994,12.62
2705,10-28-2013,21.51
4655,5-25-2007,16.38
7012,11-10-2017,26.08
1028,6-11-2016,22.23
3015,3-3-2019,21.02
6971,10-28-1992,15.67
6970,7-22-2012,6.647
2099,1-1-2019,26.21
527,8-11-2015,11.16
349,1-29-2002,28.17
5880,4-2-1995,29.96
4505,3-14-2002,22.24
1140,1-23-2000,19.29
122,12-18-2005,12.23
6876,12-25-2004,10.60
1407,2-27-1990,19.74
2407,1-19-1995,8.767
1413,3-18-1995,27.14
3065,10-18-2010,7.376
7076,9-28-2010,26.12
6977,6-20-1998,21.90
4478,12-16-1995,30.02
2208,10-7-2003,9.378
2226,5-30-2004,7.939
4726,1-23-2021,13.99
5510,12-15-2014,21.50
5144,4-22-2020,16.21
5131,3-3-1991,22.60
109,10-20-2004,24.83
4455,12-23-2013,9.004
7094,12-25-2003,14.25
4907,5-24-1997,5.906
4901,7-15-2016,12.61
174,2-10-1998,19.54
5235,12-8-1990,15.49
3964,2-13-1989,29.37
4686,7-7-1994,13.96
4306,4-1-2013,12.86
6955,6-3-2011,22.72
662,9-13-2011,14.43
5376,8-30-2012,10.77
6616,3-7-1996,29.31
527,10-16-1997,12.43
4636,10-3-2017,26.42
2194,7-15-2017,16.75
4597,7-16-2017,20.58
1450,12-1-2020,18.08
6445,8-30-2001,16.67
1680,5-5-2006,26.53
4014,12-2-2000,18.72
4443,10-11-2007,29.61
4009,3-28-2018,29.13
1955,2-11-2012,17.33
7095,5-31-2011,28.94
6485,9-4-1997,11.26
3313,1-2-2011,14.71
6076,5-18-1991,19.99
541,12-14-1992,26.58
2723,7-27-1991,6.423
5545,9-23-1999,29.90
2198,7-4-2018,19.93
6030,3-22-2002,16.87
4341,11-27-2021,26.25
4599,9-9-2012,8.380
5388,1-6-2021,19.03
4242,2-1-2002,7.919
3092,2-18-2010,25.37
803,5-5-2017,17.52
888,8-27-2008,8.406
763,11-21-2007,15.51
5100,6-26-2015,8.955
4115,1-2-2020,9.881
4501,8-4-2001,27.26
4123,6-2-2006,5.970
7280,5-20-2011,16.53
2433,10-26-2000,11.00
1613,11-18-1999,18.00
4480,5-26-2002,16.64
682,1-17-1999,6.466
5021,6-9-2020,22.17
3033,5-25-2016,16.55
756,2-27-1995,10.31
3733,11-14-2012,12.77
5596,1-27-2000,26.06
3906,3-15-2017,11.67
4041,9-23-2006,24.72
5516,6-12-2016,16.99
920,2-22-2013,25.09
6515,8-19-2004,9.612
6987,8-15-2000,24.76
5314,2-23-2004,24.61
6731,6-14-2013,30.39
6437,11-4-2010,15.17
754,9-10-2001,7.189
5516,1-14-1989,10.26
2252,11-3-2021,25.09
409,1-17-2007,29.67
6129,8-2-2014,12.22
3937,2-17-2005,9.913
257,1-31-2016,24.25
67,5-19-1991,7.107
294,8-24-1999,11.52
4890,8-3-2009,25.87
1984,2-1-1992,18.34
18,11-22-2017,15.43
3131,1-18-2021,27.12
6266,2-25-2000,29.93
357,7-24-2021,15.01
5820,5-25-2013,13.48
3520,5-3-2006,10.69
1726,7-22-2011,21.15
1425,8-17-2018,15.76
1980,4-21-1994,14.60
6073,8-29-1992,16.95
7394,10-22-1992,21.67
4445,11-22-2008,15.70
5180,8-13-2010,18.46
2026,11-11-2019,16.10
2893,6-22-2011,14.46
203,3-18-2002,15.90
3550,5-3-1990,23.70
3274,8-22-2003,14.04
516,12-16-1989,16.64
4977,1-13-1989,28.34
6624,7-16-2006,8.812
2452,6-1-2019,12.16
5807,9-1-1989,10.29
124,6-6-2002,14.55
727,5-4-2004,23.78
5520,9-15-1989,11.04
4138,5-19-2007,9.601
6871,5-30-1990,6.983
4967,1-30-2011,26.14
408,6-25-2016,28.66
4282,6-22-2003,8.580
2773,3-12-2014,9.573
3207,11-3-1990,26.27
2919,2-8-2007,9.891
7188,9-17-2016,7.232
2197,4-2-1997,11.70
1696,1-28-2013,23.48
6960,12-4-2012,8.512
5772,1-5-2019,15.34
3412,3-31-1995,6.127
212,8-18-1999,7.640
4643,12-24-2011,20.64
4795,10-23-2016,20.23
158,5-26-2005,18.85
7060,4-21-2001,11.84
408,1-22-2002,14.29
916,11-30-2008,23.75
5686,3-12-1994,12.49
3809,7-11-2003,13.08
7148,11-1-2011,13.12
4945,6-23-1998,7.961
3089,7-24-2010,28.78
1638,1-9-1991,25.10
6830,10-22-2008,27.32
3810,12-12-2003,19.87
4708,8-23-1990,14.74
1437,6-19-1995,22.60
3735,4-16-2005,30.45
3805,8-6-2017,28.76
3145,10-15-2004,6.784
5296,1-25-1991,29.71
7117,10-17-2017,7.400
3679,4-7-2002,16.23
468,1-27-1995,25.35
5083,10-23-2014,27.85
2797,8-1-2003,17.38
550,7-11-2015,8.247
1504,9-26-2017,15.96
6763,9-22-1989,13.50
825,7-10-2015,19.53
1788,6-26-1995,17.10
7304,3-13-1995,9.460
2969,5-11-2015,25.44
5704,5-26-2021,18.84
3442,4-13-2020,23.85
403,5-26-2017,15.36
2145,5-23-2002,16.99
7476,10-16-2002,26.63
1149,10-30-2021,11.15
2321,7-12-1997,12.21
2856,6-22-2001,15.87
6748,2-19-2004,16.66
134,5-29-2019,26.84
6968,1-25-1996,11.79
3972,12-19-2002,14.30
3455,8-17-2014,17.95
3952,4-16-1999,25.56
3416,2-3-2012,12.27
4279,5-17-1996,25.34
1287,5-22-1990,19.83
954,7-1-1994,25.39
855,4-23-2007,17.90
1794,6-21-2018,9.699
3662,10-22-2019,9.374
5613,3-24-1992,24.18
1404,12-18-2008,28.06
2298,9-24-2000,20.53
7435,4-21-2016,29.09
2050,1-4-1997,11.08
6917,10-15-2002,6.194
4614,7-14-2002,26.43
6060,6-14-2021,14.78
1999,2-15-1999,6.412
5080,4-24-1992,17.54
6537,12-27-2016,18.67
5788,11-2-2005,13.82
5371,2-1-1996,25.26
5157,9-1-1993,9.501
5118,3-8-2018,11.83
7008,12-6-1994,28.73
7506,2-7-1997,16.53
5700,1-19-1995,22.47
5691,8-30-2013,12.06
954,7-19-2019,19.73
1610,1-8-2007,14.37
7391,1-7-2008,27.41
1243,3-26-2012,12.21
7507,9-12-1991,29.75
297,4-5-2012,6.911
1977,9-28-2005,9.082
3783,3-27-2013,7.574
6495,7-5-2002,6.775
7173,7-20-2003,6.614
1511,9-28-2017,20.61
3611,4-30-2006,22.88
6357,3-14-2020,9.983
5402,1-15-2000,24.42
3144,10-6-2021,27.11
6962,9-23-1994,15.58
5579,6-8-2007,5.550
3852,9-26-2009,22.75
2789,12-26-2011,11.64
101,12-11-2009,6.336
829,3-28-1994,29.44
7131,12-29-2012,8.416
7382,8-7-1993,28.44
380,7-10-2003,20.33
2020,10-29-1995,27.19
2048,3-2-2016,9.279
5082,10-14-1989,8.962
7226,2-22-1996,22.50
4655,4-14-1996,21.07
3531,11-5-2021,23.16
1137,1-11-2010,18.53
6265,11-26-1994,26.53
5837,12-2-2018,13.69
6617,12-30-2004,25.30
6313,6-17-2020,7.615
6904,1-2-1997,5.806
1070,1-21-2003,27.62
6574,12-20-2004,7.438
5289,10-1-1992,24.90
7175,1-6-1999,27.72
7435,3-4-2013,21.27
4214,1-23-2001,18.37
7202,8-14-2003,13.17
2548,5-6-2016,14.58
5621,4-21-2007,8.583
2060,6-24-2010,27.79
1922,10-30-2003,8.257
5739,10-6-2000,10.43
5512,12-26-2004,21.29
2672,7-28-2011,19.95
248,3-28-2012,8.900
5875,7-3-1997,12.59
4713,3-4-1999,19.97
6349,12-17-2007,21.10
3163,11-11-2011,14.17
6303,9-4-2005,20.82
5964,4-21-2010,7.580
515,3-16-2009,7.603
5890,2-16-1995,19.62
4516,2-6-2002,15.24
7252,6-19-2000,12.08
3122,1-3-2000,23.15
107,3-9-2015,6.075
5794,5-7-2006,14.31
227,11-23-2003,27.31
5314,5-21-2002,8.736
7313,7-18-2017,8.911
5444,12-5-2009,23.91
6663,4-10-1995,15.25
2043,10-8-1994,12.36
2090,1-25-1996,21.28
800,3-10-2007,28.30
4389,8-6-1997,19.86
4180,7-14-1989,22.01
204,6-12-2008,21.20
4375,11-4-2010,20.57
3403,12-22-2003,13.05
1014,11-2-2012,14.02
823,5-23-2013,13.85
6720,12-29-1998,30.20
5151,4-27-2001,25.41
7497,11-16-1990,12.63
1092,9-2-1992,19.77
888,4-20-2012,28.65
6731,5-1-1998,11.85
4146,6-10-2009,17.89
7514,3-23-2017,11.32
1869,5-15-2004,19.22
3678,8-9-1990,8.479
3004,9-30-2017,14.98
5177,12-13-2018,30.08
7172,9-11-2011,14.24
2609,11-30-1990,8.274
3107,10-30-2003,19.01
566,3-14-2014,12.93
4194,4-16-2003,13.99
5218,7-15-2003,22.88
5839,9-19-2005,21.16
4243,2-3-2016,15.01
6655,2-27-1993,30.27
6523,12-4-2004,29.92
3269,10-27-1997,28.70
3324,10-20-2020,26.85
7362,4-24-2002,20.31
1332,7-11-1992,6.138
3405,11-22-2006,23.35
5621,9-12-2019,26.07
5064,8-27-2007,16.70
340,12-24-1996,30.15
6947,2-14-1994,11.59
617,7-27-2013,21.90
5869,10-5-1989,17.28
2754,7-16-2021,21.26
679,2-4-2004,26.76
4461,8-23-1990,21.68
4804,8-8-1999,14.68
4587,2-18-2010,24.12
3883,4-29-2013,9.531
2749,1-15-1991,30.24
4612,12-10-2004,12.99
7161,11-22-2019,29.51
5340,7-29-2008,24.32
5317,7-8-2012,13.26
1270,2-3-2007,25.14
5935,7-28-1991,7.844
5527,4-21-2003,15.22
5899,2-12-1992,22.43
5012,8-13-1991,23.36
2786,1-8-2012,18.54
5471,9-15-1999,21.08
4178,7-15-1996,22.49
2664,10-30-2000,14.58
1197,3-26-1998,11.06
1307,4-2-2019,6.623
2374,9-30-2006,9.742
347,1-15-2018,24.25
4476,2-26-2004,17.60
4482,9-3-1994,29.58
3415,7-28-1999,26.32
1742,12-17-2005,19.65
1203,10-13-2020,7.516
1336,10-8-2003,18.01
5578,7-11-2021,15.59
520,11-13-2019,15.64
3574,2-1-2020,24.86
3082,4-25-2001,19.69
1184,11-15-2000,12.79
6909,4-8-1998,6.714
7289,3-29-2007,12.55
7404,9-30-2016,23.45
4846,11-2-2020,22.49
6816,9-18-2008,7.692
298,6-26-1992,16.73
2920,8-17-1992,10.00
1900,11-13-2000,28.77
3464,9-1-1997,19.60
2386,3-28-2013,9.110
326,5-31-2003,20.06
4324,3-29-2004,22.02
5912,9-14-2016,24.63
2397,2-7-2016,23.94
4425,5-27-2020,20.16
1229,5-17-2004,30.00
1874,8-1-2005,20.31
6721,5-18-1997,5.961
4020,9-16-1995,29.22
6295,10-13-2017,16.56
1271,11-30-2000,6.925
3038,7-18-1994,28.91
2141,5-23-1995,13.12
5011,6-10-1999,22.49
7408,7-24-1989,24.39
7289,2-18-2020,10.51
8,4-19-2004,23.56
742,9-22-2009,9.824
6738,6-1-2007,24.91
3167,1-27-1995,17.24
3930,5-1-1999,7.516
4361,2-14-2020,25.72
1493,2-18-1999,15.96
1126,7-12-2008,17.11
6739,6-25-2020,22.49
5981,7-23-1995,29.52
5675,7-21-2009,17.19
4267,8-2-2002,28.94
3621,1-3-1996,18.46
2995,4-8-2001,19.20
2864,5-12-2005,20.33
802,6-17-2016,17.05
3021,1-1-1996,23.62
6997,11-22-2008,29.93
6657,8-22-1997,26.43
7308,1-23-2008,23.54
4797,3-19-2011,24.20
4388,3-17-2008,22.00
7079,4-12-2021,17.94
3387,12-15-2005,5.872
3259,10-28-2013,15.57
6443,9-4-2001,12.60
6542,2-9-1996,25.73
416,10-26-1996,21.81
2905,3-2-2012,7.712
4179,8-8-1989,22.49
5126,7-14-2018,28.51
7365,1-7-2005,18.37
7366,1-2-2000,26.01
3028,11-22-2014,17.36
2062,3-21-2009,27.16
4814,8-28-1989,22.88
6477,2-28-2015,28.50
1676,5-30-2001,7.465
3093,11-30-2019,13.60
4605,5-11-2014,6.392
6725,4-21-2004,9.612
3447,1-30-1999,23.76
143,4-15-2014,30.25
4082,5-5-2021,9.034
5245,12-9-2015,29.27
3155,6-25-2002,28.04
3134,1-27-1993,24.72
6309,9-16-2012,10.12
1540,4-3-1992,30.08
4683,9-22-1991,20.15
3525,4-22-2008,10.84
4020,11-29-1993,23.34
3036,2-11-2001,19.09
4196,2-28-2013,20.31
7457,4-5-2016,6.211
4554,9-27-2018,14.65
530,3-19-2011,18.66
3928,1-28-2005,14.20
1160,10-4-2014,9.667
7223,7-28-1995,26.93
7342,3-8-1996,17.73
5517,6-28-1990,25.82
168,11-30-2002,23.79
7296,6-11-1999,13.26
6665,3-27-2014,16.55
6048,9-25-2015,21.25
1120,12-17-2006,23.03
807,7-2-1994,28.88
395,9-17-2013,9.575
4186,6-3-1994,23.34
6765,8-10-1992,28.39
5838,6-21-2003,7.279
7275,11-12-1992,14.31
6373,10-7-2019,13.39
1370,7-10-2013,14.86
5799,10-12-1994,7.478
1518,10-18-2008,14.35
174,4-17-1997,18.60
4288,1-16-2016,29.78
589,1-4-1989,26.34
2992,8-5-1999,10.05
1825,10-2-2012,7.140
5771,5-7-1997,13.45
5022,10-26-1993,17.11
6855,9-9-2017,11.59
48,7-10-2005,17.23
6626,12-2-1990,18.35
5421,12-18-2000,20.10
1055,10-21-2020,24.12
4536,1-15-2012,5.694
3172,6-28-1997,15.58
1804,1-25-2013,22.91
381,12-5-2021,26.19
732,8-25-1996,12.77
814,3-1-1993,26.03
123,4-8-2005,26.49
2420,8-12-2017,20.09
5836,7-6-2011,28.98
5725,1-26-2016,13.62
3595,7-9-1998,14.51
2586,1-29-2016,6.546
3655,3-8-2014,16.66
115,12-3-2008,7.696
3218,9-30-1998,8.367
1029,1-3-2014,9.434
3612,7-3-2019,6.811
4208,9-4-2003,19.34
4289,1-5-2012,26.05
4596,5-20-1997,19.55
5632,1-20-1993,5.959
1004,7-18-1998,10.25
5509,11-25-2001,20.05
1136,7-3-2011,18.85
507,2-19-2005,28.44
939,12-2-1996,26.96
6467,5-3-2009,17.85
6142,5-31-1998,13.53
485,11-13-2006,23.78
4747,5-14-2004,8.421
3593,4-30-2012,20.17
7012,2-4-2021,19.80
2103,9-11-1992,28.50
6858,9-5-1999,11.68
5164,11-3-2003,19.32
7412,2-10-2000,23.19
2487,11-26-1995,20.68
2490,7-4-1993,19.68
4718,10-28-2004,20.80
4193,6-29-2014,15.02
1852,8-3-2017,18.23
4861,3-6-2006,10.35
1044,1-19-2012,23.35
1908,6-18-1992,22.92
253,12-28-2015,25.34
674,10-3-1997,29.17
1922,6-22-2002,9.435
4452,3-25-1996,10.34
5558,9-19-1992,25.80
788,6-3-2005,15.15
2694,7-7-2008,12.14
109,6-24-2018,23.04
2944,2-14-1997,12.79
6437,1-1-2000,11.33
3884,11-20-2005,14.06
5844,12-27-2007,12.75
7377,2-28-1997,20.46
6785,4-8-1996,25.44
1114,5-4-1995,6.578
4200,3-30-2021,7.417
3870,9-7-2013,15.13
3861,10-23-1998,6.912
7157,2-23-2009,11.15
6913,11-19-2019,19.01
4601,2-3-1997,27.42
6549,3-18-1995,23.22
736,11-20-1992,27.24
2768,10-25-1997,17.27
3121,1-13-2011,15.43
4984,6-11-2007,27.76
3291,1-16-2003,22.95
3495,5-22-2003,10.66
3146,1-23-2015,29.04
3723,10-6-1990,8.727
1562,2-8-2020,8.170
1379,12-11-1998,17.44
5854,4-24-2012,28.62
1763,5-21-2011,23.30
6874,12-27-1991,5.983
6624,11-8-1989,12.18
5197,9-15-1990,20.60
2205,8-1-2021,22.56
3198,11-29-2013,9.449
5555,5-28-2009,22.68
3370,3-30-2019,16.81
5,1-8-1991,13.27
6558,11-29-1997,7.144
1042,10-24-2009,21.70
700,3-16-2020,29.64
7131,9-21-2017,11.85
3520,1-20-1989,15.96
1276,3-29-2006,23.26
4478,3-5-2010,7.443
4006,10-20-1990,17.20
7488,7-22-2001,25.80
680,8-7-2002,16.79
1262,4-3-2005,11.62
573,6-30-2004,13.39
3567,6-25-1997,14.95
1349,11-15-1989,7.141
7112,7-4-2019,20.88
7164,11-18-1991,10.12
2075,9-24-2015,13.78
2325,2-22-1990,13.33
6597,3-13-2011,21.33
5562,2-4-2004,23.16
2611,6-8-2011,23.23
5500,6-28-2018,8.184
4464,5-10-1999,10.80
6005,8-24-2019,10.54
2330,4-29-2017,27.22
1094,7-16-2014,20.90
3219,1-8-1999,12.82
5717,8-25-2000,16.95
3286,7-17-2019,7.908
5621,4-26-2018,27.02
4118,5-21-2008,21.91
2117,1-23-1997,6.461
4412,6-20-2009,20.36
539,1-12-2010,22.09
7026,6-26-2004,22.26
2145,7-21-1995,28.98
3428,7-7-2018,26.08
5535,3-16-2012,23.55
5814,5-22-2002,23.05
5147,10-29-2014,30.33
2680,2-28-2021,25.28
201,5-5-2015,19.20
5500,2-6-2002,30.14
6935,5-8-2019,27.87
6296,12-26-2014,22.87
919,3-26-1994,5.620
4050,2-16-2001,14.38
4595,10-13-2021,24.07
567,5-14-1997,29.02
3771,2-9-2011,18.94
5124,11-6-1992,9.973
1506,8-2-1989,20.86
4003,1-3-2012,11.07
2884,11-19-1995,8.977
3802,6-5-2003,12.94
5648,4-21-2008,13.65
679,10-15-1990,27.46
3625,9-17-1989,12.39
1736,12-14-1996,23.36
7337,11-5-1990,10.13
2368,2-25-1998,12.74
2282,3-5-1990,11.39
7210,5-23-1994,28.01
981,2-8-1993,7.942
2685,3-10-1989,28.65
4296,10-28-2015,27.52
417,7-27-2011,29.08
1171,2-7-2016,23.55
160,3-15-1989,13.32
4495,8-6-1994,9.934
5456,2-20-1989,14.41
6795,5-9-2004,22.76
5701,1-2-1990,29.22
6227,8-1-1990,6.380
4596,4-19-2017,7.369
4755,7-24-2020,20.95
974,7-10-2000,29.91
2974,2-8-2011,12.77
2593,10-29-2000,22.82
2115,6-11-2008,18.25
817,6-8-2014,30.41
6613,5-9-2004,5.923
4658,11-29-2020,10.01
3360,6-16-1992,15.05
6084,5-10-2019,23.73
558,5-31-2004,26.55
2100,6-29-1997,19.72
4140,12-1-2009,19.04
1267,10-21-2003,15.80
1224,6-12-2014,17.48
4249,12-6-2017,29.24
6617,4-24-2020,12.08
3855,12-3-2012,14.14
2421,9-4-2006,29.78
6118,5-6-2016,12.13
6176,4-12-2017,22.43
5909,11-30-2005,15.06
6755,1-23-2014,29.20
2232,10-26-2000,18.66
2162,6-21-2006,5.886
4113,12-6-1999,15.62
5299,10-26-2014,8.792
3243,3-22-1998,27.71
4492,2-19-2011,9.326
5753,6-4-2013,23.41
2726,11-17-2006,9.881
6754,2-22-2018,20.32
4362,6-18-2006,20.83
816,11-27-1999,10.09
6587,3-24-2004,28.00
1095,10-14-2016,10.40
7272,8-27-2001,13.99
6111,5-17-1994,7.262
2500,8-2-2001,25.67
3149,4-9-2013,23.56
2321,3-4-2008,23.97
4719,5-25-2021,25.03
847,4-30-1994,10.58
6983,5-12-2011,23.21
7070,9-13-1993,13.30
5546,6-27-2016,9.417
7098,7-22-1989,8.570
4198,8-6-1998,21.85
6993,3-23-2006,6.061
4911,3-9-2002,12.98
4596,4-6-1999,18.99
5281,7-20-2007,28.75
1843,11-12-2020,16.67
5668,10-20-2007,26.23
1277,4-11-2017,24.47
3760,7-18-2019,12.91
5792,2-24-2010,6.839
7087,7-2-2011,16.22
4437,12-10-2001,24.04
3174,2-13-2007,29.76
5713,10-5-2014,13.53
4024,8-2-2011,28.47
1988,5-23-2011,22.08
1140,8-10-2000,27.30
5714,1-14-1990,24.81
4228,1-12-2020,28.37
6029,12-3-2015,8.051
241,5-17-1999,12.22
5261,2-20-1995,13.35
7212,2-22-2008,28.15
3329,12-6-2020,29.34
7270,12-26-2006,15.84
6731,7-9-2020,23.51
6256,7-14-1999,10.17
2555,6-3-2014,25.47
1283,3-28-2006,13.81
2172,10-10-1990,6.901
2530,4-20-1999,24.90
3875,6-29-2000,12.26
1758,11-13-2015,29.50
5321,8-16-2014,20.79
495,2-7-2012,21.21
2728,3-23-2018,16.60
3266,2-15-2008,10.61
2951,1-28-1993,17.48
2201,12-2-1994,19.23
4473,11-13-2001,15.43
2675,8-6-2002,24.21
1391,6-16-2011,12.02
3403,12-27-2002,9.061
3003,3-8-2011,27.95
7113,12-28-2021,14.36
6075,10-15-1989,24.52
3689,5-4-1994,7.642
632,5-29-1998,25.21
6241,3-10-2003,5.838
252,7-20-2005,8.175
2100,4-29-2018,5.550
1847,4-9-2005,17.33
6707,12-8-2006,19.57
5347,11-4-1989,27.96
5451,9-23-2004,7.922
7256,5-15-1994,11.87
3318,3-14-2006,16.18
2798,8-1-2007,12.19
3313,8-18-1999,13.77
215,9-12-2014,9.861
7158,4-27-2011,5.892
6215,3-26-1997,24.75
6451,10-23-2016,14.05
7487,10-2-1992,24.88
6011,8-20-1992,24.33
6168,6-29-2014,13.18
4459,11-12-2015,26.12
3997,11-2-1998,6.580
6560,8-2-2021,7.438
6490,2-21-2019,24.79
5789,3-16-2005,22.15
4270,3-2-1994,19.97
462,5-28-2008,7.640
532,12-30-2009,11.32
5061,5-6-2010,10.70
5461,1-20-1998,10.25
6967,7-6-1995,30.01
5541,1-25-2003,25.21
5779,8-16-2021,20.61
6410,7-11-2021,25.41
5019,11-19-2006,26.85
6274,7-9-2020,26.45
2401,12-13-2021,12.22
3794,7-3-2010,28.07
6051,12-22-2016,27.93
3388,6-15-2017,17.75
4332,7-3-2009,23.64
840,11-15-1996,17.34
4955,6-9-1997,27.00
1620,1-2-2015,14.06
4346,12-26-1992,27.76
4627,9-21-2006,8.083
6333,10-4-2010,13.51
2669,5-5-2017,9.624
4613,11-29-2019,6.903
6754,2-23-2018,30.06
4784,2-26-2017,15.53
1195,4-28-2015,10.24
1974,1-15-2003,11.23
6332,2-12-2003,21.05
6,7-10-1996,19.43
5794,9-30-1989,21.44
7316,5-27-2007,8.973
370,11-8-1995,7.152
316,12-28-2001,23.67
6721,8-24-1989,16.68
357,7-8-1996,24.98
4022,10-2-1992,13.15
6739,5-23-1999,23.60
3589,2-11-1999,15.62
2440,2-11-2009,18.53
5375,8-14-2017,11.58
3963,7-11-2001,16.60
7502,9-6-2008,10.83
2559,7-4-2012,8.660
5920,7-19-2017,11.88
6356,6-14-1994,11.82
1945,12-3-2001,28.72
6356,1-19-2017,28.30
495,2-2-1999,12.72
1364,5-20-2014,12.26
6688,8-6-2005,28.62
3007,11-9-1992,8.284
1470,6-29-2009,21.98
5246,8-22-2004,28.70
2906,7-16-2018,8.141
1840,10-25-2016,9.253
7427,2-11-2006,22.03
4393,11-29-2007,8.155
5664,7-3-1996,15.04
6023,9-10-1997,16.15
4742,3-15-1994,16.01
1254,3-5-2015,13.62
27,4-15-1992,29.45
5438,2-12-2019,18.50
1067,3-17-2002,8.406
1125,9-24-2007,11.95
4702,3-1-2003,16.40
1842,4-27-2019,5.545
1143,1-19-2001,6.886
419,11-23-2001,6.672
4604,4-15-2006,30.28
6521,4-21-2014,6.787
731,2-15-1991,19.39
1110,1-9-1994,17.53
7312,9-15-2014,23.36
2436,8-29-2005,21.53
1770,5-1-2009,22.36
6606,12-1-1993,12.70
3330,9-30-1993,24.34
2391,5-26-1990,24.03
2664,8-19-2017,15.65
191,7-16-2000,30.36
6316,3-18-2002,11.31
6719,2-22-2005,22.55
7382,7-14-2010,18.73
4773,10-1-2009,24.40
5587,9-28-1993,6.785
5397,12-26-2000,19.39
4975,2-6-2014,20.89
576,2-10-1991,11.52
3970,8-17-2002,7.686
3412,12-5-1994,6.504
3781,9-7-2006,22.02
1884,5-25-2018,19.32
2871,6-25-2010,16.69
7023,1-15-1990,20.15
4264,8-30-2010,22.61
6178,8-3-1996,27.33
7462,11-22-1995,15.41
6134,3-22-1995,18.21
3309,11-8-2004,19.25
5144,5-16-2007,8.026
2471,12-25-2016,14.63
2741,9-12-2015,19.85
3316,10-9-2005,6.026
461,11-11-2019,7.292
3821,4-23-2001,5.505
3612,6-5-2005,7.324
3559,7-16-1989,16.98
3756,5-2-1994,9.091
1633,5-31-2008,12.50
4174,10-2-2006,17.36
1312,10-17-1991,6.850
5991,2-1-1998,13.89
5309,8-27-2020,6.930
1872,1-21-2009,16.60
7355,9-17-1996,13.18
5959,11-28-1989,30.16
393,6-19-1999,20.55
7380,6-14-1989,16.71
1464,7-23-2010,6.485
876,3-14-2012,22.01
4545,8-20-2014,30.16
1523,11-2-2017,29.83
6008,10-10-2002,17.01
4559,8-16-1998,22.14
2317,5-2-1992,20.87
4395,1-19-1996,28.22
5112,8-30-2014,15.96
4851,2-4-1993,18.36
2827,10-2-1990,30.17
1305,8-23-1995,12.83
3609,9-6-1996,21.10
5260,9-20-2015,8.939
3834,12-21-1989,7.045
3157,6-8-1992,19.47
7181,4-24-2005,25.70
866,6-12-2016,7.389
1665,11-24-2010,12.12
1549,1-20-1992,8.611
4389,5-20-1995,5.760
3295,5-22-2010,7.920
1245,5-29-2010,11.76
5532,7-6-2002,24.05
4131,9-22-2010,20.83
7304,5-4-2008,14.45
946,11-11-2018,26.99
6821,8-21-2007,28.85
3999,4-17-1989,12.13
1664,1-22-2019,9.853
3029,1-15-2005,10.86
5302,4-10-1989,28.72
4518,1-22-1997,22.32
6360,8-4-2009,6.788
717,8-25-2011,11.92
4020,7-2-2001,13.45
93,3-24-2007,26.63
6273,1-27-2019,30.32
4695,4-3-1989,23.29
6227,7-17-1996,23.76
2076,5-15-2003,21.70
5672,6-23-2009,26.58
2078,7-14-1999,23.20
4504,1-31-2014,17.65
4281,3-13-2014,7.337
4030,7-22-2005,6.555
3759,12-20-2017,20.44
1280,6-5-2021,7.306
4751,6-28-2014,29.54
4366,9-2-1995,14.95
97,10-25-2004,10.85
7173,6-5-2016,30.43
907,8-7-1993,10.57
5841,11-4-2000,12.63
2405,3-11-2004,14.94
3201,5-4-2012,9.603
4956,1-21-1999,15.84
3839,9-7-1996,22.22
7063,2-21-1994,25.66
908,8-20-2002,7.180
4637,6-18-1994,17.36
4498,3-27-2017,26.45
2293,3-24-2021,18.33
5739,2-14-2019,10.20
6216,5-24-2017,21.07
1602,6-28-2000,17.03
6665,12-17-2016,18.34
2558,9-14-1999,14.06
6803,3-4-1993,16.43
4294,3-4-2015,14.65
5675,4-9-2002,22.63
4623,11-3-2015,25.96
2000,11-16-1990,11.21
6352,12-23-2013,18.63
648,3-7-2017,9.104
7496,7-21-2008,24.85
6446,10-21-2000,8.041
5362,11-30-2005,26.12
2541,8-3-1994,17.76
7114,6-28-2002,10.57
3199,3-14-2006,26.22
6370,9-10-1994,6.840
6219,12-27-1998,15.22
2064,8-2-1991,27.12
7094,11-3-2007,14.94
2342,5-24-2016,23.01
1957,10-7-2018,10.09
6036,6-20-1989,9.580
1999,5-7-2015,15.83
2160,12-2-1992,25.16
1380,6-23-1992,18.14
6210,8-27-1993,30.08
7224,3-30-1992,14.41
4451,10-28-1998,22.71
2859,3-3-2005,13.50
5992,12-22-2018,27.51
2832,11-20-2018,17.90
6688,5-17-2006,15.12
5950,7-27-2016,14.93
1083,2-18-2004,14.06
2455,4-3-1999,17.96
2622,3-16-2019,23.38
3744,5-22-1999,29.56
4865,7-9-2006,29.32
7196,8-17-2017,21.78
1580,4-25-2020,11.96
666,3-16-2013,27.42
7314,12-28-2011,12.40
5646,3-22-2016,10.38
214,11-5-1999,7.304
6492,3-4-2020,10.85
4816,6-22-1996,10.07
7314,11-10-2018,22.78
1696,1-7-2006,19.39
4186,4-3-1998,9.286
4336,4-23-2021,10.29
5674,7-13-1990,22.21
1484,3-20-1990,7.363
6554,4-23-2009,26.25
5784,9-21-1993,14.65
313,1-21-1999,21.30
7210,2-5-1991,15.42
6818,5-31-2019,7.743
2610,7-25-2005,24.82
5095,12-3-2021,15.80
2667,5-23-2012,20.65
4890,9-22-1990,14.95
6980,2-9-2002,11.97
4868,6-4-2019,7.745
6898,8-11-2015,26.83
2636,4-29-2004,28.77
6170,12-22-2011,14.43
5376,3-15-2017,26.26
4621,11-20-1993,21.50
6455,11-25-2018,9.299
6646,4-21-2008,8.196
3405,8-16-2011,20.48
2931,10-12-1989,28.92
761,7-5-2013,28.45
1090,2-16-1996,20.97
3369,4-6-2008,25.23
2751,3-29-1997,12.42
6191,3-17-1991,25.15
5364,8-13-2012,21.43
1934,10-12-2005,25.30
7265,8-21-1993,19.62
2724,10-11-2021,11.94
1726,11-8-2020,17.28
4600,3-17-2014,28.10
5768,1-9-2003,5.996
6729,7-16-2021,27.43
163,7-27-2007,16.21
5227,8-2-2005,27.73
5563,3-19-2008,17.84
1713,3-9-2004,28.93
5854,6-27-2000,26.66
1769,3-30-2018,12.76
2921,5-24-2008,26.67
6588,8-27-1991,8.817
5473,7-20-2021,28.32
2984,7-10-2010,17.69
4399,10-24-2007,25.97
4125,3-29-2015,24.99
6858,7-5-2014,19.49
4649,2-11-2010,25.44
7118,2-9-1993,26.91
5383,3-3-1995,30.44
1949,2-9-1997,16.22
5659,9-13-1991,13.97
2701,3-1-2014,25.43
4569,8-2-1998,22.96
5027,11-19-2000,26.85
4525,10-20-1989,15.76
3711,1-30-2006,6.665
2213,9-28-2008,13.68
3050,5-2-1990,16.70
1295,10-29-2016,24.32
696,2-25-2021,25.29
119,5-20-1991,11.70
4242,6-10-2006,13.64
1406,11-9-2001,12.46
2945,5-23-2005,10.45
3554,10-3-1997,10.21
262,8-24-2008,27.63
3756,11-2-1990,15.41
9,6-7-2009,5.786
781,1-13-1990,30.11
599,11-8-2013,27.14
3996,9-14-1994,22.43
7008,9-11-1994,14.54
4094,1-26-1990,7.485
3401,8-25-2003,24.39
3004,8-12-2019,24.27
3693,7-5-2008,7.662
718,11-19-1992,19.82
98,3-23-2017,20.11
2683,1-29-2005,12.84
3432,4-7-1995,20.83
1051,8-18-2019,14.06
2287,7-5-1994,30.34
3527,3-17-2002,8.787
1977,10-27-1995,9.592
3160,11-12-1993,13.49
4522,11-30-2016,18.92
2616,5-13-2003,5.780
4040,6-16-2021,18.92
3071,9-25-1993,6.809
2900,12-21-1993,12.86
1618,12-4-2012,14.18
2619,10-10-1999,26.19
663,8-18-2005,24.81
5307,11-9-2008,7.295
6012,1-26-2015,19.45
5943,1-31-1995,10.69
1083,8-7-2021,27.61
3693,1-9-2000,29.51
4281,12-27-2018,28.93
4548,5-29-2003,22.96
262,9-29-2021,15.33
5623,2-2-2008,28.95
260,6-28-2014,27.37
6216,8-9-2013,18.48
2465,4-12-2013,27.74
3938,8-26-2019,6.249
3732,6-16-2012,23.87
4408,9-28-2017,10.51
973,4-9-2021,16.18
2220,10-28-2008,17.05
730,11-19-1996,18.85
817,8-7-2005,9.351
527,12-8-2008,9.113
4592,2-2-2016,12.45
4456,10-25-2013,17.15
6580,5-28-1999,26.44
5078,4-10-2017,17.92
2182,10-13-2009,26.35
2465,10-30-1993,6.429
6787,5-6-1996,12.16
282,11-17-1997,12.87
2482,6-27-2014,13.93
6428,5-16-2000,13.56
1298,4-20-2011,16.64
1341,10-2-2003,29.55
2030,10-7-1996,23.28
2356,6-28-2012,17.84
6771,11-8-2019,26.90
3900,7-16-2006,19.65
6525,4-13-2000,24.36
5045,6-26-2010,9.333
424,4-26-1998,18.12
6013,7-5-2005,13.58
2153,2-23-1995,15.57
4967,12-8-2010,6.194
6138,11-22-1995,16.99
1360,2-2-1989,8.506
6627,10-19-2011,25.64
165,2-9-2012,23.98
580,9-9-2009,13.33
4595,2-12-2020,24.50
7347,12-22-1992,28.44
1323,4-10-1998,17.31
720,6-21-2003,10.95
5671,4-13-2021,12.04
3398,6-19-2000,27.21
108,3-23-1996,21.09
6482,3-6-2008,12.47
6600,6-5-1996,15.66
7161,1-12-1993,16.77
487,1-12-1990,24.77
240,4-7-2008,27.81
3557,12-14-1989,14.48
3160,3-4-2009,8.905
2516,12-14-2018,22.38
2206,4-22-2020,14.61
1821,4-1-2013,18.25
5110,10-12-1994,24.30
2452,4-20-2008,23.21
2216,10-10-2011,11.78
5417,9-19-2011,11.43
4876,2-24-1997,11.34
3331,5-7-2001,13.90
5565,2-18-1994,19.25
2093,4-1-2004,30.01
6185,9-1-1998,5.606
523,9-7-1998,5.721
3600,10-26-1990,8.511
7062,5-15-1999,24.58
3878,12-4-2000,18.79
5629,3-25-2017,30.37
2106,12-12-1999,24.74
1768,7-5-2021,13.26
2698,12-29-1992,8.365
1580,5-5-2005,15.08
173,10-16-2005,9.450
655,12-12-2014,26.89
2541,4-20-2017,9.863
6948,8-21-1997,19.62
1576,5-15-2013,29.50
6908,8-16-2012,16.57
5941,10-18-1995,5.600
3071,5-22-1991,15.18
3117,1-16-2019,27.73
3407,3-4-2014,13.66
5279,2-24-1995,21.14
5160,10-13-2001,22.58
186,2-28-1993,12.68
873,5-4-1992,25.03
2902,2-25-2013,6.296
5847,6-27-1998,29.52
3306,5-14-1998,18.45
4075,10-25-2003,23.54
5024,6-19-1999,18.31
4310,5-2-2008,15.58
5446,3-20-2020,9.178
3728,2-28-2017,23.49
6355,10-9-2003,17.25
2168,6-22-2004,26.31
6475,3-21-2013,21.49
4493,7-10-2015,21.61
5637,11-10-2012,24.43
4027,1-12-2000,19.57
6003,1-12-1989,22.08
4743,6-19-2004,12.97
4828,8-21-1995,15.73
6522,7-21-2003,7.550
6078,3-19-2014,14.98
189,10-20-1995,8.408
597,4-28-1993,14.37
3028,9-17-1994,12.14
398,3-20-1994,20.16
7288,11-6-2021,21.40
3216,11-1-2019,27.97
6700,7-24-1997,17.42
7074,2-26-2003,21.08
4803,9-5-2016,11.98
3265,5-24-2011,11.66
2126,2-24-2003,10.06
3543,9-2-2011,9.745
6774,10-10-1998,5.669
16,2-26-1999,8.273
3693,11-21-2018,21.89
2364,3-1-2002,22.06
4910,1-2-2007,10.20
961,4-17-2015,20.02
4128,10-16-2006,18.90
7135,12-20-1996,26.32
7220,4-1-2017,28.88
449,1-23-1995,15.05
2015,12-29-2012,29.91
1069,1-3-2014,13.85
5100,5-24-2000,6.484
6150,9-27-1990,22.51
5919,5-29-2018,8.467
4959,3-27-2008,28.28
4579,8-2-2013,21.39
3142,2-25-2002,23.13
6225,10-8-1994,12.99
6808,11-25-1992,10.56
1627,7-6-2015,13.25
2446,2-24-2021,17.64
5605,6-5-2004,22.14
449,6-13-1991,11.47
1790,10-10-2016,5.779
2459,7-26-1996,19.68
994,4-28-2000,8.788
2662,3-31-1991,27.27
5857,2-26-1998,9.062
1263,2-10-2021,12.01
7335,11-23-2011,30.01
6460,6-7-2013,9.693
2310,10-10-1991,16.90
2705,10-24-2017,10.69
4283,6-22-1990,14.84
2634,1-10-1999,17.20
1335,6-11-2002,14.03
144,5-23-2003,26.31
1500,10-1-1995,27.28
3402,5-27-2002,14.86
5647,5-9-1999,23.31
5926,8-25-2000,11.45
4952,10-27-2013,17.34
1385,3-3-1989,17.97
1935,3-2-1992,29.34
4509,10-8-2000,6.413
5669,4-25-1996,20.44
3752,4-8-1990,11.13
3485,1-29-2001,22.66
5898,4-8-1999,7.600
5373,10-19-2013,9.300
5161,7-15-2014,22.55
6897,10-6-2018,19.25
3767,9-9-1991,29.32
2984,1-26-1997,27.32
2758,9-5-2016,9.432
7126,4-10-2005,28.50
3586,1-15-1993,6.549
4953,6-20-2001,18.60
6466,12-10-1991,29.73
6085,3-11-1998,23.80
6401,9-30-1994,14.83
3598,8-2-2004,12.10
2275,4-5-1989,6.470
2716,5-17-2000,20.35
5813,5-14-1994,14.32
6098,8-27-1996,25.62
3058,1-22-2002,19.43
2380,1-14-2009,14.98
6737,9-27-1990,20.60
1514,9-28-1997,24.19
6608,8-20-2000,7.437
2063,6-13-2006,7.993
583,3-28-2007,12.29
6880,7-12-2019,10.55
3862,12-9-2000,9.345
5871,10-10-2009,19.38
3009,1-13-1994,22.64
6407,5-20-1990,29.55
3634,6-18-2007,23.89
7353,9-17-1993,28.02
2481,8-24-2002,16.87
3777,8-23-2003,23.45
6976,3-7-2000,30.10
524,10-20-1999,15.00
1932,10-15-1990,14.42
3887,1-18-1997,17.61
6556,3-11-2008,15.04
1186,12-10-1993,26.46
1880,7-27-1995,17.85
5033,2-18-2002,30.30
316,8-21-2007,10.71
7423,3-14-2001,7.683
4856,1-20-1999,6.809
1558,9-7-1992,7.843
6902,6-18-2014,8.843
383,6-7-2018,15.57
3574,12-7-2017,26.85
4069,9-18-2005,10.59
2037,9-30-2007,7.024
4908,2-25-2019,28.22
5470,10-25-2010,14.71
706,12-13-1994,19.21
2286,9-20-2018,24.83
501,12-26-2006,20.10
3230,6-12-1992,22.09
370,11-5-1997,28.82
6257,11-16-2011,5.893
1745,1-3-2017,12.00
3472,5-12-1995,26.54
5300,12-12-2019,17.68
2449,6-23-2009,22.77
7202,4-8-2017,10.79
1018,10-23-2013,6.154
1138,9-17-1993,15.47
6520,9-2-1989,9.611
5281,1-28-1997,6.277
2740,2-7-2009,21.63
2991,7-11-1998,8.897
7336,6-22-2000,10.16
4433,11-24-1995,9.077
6508,6-12-2005,12.90
716,8-20-1997,15.95
1136,12-5-1991,17.26
7407,12-17-2018,28.52
4725,11-12-2007,12.03
3120,7-28-2005,25.28
7098,12-18-2018,15.87
4125,2-5-2001,23.65
3236,4-1-2000,11.68
3143,12-20-1997,13.46
2990,9-15-2018,8.884
1305,9-11-1995,10.22
1067,5-28-1996,5.869
2206,8-25-2005,22.03
2280,9-7-2004,8.290
883,6-19-2021,21.86
2161,7-2-1992,13.43
1206,5-2-2014,18.15
565,8-15-1990,30.46
5246,1-18-2018,7.823
4140,12-19-1996,23.76
2644,3-22-2012,8.958
3495,9-3-2007,12.04
3308,1-14-1992,20.63
444,4-6-2012,17.88
4213,4-13-2014,28.27
5063,12-18-2012,18.29
2720,6-7-2020,11.36
6384,11-20-2006,7.458
208,5-11-2010,28.88
42,2-3-2015,6.098
172,9-26-2016,26.11
3746,3-4-1998,24.01
2938,9-21-2008,6.389
6567,6-19-2020,18.80
3910,6-1-2013,21.40
3885,7-31-2015,29.12
5976,8-9-1993,8.884
4504,8-9-2002,12.04
2606,9-2-1990,29.13
5908,8-25-2020,18.87
468,12-9-2014,11.40
1001,8-25-2006,6.743
5207,4-13-2010,26.14
6948,7-3-2010,20.36
6548,9-24-2015,15.61
4537,10-24-2016,6.494
3094,2-8-2014,13.12
2138,6-4-1992,29.67
4014,9-15-2021,13.84
1556,1-13-2014,16.10
7454,5-19-2002,15.95
3166,4-22-1990,13.02
1584,6-13-1993,6.312
5973,9-25-1989,8.036
409,1-12-1990,10.76
4140,5-12-2012,16.34
4964,11-6-2002,28.71
5502,12-9-1999,8.029
1935,8-13-2016,10.04
2564,8-11-1997,28.93
2087,5-30-2001,16.64
2768,10-9-1993,9.190
2352,10-4-2005,27.54
2009,8-20-2001,21.49
1497,2-26-2001,7.294
667,6-30-2009,27.76
4602,11-16-1989,19.48
7102,12-27-2013,22.28
5289,4-7-1990,18.62
7351,6-8-1991,18.57
4374,5-6-2021,27.16
6589,10-4-2003,18.34
1247,10-23-1999,25.47
1750,5-26-2013,30.12
5581,5-31-1995,29.35
330,12-19-2017,25.69
6500,9-30-2010,13.25
638,10-29-2018,19.14
4779,6-17-1989,18.76
7066,2-26-2013,10.91
1025,11-13-1991,13.71
6604,4-10-1994,28.97
829,1-17-2014,14.57
1759,12-29-2000,5.507
1838,3-11-2018,8.150
3333,9-19-2021,29.74
4207,12-14-1990,20.46
2310,2-24-2003,20.14
4379,8-14-2001,25.83
6747,10-20-2011,13.20
7342,8-2-2012,14.38
5399,9-17-2020,17.76
6210,12-5-1992,25.96
2051,2-7-2020,8.270
3373,12-2-2021,11.64
676,1-5-2017,6.948
5866,7-17-2009,15.79
4584,3-9-2014,27.87
5779,1-3-1996,7.244
6619,12-28-2013,17.56
1771,10-4-2002,25.88
3124,4-22-1999,24.31
2452,6-16-2017,18.20
704,11-25-2005,8.630
977,10-7-2018,18.55
2847,6-29-2012,24.14
4417,2-8-2018,10.92
1159,3-24-2013,17.07
2986,3-15-2013,14.26
7286,8-14-2015,21.35
7340,1-9-2019,17.54
1172,12-28-2008,13.87
59,5-17-1990,16.95
2532,4-12-2015,24.43
6632,12-11-2016,21.24
5620,6-26-1993,6.569
7021,2-24-1989,19.00
5342,9-16-2021,20.49
1520,11-27-2006,12.73
6674,1-12-2015,11.69
701,6-10-1995,23.48
167,5-11-2009,10.95
5894,1-12-2005,25.25
4985,11-16-1998,24.33
5604,6-20-2012,29.85
5976,7-4-1995,20.01
6095,7-4-2001,25.10
4808,7-24-2000,11.15
3367,7-2-2015,19.78
824,4-21-1994,13.54
968,4-5-1998,7.550
4215,5-20-2011,28.26
6179,12-21-1993,22.80
2439,11-16-2013,11.79
5311,12-6-1991,27.39
5091,7-23-2006,10.85
6846,9-20-1993,22.08
5379,6-22-2014,24.08
6066,7-15-2014,22.91
1416,6-30-2014,21.36
2742,1-11-1997,25.78
2726,9-29-1992,10.85
1957,11-10-2004,25.96
1913,4-17-1999,26.89
1519,6-25-1998,23.26
4112,8-26-2000,10.42
5665,8-19-2014,25.09
5755,2-21-2017,23.99
3776,12-10-1996,26.31
1398,7-25-2003,14.59
6500,9-1-2014,6.572
2768,4-20-1994,16.33
